2025-12-23:11:50:50,340 WARNING  [psi4.optking:38] Some dependencies such as QCElemental have not yet finished migration to pydantic v2. If issues are encountered please downgrade pydantic or upgrade QCElemental as appropriate
2025-12-23:11:50:50,492 INFO     [psi4.optking.optwrapper:234] Creating a UserComputer
2025-12-23:11:50:50,492 INFO     [psi4.optking.optwrapper:242] 
    			-----------------------------------------

    			 OPTKING 3.0: for geometry optimizations 

    			     By R.A. King, Bethel University     

    			        with contributions from          

    			    A.V. Copan, J. Cayton, A. Heide      

    			-----------------------------------------

    
2025-12-23:11:50:50,492 INFO     [psi4.optking.optwrapper:272] 
		 -- Optimization Parameters --
	GEOM_MAXITER                   =             500
	ALG_GEOM_MAXITER               =              50
	PRINT                          =               1
	OPT_TYPE                       =             MIN
	STEP_TYPE                      =             RFO
	PROGRAM                        =            PSI4
	STEEPEST_DESCENT_TYPE          =         OVERLAP
	CONJUGATE_GRADIENT_TYPE        =        FLETCHER
	OPT_COORDINATES                =        INTERNAL
	RFO_FOLLOW_ROOT                =           False
	RFO_ROOT                       =               0
	ACCEPT_SYMMETRY_BREAKING       =           False
	DYNAMIC_LVL                    =               0
	DYNAMIC_LVL_MAX                =               0
	IRC_STEP_SIZE                  =             0.2
	IRC_DIRECTION                  =         FORWARD
	IRC_POINTS                     =              20
	IRC_MODE                       =          NORMAL
	IRC_CONVERGENCE                =            -0.7
	INTRAFRAG_STEP_LIMIT           =             0.5
	INTRAFRAG_STEP_LIMIT_MIN       =           0.001
	INTRAFRAG_STEP_LIMIT_MAX       =             1.0
	INTERFRAG_STEP_LIMIT           =             0.5
	INTERFRAG_STEP_LIMIT_MIN       =           0.001
	INTERFRAG_STEP_LIMIT_MAX       =             1.0
	ENSURE_BT_CONVERGENCE          =           False
	SIMPLE_STEP_SCALING            =           False
	CONSECUTIVE_BACKSTEPS          =               0
	RFO_NORMALIZATION_MAX          =             100
	RSRFO_ALPHA_MAX                =     100000000.0
	PRINT_TRAJECTORY_XYZ_FILE      =           False
	WRITE_TRAJECTORY               =           False
	FROZEN_DISTANCE                =                
	FROZEN_BEND                    =                
	FROZEN_DIHEDRAL                =                
	FROZEN_OOFP                    =                
	FROZEN_CARTESIAN               =                
	FREEZE_ALL_DIHEDRALS           =           False
	UNFREEZE_DIHEDRALS             =                
	RANGED_DISTANCE                =                
	RANGED_BEND                    =                
	RANGED_DIHEDRAL                =                
	RANGED_OOFP                    =                
	RANGED_CARTESIAN               =                
	EXT_FORCE_DISTANCE             =                
	EXT_FORCE_BEND                 =                
	EXT_FORCE_DIHEDRAL             =                
	EXT_FORCE_OOFP                 =                
	EXT_FORCE_CARTESIAN            =                
	G_CONVERGENCE                  =           QCHEM
	MAX_FORCE_G_CONVERGENCE        =          0.0003
	RMS_FORCE_G_CONVERGENCE        =          0.0003
	MAX_ENERGY_G_CONVERGENCE       =           1e-06
	MAX_DISP_G_CONVERGENCE         =          0.0012
	RMS_DISP_G_CONVERGENCE         =          0.0012
	FLEXIBLE_G_CONVERGENCE         =           False
	HESS_UPDATE                    =            BFGS
	HESS_UPDATE_USE_LAST           =               4
	HESS_UPDATE_LIMIT              =            True
	HESS_UPDATE_LIMIT_MAX          =             1.0
	HESS_UPDATE_LIMIT_SCALE        =             0.5
	HESS_UPDATE_DEN_TOL            =           1e-07
	HESS_UPDATE_DQ_TOL             =             0.5
	CART_HESS_READ                 =           False
	HESSIAN_FILE                   =               .
	FULL_HESS_EVERY                =              -1
	INTRAFRAG_HESS                 =        SCHLEGEL
	H_GUESS_EVERY                  =           False
	BT_MAX_ITER                    =              25
	BT_DX_CONV                     =           1e-07
	BT_DX_RMS_CHANGE_CONV          =           1e-12
	BT_PINV_RCOND                  =           1e-06
	FRAG_MODE                      =          SINGLE
	FRAG_REF_ATOMS                 =              []
	FREEZE_INTRAFRAG               =           False
	INTERFRAG_MODE                 =           FIXED
	ADD_AUXILIARY_BONDS            =           False
	AUXILIARY_BOND_FACTOR          =             2.5
	INTERFRAG_DIST_INV             =           False
	INTERFRAG_COLLINEAR_TOL        =            0.01
	INTERFRAG_COORDS               =              []
	INTERFRAG_HESS                 =         DEFAULT
	COVALENT_CONNECT               =             1.3
	INTERFRAGMENT_CONNECT          =             1.8
	H_BOND_CONNECT                 =             4.3
	INCLUDE_OOFP                   =           False
	TEST_B                         =           False
	TEST_DERIVATIVE_B              =           False
	LINESEARCH_STEP                =             0.1
	LINESEARCH                     =           False
	SD_HESSIAN                     =             1.0
	FIX_VAL_NEAR_PI                =            1.57
	V3D_TORS_ANGLE_LIM             =           0.017
	V3D_TORS_COS_TOL               =           1e-10
	LINEAR_BEND_THRESHOLD          =            3.05
	SMALL_BEND_FIX_THRESHOLD       =            0.35
	REDUNDANT_EVAL_TOL             =           1e-10
	LINEAR_ALGEBRA_TOL             =           1e-10


2025-12-23:11:50:50,617 INFO     [psi4.optking.opt_helper:164] Molsys:

	                            ===> Fragment 1 <== 

	 Z (Atomic Numbers)          Masses                          Geom                  
	      14.000000            27.976927          0.00000000  0.00000000  1.33386035   
	      18.000000            39.962383          0.00000000  0.00000000 -0.93381100   

	 - Coordinate -           - BOHR/RAD -       - ANG/DEG -
	 R(1,2)           =         2.267671           1.200000

2025-12-23:11:50:50,626 INFO     [psi4.driver.task_planner:259] PLANNING Atomic:  keywords={'DAMPING_PERCENTAGE': 1.0, 'GEOM_MAXITER': 500, 'GUESS': 'SAP', 'MAXITER': 500, 'REFERENCE': 'UKS', 'function_kwargs': {}}
2025-12-23:11:50:50,628 INFO     [psi4.driver.driver:638] Compute gradient(): method=b3lyp, basis=cc-pvdz, molecule=default, nre=111.12721424070001
2025-12-23:11:50:51,232 INFO     [psi4.driver.driver:641] Return gradient(): -815.173314429983
2025-12-23:11:50:51,232 INFO     [psi4.driver.driver:642] [[ 0.00000000 -0.00000000 -3.00213342]
 [ 0.00000000 -0.00000000  3.00210931]]
2025-12-23:11:50:51,234 INFO     [psi4.optking.molsys:944] Projected (PHP) Hessian matrix
	 217.822043

2025-12-23:11:50:51,234 INFO     [psi4.optking.opt_helper:182] 
	         Geometry (au)                                       Gradient (au)
   0.0000000000   0.0000000000   1.3338603493		   0.0000000000  -0.0000000000  -3.0021334211
   0.0000000000   0.0000000000  -0.9338110013		   0.0000000000  -0.0000000000   3.0021093087

2025-12-23:11:50:51,234 INFO     [psi4.optking.stepAlgorithms:929] 	Using RFO solution 1.
2025-12-23:11:50:51,234 INFO     [psi4.optking.displace:100] 	Determining Cartesian step for fragment 1.
2025-12-23:11:50:51,234 INFO     [psi4.optking.displace:415] 	Successfully converged to displaced geometry.
2025-12-23:11:50:51,234 INFO     [psi4.optking.displace:416] 	RMS(dx):  1.282e-16 	Max(dx):  2.220e-16 	RMS(dq):  4.441e-16
2025-12-23:11:50:51,234 INFO     [psi4.optking.displace:172] 

	        --- Internal Coordinate Step in ANG or DEG, aJ/ANG or AJ/DEG ---
	-------------------------------------------------------------------------------
	           Coordinate      Previous         Force          Change          New 
	           ----------      --------        ------          ------        ------
	               R(1,2)       1.20000       24.73365        0.00729       1.20729
	-------------------------------------------------------------------------------

2025-12-23:11:50:51,234 INFO     [psi4.optking.stepAlgorithms:113] 	|target step| :    0.0137798327
2025-12-23:11:50:51,234 INFO     [psi4.optking.stepAlgorithms:114] 	gradient     :   -3.0021213649
2025-12-23:11:50:51,234 INFO     [psi4.optking.stepAlgorithms:115] 	hessian      :  217.8220428578
2025-12-23:11:50:51,235 INFO     [psi4.optking.stepAlgorithms:113] 	|target step| :    0.0137798327
2025-12-23:11:50:51,235 INFO     [psi4.optking.stepAlgorithms:114] 	gradient     :   -3.0021213649
2025-12-23:11:50:51,235 INFO     [psi4.optking.stepAlgorithms:115] 	hessian      :  217.8220428578
2025-12-23:11:50:51,235 INFO     [psi4.optking.stepAlgorithms:206] 	Norm of achieved step-size    0.0137798327
2025-12-23:11:50:51,235 INFO     [psi4.optking.stepAlgorithms:208] 	Norm of achieved step-size (cart):    0.0097438132
2025-12-23:11:50:51,235 INFO     [psi4.optking.opt_helper:164] Molsys:

	                            ===> Fragment 1 <== 

	 Z (Atomic Numbers)          Masses                          Geom                  
	      14.000000            27.976927          0.00000000  0.00000000  1.34075027   
	      18.000000            39.962383          0.00000000  0.00000000 -0.94070092   

	 - Coordinate -           - BOHR/RAD -       - ANG/DEG -
	 R(1,2)           =         2.281451           1.207292

2025-12-23:11:50:51,235 INFO     [psi4.optking.convcheck:76] Performing convergence check.
2025-12-23:11:50:51,235 INFO     [psi4.optking.convcheck:282] 
	                                 ==> Convergence Check <==                                  
    
	Measures of convergence in internal coordinates in au.
    
	Criteria marked as inactive (o), active & met (*), and active & unmet ( ).

	----------------------------------------------------------------------------------------------~
	   Step    Total Energy     Delta E     Max Force     RMS Force      Max Disp      RMS Disp   ~
	----------------------------------------------------------------------------------------------~
	  Convergence Criteria     1.00e-06 *    3.00e-04 *             o    1.20e-03 *             o~
	----------------------------------------------------------------------------------------------~
	     1    -815.17331443   -8.15e+02      3.00e+00      3.00e+00 o    1.38e-02      1.38e-02 o  ~
	----------------------------------------------------------------------------------------------


2025-12-23:11:50:51,235 INFO     [psi4.optking.stepAlgorithms:296] 	Convergence check returned False
2025-12-23:11:50:51,245 INFO     [psi4.driver.task_planner:259] PLANNING Atomic:  keywords={'DAMPING_PERCENTAGE': 1.0, 'GEOM_MAXITER': 500, 'SCF__GUESS': 'READ', 'GUESS': 'SAP', 'MAXITER': 500, 'REFERENCE': 'UKS', 'function_kwargs': {}}
2025-12-23:11:50:51,247 INFO     [psi4.driver.driver:638] Compute gradient(): method=b3lyp, basis=cc-pvdz, molecule=default, nre=110.45601231764279
2025-12-23:11:50:51,787 INFO     [psi4.driver.driver:641] Return gradient(): -815.214066949372
2025-12-23:11:50:51,787 INFO     [psi4.driver.driver:642] [[ 0.00000000  0.00000000 -2.91308845]
 [ 0.00000000  0.00000000  2.91306549]]
2025-12-23:11:50:51,789 INFO     [psi4.optking.history:269] 	Performing BFGS update.
2025-12-23:11:50:51,789 INFO     [psi4.optking.history:280] 	Using 1 previous steps for update.
2025-12-23:11:50:51,789 INFO     [psi4.optking.history:317] 	Steps to be used in Hessian update:  1

2025-12-23:11:50:51,789 INFO     [psi4.optking.history:418] 	Updated Hessian (in au) 
 	 108.911021

2025-12-23:11:50:51,789 INFO     [psi4.optking.molsys:944] Projected (PHP) Hessian matrix
	 108.911021

2025-12-23:11:50:51,789 INFO     [psi4.optking.opt_helper:182] 
	         Geometry (au)                                       Gradient (au)
   0.0000000000   0.0000000000   1.3419657445		   0.0000000000   0.0000000000  -2.9130884483
   0.0000000000   0.0000000000  -0.9394854388		   0.0000000000   0.0000000000   2.9130654853

2025-12-23:11:50:51,789 INFO     [psi4.optking.stepAlgorithms:368] 	Current Step Report 
 
	Current energy:      -815.2140669494
	Energy change for the previous step:
		Actual       :        -0.0407525194
		Projected    :        -0.0206843651

2025-12-23:11:50:51,789 INFO     [psi4.optking.stepAlgorithms:371] 	Energy ratio =    1.97021
2025-12-23:11:50:51,789 INFO     [psi4.optking.stepAlgorithms:399] 	Energy ratio indicates good step.
2025-12-23:11:50:51,789 INFO     [psi4.optking.stepAlgorithms:400] 	Intrafrag trust radius increased to      1.
2025-12-23:11:50:51,789 INFO     [psi4.optking.stepAlgorithms:929] 	Using RFO solution 1.
2025-12-23:11:50:51,790 INFO     [psi4.optking.displace:100] 	Determining Cartesian step for fragment 1.
2025-12-23:11:50:51,790 INFO     [psi4.optking.displace:415] 	Successfully converged to displaced geometry.
2025-12-23:11:50:51,790 INFO     [psi4.optking.displace:416] 	RMS(dx):  0.000e+00 	Max(dx):  0.000e+00 	RMS(dq):  0.000e+00
2025-12-23:11:50:51,790 INFO     [psi4.optking.displace:172] 

	        --- Internal Coordinate Step in ANG or DEG, aJ/ANG or AJ/DEG ---
	-------------------------------------------------------------------------------
	           Coordinate      Previous         Force          Change          New 
	           ----------      --------        ------          ------        ------
	               R(1,2)       1.20729       24.00004        0.01414       1.22144
	-------------------------------------------------------------------------------

2025-12-23:11:50:51,790 INFO     [psi4.optking.stepAlgorithms:113] 	|target step| :    0.0267282029
2025-12-23:11:50:51,790 INFO     [psi4.optking.stepAlgorithms:114] 	gradient     :   -2.9130769668
2025-12-23:11:50:51,790 INFO     [psi4.optking.stepAlgorithms:115] 	hessian      :  108.9110214289
2025-12-23:11:50:51,790 INFO     [psi4.optking.stepAlgorithms:113] 	|target step| :    0.0267282029
2025-12-23:11:50:51,790 INFO     [psi4.optking.stepAlgorithms:114] 	gradient     :   -2.9130769668
2025-12-23:11:50:51,790 INFO     [psi4.optking.stepAlgorithms:115] 	hessian      :  108.9110214289
2025-12-23:11:50:51,790 INFO     [psi4.optking.stepAlgorithms:206] 	Norm of achieved step-size    0.0267282029
2025-12-23:11:50:51,790 INFO     [psi4.optking.stepAlgorithms:208] 	Norm of achieved step-size (cart):    0.0188996935
2025-12-23:11:50:51,790 INFO     [psi4.optking.opt_helper:164] Molsys:

	                            ===> Fragment 1 <== 

	 Z (Atomic Numbers)          Masses                          Geom                  
	      14.000000            27.976927          0.00000000  0.00000000  1.35532985   
	      18.000000            39.962383          0.00000000  0.00000000 -0.95284954   

	 - Coordinate -           - BOHR/RAD -       - ANG/DEG -
	 R(1,2)           =         2.308179           1.221436

2025-12-23:11:50:51,790 INFO     [psi4.optking.convcheck:76] Performing convergence check.
2025-12-23:11:50:51,790 INFO     [psi4.optking.convcheck:282] 
	                                 ==> Convergence Check <==                                  
    
	Measures of convergence in internal coordinates in au.
    
	Criteria marked as inactive (o), active & met (*), and active & unmet ( ).

	----------------------------------------------------------------------------------------------
	   Step    Total Energy     Delta E     Max Force     RMS Force      Max Disp      RMS Disp   
	----------------------------------------------------------------------------------------------
	  Convergence Criteria     1.00e-06 *    3.00e-04 *             o    1.20e-03 *             o
	----------------------------------------------------------------------------------------------
	     2    -815.21406695   -4.08e-02      2.91e+00      2.91e+00 o    2.67e-02      2.67e-02 o  ~
	----------------------------------------------------------------------------------------------


2025-12-23:11:50:51,790 INFO     [psi4.optking.stepAlgorithms:296] 	Convergence check returned False
2025-12-23:11:50:51,800 INFO     [psi4.driver.task_planner:259] PLANNING Atomic:  keywords={'DAMPING_PERCENTAGE': 1.0, 'GEOM_MAXITER': 500, 'SCF__GUESS': 'READ', 'GUESS': 'SAP', 'MAXITER': 500, 'REFERENCE': 'UKS', 'function_kwargs': {}}
2025-12-23:11:50:51,801 INFO     [psi4.driver.driver:638] Compute gradient(): method=b3lyp, basis=cc-pvdz, molecule=default, nre=109.17695631294687
2025-12-23:11:50:52,345 INFO     [psi4.driver.driver:641] Return gradient(): -815.2896922978571
2025-12-23:11:50:52,345 INFO     [psi4.driver.driver:642] [[-0.00000000  0.00000000 -2.74724630]
 [ 0.00000000 -0.00000000  2.74722374]]
2025-12-23:11:50:52,347 INFO     [psi4.optking.history:269] 	Performing BFGS update.
2025-12-23:11:50:52,347 INFO     [psi4.optking.history:280] 	Using 2 previous steps for update.
2025-12-23:11:50:52,347 INFO     [psi4.optking.history:317] 	Steps to be used in Hessian update:  2 1

2025-12-23:11:50:52,347 INFO     [psi4.optking.history:418] 	Updated Hessian (in au) 
 	  27.227755

2025-12-23:11:50:52,347 INFO     [psi4.optking.molsys:944] Projected (PHP) Hessian matrix
	  27.227755

2025-12-23:11:50:52,347 INFO     [psi4.optking.opt_helper:182] 
	         Geometry (au)                                       Gradient (au)
   0.0000000000   0.0000000000   1.3576874627		  -0.0000000000   0.0000000000  -2.7472463000
   0.0000000000   0.0000000000  -0.9504919234		   0.0000000000  -0.0000000000   2.7472237362

2025-12-23:11:50:52,347 INFO     [psi4.optking.stepAlgorithms:368] 	Current Step Report 
 
	Current energy:      -815.2896922979
	Energy change for the previous step:
		Actual       :        -0.0756253485
		Projected    :        -0.0389306560

2025-12-23:11:50:52,347 INFO     [psi4.optking.stepAlgorithms:371] 	Energy ratio =    1.94257
2025-12-23:11:50:52,348 INFO     [psi4.optking.stepAlgorithms:929] 	Using RFO solution 1.
2025-12-23:11:50:52,348 INFO     [psi4.optking.displace:100] 	Determining Cartesian step for fragment 1.
2025-12-23:11:50:52,348 INFO     [psi4.optking.displace:415] 	Successfully converged to displaced geometry.
2025-12-23:11:50:52,348 INFO     [psi4.optking.displace:416] 	RMS(dx):  0.000e+00 	Max(dx):  0.000e+00 	RMS(dq):  0.000e+00
2025-12-23:11:50:52,348 INFO     [psi4.optking.displace:172] 

	        --- Internal Coordinate Step in ANG or DEG, aJ/ANG or AJ/DEG ---
	-------------------------------------------------------------------------------
	           Coordinate      Previous         Force          Change          New 
	           ----------      --------        ------          ------        ------
	               R(1,2)       1.22144       22.63371        0.05286       1.27430
	-------------------------------------------------------------------------------

2025-12-23:11:50:52,348 INFO     [psi4.optking.stepAlgorithms:113] 	|target step| :    0.0998915333
2025-12-23:11:50:52,348 INFO     [psi4.optking.stepAlgorithms:114] 	gradient     :   -2.7472350181
2025-12-23:11:50:52,348 INFO     [psi4.optking.stepAlgorithms:115] 	hessian      :   27.2277553572
2025-12-23:11:50:52,348 INFO     [psi4.optking.stepAlgorithms:113] 	|target step| :    0.0998915333
2025-12-23:11:50:52,348 INFO     [psi4.optking.stepAlgorithms:114] 	gradient     :   -2.7472350181
2025-12-23:11:50:52,348 INFO     [psi4.optking.stepAlgorithms:115] 	hessian      :   27.2277553572
2025-12-23:11:50:52,348 INFO     [psi4.optking.stepAlgorithms:206] 	Norm of achieved step-size    0.0998915333
2025-12-23:11:50:52,348 INFO     [psi4.optking.stepAlgorithms:208] 	Norm of achieved step-size (cart):    0.0706339806
2025-12-23:11:50:52,348 INFO     [psi4.optking.opt_helper:164] Molsys:

	                            ===> Fragment 1 <== 

	 Z (Atomic Numbers)          Masses                          Geom                  
	      14.000000            27.976927          0.00000000  0.00000000  1.40763323   
	      18.000000            39.962383          0.00000000  0.00000000 -1.00043769   

	 - Coordinate -           - BOHR/RAD -       - ANG/DEG -
	 R(1,2)           =         2.408071           1.274296

2025-12-23:11:50:52,348 INFO     [psi4.optking.convcheck:76] Performing convergence check.
2025-12-23:11:50:52,348 INFO     [psi4.optking.convcheck:282] 
	                                 ==> Convergence Check <==                                  
    
	Measures of convergence in internal coordinates in au.
    
	Criteria marked as inactive (o), active & met (*), and active & unmet ( ).

	----------------------------------------------------------------------------------------------
	   Step    Total Energy     Delta E     Max Force     RMS Force      Max Disp      RMS Disp   
	----------------------------------------------------------------------------------------------
	  Convergence Criteria     1.00e-06 *    3.00e-04 *             o    1.20e-03 *             o
	----------------------------------------------------------------------------------------------
	     3    -815.28969230   -7.56e-02      2.75e+00      2.75e+00 o    9.99e-02      9.99e-02 o  ~
	----------------------------------------------------------------------------------------------


2025-12-23:11:50:52,348 INFO     [psi4.optking.stepAlgorithms:296] 	Convergence check returned False
2025-12-23:11:50:52,358 INFO     [psi4.driver.task_planner:259] PLANNING Atomic:  keywords={'DAMPING_PERCENTAGE': 1.0, 'GEOM_MAXITER': 500, 'SCF__GUESS': 'READ', 'GUESS': 'SAP', 'MAXITER': 500, 'REFERENCE': 'UKS', 'function_kwargs': {}}
2025-12-23:11:50:52,359 INFO     [psi4.driver.driver:638] Compute gradient(): method=b3lyp, basis=cc-pvdz, molecule=default, nre=104.64808073693841
2025-12-23:11:50:52,935 INFO     [psi4.driver.driver:641] Return gradient(): -815.5359657952217
2025-12-23:11:50:52,935 INFO     [psi4.driver.driver:642] [[ 0.00000000  0.00000000 -2.20251838]
 [ 0.00000000  0.00000000  2.20245667]]
2025-12-23:11:50:52,937 INFO     [psi4.optking.history:269] 	Performing BFGS update.
2025-12-23:11:50:52,937 INFO     [psi4.optking.history:280] 	Using 3 previous steps for update.
2025-12-23:11:50:52,937 INFO     [psi4.optking.history:317] 	Steps to be used in Hessian update:  3 2 1

2025-12-23:11:50:52,937 INFO     [psi4.optking.history:418] 	Updated Hessian (in au) 
 	   5.695415

2025-12-23:11:50:52,937 INFO     [psi4.optking.molsys:944] Projected (PHP) Hessian matrix
	   5.695415

2025-12-23:11:50:52,937 INFO     [psi4.optking.opt_helper:182] 
	         Geometry (au)                                       Gradient (au)
   0.0000000000   0.0000000000   1.4164443701		   0.0000000000   0.0000000000  -2.2025183780
   0.0000000000   0.0000000000  -0.9916265494		   0.0000000000   0.0000000000   2.2024566741

2025-12-23:11:50:52,937 INFO     [psi4.optking.stepAlgorithms:368] 	Current Step Report 
 
	Current energy:      -815.5359657952
	Energy change for the previous step:
		Actual       :        -0.2462734974
		Projected    :        -0.1372127592

2025-12-23:11:50:52,937 INFO     [psi4.optking.stepAlgorithms:371] 	Energy ratio =    1.79483
2025-12-23:11:50:52,938 INFO     [psi4.optking.stepAlgorithms:929] 	Using RFO solution 1.
2025-12-23:11:50:52,938 INFO     [psi4.optking.displace:100] 	Determining Cartesian step for fragment 1.
2025-12-23:11:50:52,938 INFO     [psi4.optking.displace:415] 	Successfully converged to displaced geometry.
2025-12-23:11:50:52,938 INFO     [psi4.optking.displace:416] 	RMS(dx):  0.000e+00 	Max(dx):  0.000e+00 	RMS(dq):  0.000e+00
2025-12-23:11:50:52,938 INFO     [psi4.optking.displace:172] 

	        --- Internal Coordinate Step in ANG or DEG, aJ/ANG or AJ/DEG ---
	-------------------------------------------------------------------------------
	           Coordinate      Previous         Force          Change          New 
	           ----------      --------        ------          ------        ------
	               R(1,2)       1.27430       18.14569        0.18076       1.45506
	-------------------------------------------------------------------------------

2025-12-23:11:50:52,938 INFO     [psi4.optking.stepAlgorithms:113] 	|target step| :    0.3415894712
2025-12-23:11:50:52,938 INFO     [psi4.optking.stepAlgorithms:114] 	gradient     :   -2.2024875261
2025-12-23:11:50:52,938 INFO     [psi4.optking.stepAlgorithms:115] 	hessian      :    5.6954152000
2025-12-23:11:50:52,938 INFO     [psi4.optking.stepAlgorithms:113] 	|target step| :    0.3415894712
2025-12-23:11:50:52,938 INFO     [psi4.optking.stepAlgorithms:114] 	gradient     :   -2.2024875261
2025-12-23:11:50:52,938 INFO     [psi4.optking.stepAlgorithms:115] 	hessian      :    5.6954152000
2025-12-23:11:50:52,938 INFO     [psi4.optking.stepAlgorithms:206] 	Norm of achieved step-size    0.3415894712
2025-12-23:11:50:52,938 INFO     [psi4.optking.stepAlgorithms:208] 	Norm of achieved step-size (cart):    0.2415402314
2025-12-23:11:50:52,938 INFO     [psi4.optking.opt_helper:164] Molsys:

	                            ===> Fragment 1 <== 

	 Z (Atomic Numbers)          Masses                          Geom                  
	      14.000000            27.976927          0.00000000  0.00000000  1.58723911   
	      18.000000            39.962383          0.00000000  0.00000000 -1.16242128   

	 - Coordinate -           - BOHR/RAD -       - ANG/DEG -
	 R(1,2)           =         2.749660           1.455058

2025-12-23:11:50:52,938 INFO     [psi4.optking.convcheck:76] Performing convergence check.
2025-12-23:11:50:52,939 INFO     [psi4.optking.convcheck:282] 
	                                 ==> Convergence Check <==                                  
    
	Measures of convergence in internal coordinates in au.
    
	Criteria marked as inactive (o), active & met (*), and active & unmet ( ).

	----------------------------------------------------------------------------------------------
	   Step    Total Energy     Delta E     Max Force     RMS Force      Max Disp      RMS Disp   
	----------------------------------------------------------------------------------------------
	  Convergence Criteria     1.00e-06 *    3.00e-04 *             o    1.20e-03 *             o
	----------------------------------------------------------------------------------------------
	     4    -815.53596580   -2.46e-01      2.20e+00      2.20e+00 o    3.42e-01      3.42e-01 o  ~
	----------------------------------------------------------------------------------------------


2025-12-23:11:50:52,939 INFO     [psi4.optking.stepAlgorithms:296] 	Convergence check returned False
2025-12-23:11:50:52,949 INFO     [psi4.driver.task_planner:259] PLANNING Atomic:  keywords={'DAMPING_PERCENTAGE': 1.0, 'GEOM_MAXITER': 500, 'SCF__GUESS': 'READ', 'GUESS': 'SAP', 'MAXITER': 500, 'REFERENCE': 'UKS', 'function_kwargs': {}}
2025-12-23:11:50:52,950 INFO     [psi4.driver.driver:638] Compute gradient(): method=b3lyp, basis=cc-pvdz, molecule=default, nre=91.64768160461905
2025-12-23:11:50:53,503 INFO     [psi4.driver.driver:641] Return gradient(): -816.0619337574141
2025-12-23:11:50:53,504 INFO     [psi4.driver.driver:642] [[ 0.00000000 -0.00000000 -1.02326733]
 [-0.00000000  0.00000000  1.02323995]]
2025-12-23:11:50:53,505 INFO     [psi4.optking.history:269] 	Performing BFGS update.
2025-12-23:11:50:53,505 INFO     [psi4.optking.history:280] 	Using 4 previous steps for update.
2025-12-23:11:50:53,506 INFO     [psi4.optking.history:317] 	Steps to be used in Hessian update:  4 3 2 1

2025-12-23:11:50:53,506 INFO     [psi4.optking.history:418] 	Updated Hessian (in au) 
 	   4.105628

2025-12-23:11:50:53,506 INFO     [psi4.optking.molsys:944] Projected (PHP) Hessian matrix
	   4.105628

2025-12-23:11:50:53,506 INFO     [psi4.optking.opt_helper:182] 
	         Geometry (au)                                       Gradient (au)
   0.0000000000   0.0000000000   1.6173697163		   0.0000000000  -0.0000000000  -1.0232673336
   0.0000000000   0.0000000000  -1.1322906743		  -0.0000000000   0.0000000000   1.0232399456

2025-12-23:11:50:53,506 INFO     [psi4.optking.stepAlgorithms:368] 	Current Step Report 
 
	Current energy:      -816.0619337574
	Energy change for the previous step:
		Actual       :        -0.5259679622
		Projected    :        -0.3761732746

2025-12-23:11:50:53,506 INFO     [psi4.optking.stepAlgorithms:371] 	Energy ratio =    1.39821
2025-12-23:11:50:53,506 INFO     [psi4.optking.stepAlgorithms:929] 	Using RFO solution 1.
2025-12-23:11:50:53,506 INFO     [psi4.optking.displace:100] 	Determining Cartesian step for fragment 1.
2025-12-23:11:50:53,506 INFO     [psi4.optking.displace:415] 	Successfully converged to displaced geometry.
2025-12-23:11:50:53,506 INFO     [psi4.optking.displace:416] 	RMS(dx):  0.000e+00 	Max(dx):  0.000e+00 	RMS(dq):  0.000e+00
2025-12-23:11:50:53,506 INFO     [psi4.optking.displace:172] 

	        --- Internal Coordinate Step in ANG or DEG, aJ/ANG or AJ/DEG ---
	-------------------------------------------------------------------------------
	           Coordinate      Previous         Force          Change          New 
	           ----------      --------        ------          ------        ------
	               R(1,2)       1.45506        8.43030        0.12458       1.57964
	-------------------------------------------------------------------------------

2025-12-23:11:50:53,507 INFO     [psi4.optking.stepAlgorithms:113] 	|target step| :    0.2354189819
2025-12-23:11:50:53,507 INFO     [psi4.optking.stepAlgorithms:114] 	gradient     :   -1.0232536396
2025-12-23:11:50:53,507 INFO     [psi4.optking.stepAlgorithms:115] 	hessian      :    4.1056280555
2025-12-23:11:50:53,507 INFO     [psi4.optking.stepAlgorithms:113] 	|target step| :    0.2354189819
2025-12-23:11:50:53,507 INFO     [psi4.optking.stepAlgorithms:114] 	gradient     :   -1.0232536396
2025-12-23:11:50:53,507 INFO     [psi4.optking.stepAlgorithms:115] 	hessian      :    4.1056280555
2025-12-23:11:50:53,507 INFO     [psi4.optking.stepAlgorithms:206] 	Norm of achieved step-size    0.2354189819
2025-12-23:11:50:53,507 INFO     [psi4.optking.stepAlgorithms:208] 	Norm of achieved step-size (cart):    0.1664663585
2025-12-23:11:50:53,507 INFO     [psi4.optking.opt_helper:164] Molsys:

	                            ===> Fragment 1 <== 

	 Z (Atomic Numbers)          Masses                          Geom                  
	      14.000000            27.976927          0.00000000  0.00000000  1.73507921   
	      18.000000            39.962383          0.00000000  0.00000000 -1.25000017   

	 - Coordinate -           - BOHR/RAD -       - ANG/DEG -
	 R(1,2)           =         2.985079           1.579636

2025-12-23:11:50:53,507 INFO     [psi4.optking.convcheck:76] Performing convergence check.
2025-12-23:11:50:53,507 INFO     [psi4.optking.convcheck:282] 
	                                 ==> Convergence Check <==                                  
    
	Measures of convergence in internal coordinates in au.
    
	Criteria marked as inactive (o), active & met (*), and active & unmet ( ).

	----------------------------------------------------------------------------------------------
	   Step    Total Energy     Delta E     Max Force     RMS Force      Max Disp      RMS Disp   
	----------------------------------------------------------------------------------------------
	  Convergence Criteria     1.00e-06 *    3.00e-04 *             o    1.20e-03 *             o
	----------------------------------------------------------------------------------------------
	     5    -816.06193376   -5.26e-01      1.02e+00      1.02e+00 o    2.35e-01      2.35e-01 o  ~
	----------------------------------------------------------------------------------------------


2025-12-23:11:50:53,507 INFO     [psi4.optking.stepAlgorithms:296] 	Convergence check returned False
2025-12-23:11:50:53,517 INFO     [psi4.driver.task_planner:259] PLANNING Atomic:  keywords={'DAMPING_PERCENTAGE': 1.0, 'GEOM_MAXITER': 500, 'SCF__GUESS': 'READ', 'GUESS': 'SAP', 'MAXITER': 500, 'REFERENCE': 'UKS', 'function_kwargs': {}}
2025-12-23:11:50:53,518 INFO     [psi4.driver.driver:638] Compute gradient(): method=b3lyp, basis=cc-pvdz, molecule=default, nre=84.41986578880328
2025-12-23:11:50:54,100 INFO     [psi4.driver.driver:641] Return gradient(): -816.2484996059558
2025-12-23:11:50:54,101 INFO     [psi4.driver.driver:642] [[ 0.00000000  0.00000000 -0.59817706]
 [ 0.00000000  0.00000000  0.59816483]]
2025-12-23:11:50:54,102 INFO     [psi4.optking.history:269] 	Performing BFGS update.
2025-12-23:11:50:54,102 INFO     [psi4.optking.history:280] 	Using 4 previous steps for update.
2025-12-23:11:50:54,102 WARNING  [psi4.optking.history:301] 	Change in internal coordinate of 5.77e-01 exceeds limit of 5.00e-01.
2025-12-23:11:50:54,102 WARNING  [psi4.optking.history:306] 	Skipping Hessian update for step 4.
2025-12-23:11:50:54,103 WARNING  [psi4.optking.history:301] 	Change in internal coordinate of 6.77e-01 exceeds limit of 5.00e-01.
2025-12-23:11:50:54,103 WARNING  [psi4.optking.history:306] 	Skipping Hessian update for step 3.
2025-12-23:11:50:54,103 WARNING  [psi4.optking.history:301] 	Change in internal coordinate of 7.04e-01 exceeds limit of 5.00e-01.
2025-12-23:11:50:54,103 WARNING  [psi4.optking.history:306] 	Skipping Hessian update for step 2.
2025-12-23:11:50:54,103 WARNING  [psi4.optking.history:301] 	Change in internal coordinate of 7.17e-01 exceeds limit of 5.00e-01.
2025-12-23:11:50:54,103 WARNING  [psi4.optking.history:306] 	Skipping Hessian update for step 1.
2025-12-23:11:50:54,103 INFO     [psi4.optking.history:317] 	Steps to be used in Hessian update:  5

2025-12-23:11:50:54,103 INFO     [psi4.optking.history:418] 	Updated Hessian (in au) 
 	   2.052814

2025-12-23:11:50:54,103 INFO     [psi4.optking.molsys:944] Projected (PHP) Hessian matrix
	   2.052814

2025-12-23:11:50:54,103 INFO     [psi4.optking.opt_helper:182] 
	         Geometry (au)                                       Gradient (au)
   0.0000000000   0.0000000000   1.7558448289		   0.0000000000   0.0000000000  -0.5981770605
   0.0000000000   0.0000000000  -1.2292345437		   0.0000000000   0.0000000000   0.5981648268

2025-12-23:11:50:54,103 INFO     [psi4.optking.stepAlgorithms:368] 	Current Step Report 
 
	Current energy:      -816.2484996060
	Energy change for the previous step:
		Actual       :        -0.1865658485
		Projected    :        -0.1204466650

2025-12-23:11:50:54,103 INFO     [psi4.optking.stepAlgorithms:371] 	Energy ratio =    1.54895
2025-12-23:11:50:54,103 INFO     [psi4.optking.stepAlgorithms:929] 	Using RFO solution 1.
2025-12-23:11:50:54,103 INFO     [psi4.optking.displace:100] 	Determining Cartesian step for fragment 1.
2025-12-23:11:50:54,103 INFO     [psi4.optking.displace:415] 	Successfully converged to displaced geometry.
2025-12-23:11:50:54,103 INFO     [psi4.optking.displace:416] 	RMS(dx):  0.000e+00 	Max(dx):  0.000e+00 	RMS(dq):  0.000e+00
2025-12-23:11:50:54,103 INFO     [psi4.optking.displace:172] 

	        --- Internal Coordinate Step in ANG or DEG, aJ/ANG or AJ/DEG ---
	-------------------------------------------------------------------------------
	           Coordinate      Previous         Force          Change          New 
	           ----------      --------        ------          ------        ------
	               R(1,2)       1.57964        4.92816        0.14295       1.72258
	-------------------------------------------------------------------------------

2025-12-23:11:50:54,103 INFO     [psi4.optking.stepAlgorithms:113] 	|target step| :    0.2701281594
2025-12-23:11:50:54,103 INFO     [psi4.optking.stepAlgorithms:114] 	gradient     :   -0.5981709437
2025-12-23:11:50:54,103 INFO     [psi4.optking.stepAlgorithms:115] 	hessian      :    2.0528140278
2025-12-23:11:50:54,104 INFO     [psi4.optking.stepAlgorithms:113] 	|target step| :    0.2701281594
2025-12-23:11:50:54,104 INFO     [psi4.optking.stepAlgorithms:114] 	gradient     :   -0.5981709437
2025-12-23:11:50:54,104 INFO     [psi4.optking.stepAlgorithms:115] 	hessian      :    2.0528140278
2025-12-23:11:50:54,104 INFO     [psi4.optking.stepAlgorithms:206] 	Norm of achieved step-size    0.2701281594
2025-12-23:11:50:54,104 INFO     [psi4.optking.stepAlgorithms:208] 	Norm of achieved step-size (cart):    0.1910094533
2025-12-23:11:50:54,104 INFO     [psi4.optking.opt_helper:164] Molsys:

	                            ===> Fragment 1 <== 

	 Z (Atomic Numbers)          Masses                          Geom                  
	      14.000000            27.976927          0.00000000  0.00000000  1.89090891   
	      18.000000            39.962383          0.00000000  0.00000000 -1.36429862   

	 - Coordinate -           - BOHR/RAD -       - ANG/DEG -
	 R(1,2)           =         3.255208           1.722582

2025-12-23:11:50:54,104 INFO     [psi4.optking.convcheck:76] Performing convergence check.
2025-12-23:11:50:54,104 INFO     [psi4.optking.convcheck:282] 
	                                 ==> Convergence Check <==                                  
    
	Measures of convergence in internal coordinates in au.
    
	Criteria marked as inactive (o), active & met (*), and active & unmet ( ).

	----------------------------------------------------------------------------------------------
	   Step    Total Energy     Delta E     Max Force     RMS Force      Max Disp      RMS Disp   
	----------------------------------------------------------------------------------------------
	  Convergence Criteria     1.00e-06 *    3.00e-04 *             o    1.20e-03 *             o
	----------------------------------------------------------------------------------------------
	     6    -816.24849961   -1.87e-01      5.98e-01      5.98e-01 o    2.70e-01      2.70e-01 o  ~
	----------------------------------------------------------------------------------------------


2025-12-23:11:50:54,104 INFO     [psi4.optking.stepAlgorithms:296] 	Convergence check returned False
2025-12-23:11:50:54,114 INFO     [psi4.driver.task_planner:259] PLANNING Atomic:  keywords={'DAMPING_PERCENTAGE': 1.0, 'GEOM_MAXITER': 500, 'SCF__GUESS': 'READ', 'GUESS': 'SAP', 'MAXITER': 500, 'REFERENCE': 'UKS', 'function_kwargs': {}}
2025-12-23:11:50:54,115 INFO     [psi4.driver.driver:638] Compute gradient(): method=b3lyp, basis=cc-pvdz, molecule=default, nre=77.41441905742117
2025-12-23:11:50:54,666 INFO     [psi4.driver.driver:641] Return gradient(): -816.368337539471
2025-12-23:11:50:54,666 INFO     [psi4.driver.driver:642] [[ 0.00000000  0.00000000 -0.31652830]
 [ 0.00000000  0.00000000  0.31656700]]
2025-12-23:11:50:54,668 INFO     [psi4.optking.history:269] 	Performing BFGS update.
2025-12-23:11:50:54,668 INFO     [psi4.optking.history:280] 	Using 4 previous steps for update.
2025-12-23:11:50:54,668 WARNING  [psi4.optking.history:301] 	Change in internal coordinate of 5.06e-01 exceeds limit of 5.00e-01.
2025-12-23:11:50:54,668 WARNING  [psi4.optking.history:306] 	Skipping Hessian update for step 5.
2025-12-23:11:50:54,668 WARNING  [psi4.optking.history:301] 	Change in internal coordinate of 8.47e-01 exceeds limit of 5.00e-01.
2025-12-23:11:50:54,668 WARNING  [psi4.optking.history:306] 	Skipping Hessian update for step 4.
2025-12-23:11:50:54,668 WARNING  [psi4.optking.history:301] 	Change in internal coordinate of 9.47e-01 exceeds limit of 5.00e-01.
2025-12-23:11:50:54,668 WARNING  [psi4.optking.history:306] 	Skipping Hessian update for step 3.
2025-12-23:11:50:54,668 WARNING  [psi4.optking.history:301] 	Change in internal coordinate of 9.74e-01 exceeds limit of 5.00e-01.
2025-12-23:11:50:54,668 WARNING  [psi4.optking.history:306] 	Skipping Hessian update for step 2.
2025-12-23:11:50:54,668 WARNING  [psi4.optking.history:301] 	Change in internal coordinate of 9.88e-01 exceeds limit of 5.00e-01.
2025-12-23:11:50:54,668 WARNING  [psi4.optking.history:306] 	Skipping Hessian update for step 1.
2025-12-23:11:50:54,668 INFO     [psi4.optking.history:317] 	Steps to be used in Hessian update:  6

2025-12-23:11:50:54,668 INFO     [psi4.optking.history:418] 	Updated Hessian (in au) 
 	   1.042554

2025-12-23:11:50:54,668 INFO     [psi4.optking.molsys:944] Projected (PHP) Hessian matrix
	   1.042554

2025-12-23:11:50:54,668 INFO     [psi4.optking.opt_helper:182] 
	         Geometry (au)                                       Gradient (au)
   0.0000000000   0.0000000000   1.9147361254		   0.0000000000   0.0000000000  -0.3165282996
   0.0000000000   0.0000000000  -1.3404714065		   0.0000000000   0.0000000000   0.3165670030

2025-12-23:11:50:54,668 INFO     [psi4.optking.stepAlgorithms:368] 	Current Step Report 
 
	Current energy:      -816.3683375395
	Energy change for the previous step:
		Actual       :        -0.1198379335
		Projected    :        -0.0807914080

2025-12-23:11:50:54,668 INFO     [psi4.optking.stepAlgorithms:371] 	Energy ratio =    1.48330
2025-12-23:11:50:54,668 INFO     [psi4.optking.stepAlgorithms:929] 	Using RFO solution 1.
2025-12-23:11:50:54,668 INFO     [psi4.optking.displace:100] 	Determining Cartesian step for fragment 1.
2025-12-23:11:50:54,669 INFO     [psi4.optking.displace:415] 	Successfully converged to displaced geometry.
2025-12-23:11:50:54,669 INFO     [psi4.optking.displace:416] 	RMS(dx):  1.282e-16 	Max(dx):  2.220e-16 	RMS(dq):  0.000e+00
2025-12-23:11:50:54,669 INFO     [psi4.optking.displace:172] 

	        --- Internal Coordinate Step in ANG or DEG, aJ/ANG or AJ/DEG ---
	-------------------------------------------------------------------------------
	           Coordinate      Previous         Force          Change          New 
	           ----------      --------        ------          ------        ------
	               R(1,2)       1.72258        2.60795        0.14809       1.87067
	-------------------------------------------------------------------------------

2025-12-23:11:50:54,669 INFO     [psi4.optking.stepAlgorithms:113] 	|target step| :    0.2798484084
2025-12-23:11:50:54,669 INFO     [psi4.optking.stepAlgorithms:114] 	gradient     :   -0.3165476513
2025-12-23:11:50:54,669 INFO     [psi4.optking.stepAlgorithms:115] 	hessian      :    1.0425543672
2025-12-23:11:50:54,669 INFO     [psi4.optking.stepAlgorithms:113] 	|target step| :    0.2798484084
2025-12-23:11:50:54,669 INFO     [psi4.optking.stepAlgorithms:114] 	gradient     :   -0.3165476513
2025-12-23:11:50:54,669 INFO     [psi4.optking.stepAlgorithms:115] 	hessian      :    1.0425543672
2025-12-23:11:50:54,669 INFO     [psi4.optking.stepAlgorithms:206] 	Norm of achieved step-size    0.2798484084
2025-12-23:11:50:54,669 INFO     [psi4.optking.stepAlgorithms:208] 	Norm of achieved step-size (cart):    0.1978827073
2025-12-23:11:50:54,669 INFO     [psi4.optking.opt_helper:164] Molsys:

	                            ===> Fragment 1 <== 

	 Z (Atomic Numbers)          Masses                          Geom                  
	      14.000000            27.976927          0.00000000  0.00000000  2.05466033   
	      18.000000            39.962383          0.00000000  0.00000000 -1.48039561   

	 - Coordinate -           - BOHR/RAD -       - ANG/DEG -
	 R(1,2)           =         3.535056           1.870671

2025-12-23:11:50:54,669 INFO     [psi4.optking.convcheck:76] Performing convergence check.
2025-12-23:11:50:54,669 INFO     [psi4.optking.convcheck:282] 
	                                 ==> Convergence Check <==                                  
    
	Measures of convergence in internal coordinates in au.
    
	Criteria marked as inactive (o), active & met (*), and active & unmet ( ).

	----------------------------------------------------------------------------------------------
	   Step    Total Energy     Delta E     Max Force     RMS Force      Max Disp      RMS Disp   
	----------------------------------------------------------------------------------------------
	  Convergence Criteria     1.00e-06 *    3.00e-04 *             o    1.20e-03 *             o
	----------------------------------------------------------------------------------------------
	     7    -816.36833754   -1.20e-01      3.17e-01      3.17e-01 o    2.80e-01      2.80e-01 o  ~
	----------------------------------------------------------------------------------------------


2025-12-23:11:50:54,669 INFO     [psi4.optking.stepAlgorithms:296] 	Convergence check returned False
2025-12-23:11:50:54,679 INFO     [psi4.driver.task_planner:259] PLANNING Atomic:  keywords={'DAMPING_PERCENTAGE': 1.0, 'GEOM_MAXITER': 500, 'SCF__GUESS': 'READ', 'GUESS': 'SAP', 'MAXITER': 500, 'REFERENCE': 'UKS', 'function_kwargs': {}}
2025-12-23:11:50:54,680 INFO     [psi4.driver.driver:638] Compute gradient(): method=b3lyp, basis=cc-pvdz, molecule=default, nre=71.28600063185938
2025-12-23:11:50:55,292 INFO     [psi4.driver.driver:641] Return gradient(): -816.4321939619102
2025-12-23:11:50:55,292 INFO     [psi4.driver.driver:642] [[ 0.00000000  0.00000000 -0.15602640]
 [ 0.00000000  0.00000000  0.15606049]]
2025-12-23:11:50:55,294 INFO     [psi4.optking.history:269] 	Performing BFGS update.
2025-12-23:11:50:55,294 INFO     [psi4.optking.history:280] 	Using 4 previous steps for update.
2025-12-23:11:50:55,294 WARNING  [psi4.optking.history:301] 	Change in internal coordinate of 5.50e-01 exceeds limit of 5.00e-01.
2025-12-23:11:50:55,294 WARNING  [psi4.optking.history:306] 	Skipping Hessian update for step 6.
2025-12-23:11:50:55,294 WARNING  [psi4.optking.history:301] 	Change in internal coordinate of 7.85e-01 exceeds limit of 5.00e-01.
2025-12-23:11:50:55,294 WARNING  [psi4.optking.history:306] 	Skipping Hessian update for step 5.
2025-12-23:11:50:55,294 WARNING  [psi4.optking.history:301] 	Change in internal coordinate of 1.13e+00 exceeds limit of 5.00e-01.
2025-12-23:11:50:55,294 WARNING  [psi4.optking.history:306] 	Skipping Hessian update for step 4.
2025-12-23:11:50:55,294 WARNING  [psi4.optking.history:301] 	Change in internal coordinate of 1.23e+00 exceeds limit of 5.00e-01.
2025-12-23:11:50:55,294 WARNING  [psi4.optking.history:306] 	Skipping Hessian update for step 3.
2025-12-23:11:50:55,294 WARNING  [psi4.optking.history:301] 	Change in internal coordinate of 1.25e+00 exceeds limit of 5.00e-01.
2025-12-23:11:50:55,294 WARNING  [psi4.optking.history:306] 	Skipping Hessian update for step 2.
2025-12-23:11:50:55,294 WARNING  [psi4.optking.history:301] 	Change in internal coordinate of 1.27e+00 exceeds limit of 5.00e-01.
2025-12-23:11:50:55,294 WARNING  [psi4.optking.history:306] 	Skipping Hessian update for step 1.
2025-12-23:11:50:55,294 INFO     [psi4.optking.history:317] 	Steps to be used in Hessian update:  7

2025-12-23:11:50:55,294 INFO     [psi4.optking.history:418] 	Updated Hessian (in au) 
 	   0.573540

2025-12-23:11:50:55,294 INFO     [psi4.optking.molsys:944] Projected (PHP) Hessian matrix
	   0.573540

2025-12-23:11:50:55,294 INFO     [psi4.optking.opt_helper:182] 
	         Geometry (au)                                       Gradient (au)
   0.0000000000   0.0000000000   2.0793449413		   0.0000000000   0.0000000000  -0.1560263968
   0.0000000000   0.0000000000  -1.4557109991		   0.0000000000   0.0000000000   0.1560604883

2025-12-23:11:50:55,294 INFO     [psi4.optking.stepAlgorithms:368] 	Current Step Report 
 
	Current energy:      -816.4321939619
	Energy change for the previous step:
		Actual       :        -0.0638564224
		Projected    :        -0.0442926782

2025-12-23:11:50:55,294 INFO     [psi4.optking.stepAlgorithms:371] 	Energy ratio =    1.44169
2025-12-23:11:50:55,295 INFO     [psi4.optking.stepAlgorithms:929] 	Using RFO solution 1.
2025-12-23:11:50:55,295 INFO     [psi4.optking.displace:100] 	Determining Cartesian step for fragment 1.
2025-12-23:11:50:55,295 INFO     [psi4.optking.displace:415] 	Successfully converged to displaced geometry.
2025-12-23:11:50:55,295 INFO     [psi4.optking.displace:416] 	RMS(dx):  1.282e-16 	Max(dx):  2.220e-16 	RMS(dq):  0.000e+00
2025-12-23:11:50:55,295 INFO     [psi4.optking.displace:172] 

	        --- Internal Coordinate Step in ANG or DEG, aJ/ANG or AJ/DEG ---
	-------------------------------------------------------------------------------
	           Coordinate      Previous         Force          Change          New 
	           ----------      --------        ------          ------        ------
	               R(1,2)       1.87067        1.28560        0.13465       2.00532
	-------------------------------------------------------------------------------

2025-12-23:11:50:55,295 INFO     [psi4.optking.stepAlgorithms:113] 	|target step| :    0.2544549480
2025-12-23:11:50:55,295 INFO     [psi4.optking.stepAlgorithms:114] 	gradient     :   -0.1560434426
2025-12-23:11:50:55,295 INFO     [psi4.optking.stepAlgorithms:115] 	hessian      :    0.5735398307
2025-12-23:11:50:55,295 INFO     [psi4.optking.stepAlgorithms:113] 	|target step| :    0.2544549480
2025-12-23:11:50:55,295 INFO     [psi4.optking.stepAlgorithms:114] 	gradient     :   -0.1560434426
2025-12-23:11:50:55,295 INFO     [psi4.optking.stepAlgorithms:115] 	hessian      :    0.5735398307
2025-12-23:11:50:55,295 INFO     [psi4.optking.stepAlgorithms:206] 	Norm of achieved step-size    0.2544549480
2025-12-23:11:50:55,295 INFO     [psi4.optking.stepAlgorithms:208] 	Norm of achieved step-size (cart):    0.1799268192
2025-12-23:11:50:55,295 INFO     [psi4.optking.opt_helper:164] Molsys:

	                            ===> Fragment 1 <== 

	 Z (Atomic Numbers)          Masses                          Geom                  
	      14.000000            27.976927          0.00000000  0.00000000  2.20657242   
	      18.000000            39.962383          0.00000000  0.00000000 -1.58293847   

	 - Coordinate -           - BOHR/RAD -       - ANG/DEG -
	 R(1,2)           =         3.789511           2.005323

2025-12-23:11:50:55,295 INFO     [psi4.optking.convcheck:76] Performing convergence check.
2025-12-23:11:50:55,296 INFO     [psi4.optking.convcheck:282] 
	                                 ==> Convergence Check <==                                  
    
	Measures of convergence in internal coordinates in au.
    
	Criteria marked as inactive (o), active & met (*), and active & unmet ( ).

	----------------------------------------------------------------------------------------------
	   Step    Total Energy     Delta E     Max Force     RMS Force      Max Disp      RMS Disp   
	----------------------------------------------------------------------------------------------
	  Convergence Criteria     1.00e-06 *    3.00e-04 *             o    1.20e-03 *             o
	----------------------------------------------------------------------------------------------
	     8    -816.43219396   -6.39e-02      1.56e-01      1.56e-01 o    2.54e-01      2.54e-01 o  ~
	----------------------------------------------------------------------------------------------


2025-12-23:11:50:55,296 INFO     [psi4.optking.stepAlgorithms:296] 	Convergence check returned False
2025-12-23:11:50:55,305 INFO     [psi4.driver.task_planner:259] PLANNING Atomic:  keywords={'DAMPING_PERCENTAGE': 1.0, 'GEOM_MAXITER': 500, 'SCF__GUESS': 'READ', 'GUESS': 'SAP', 'MAXITER': 500, 'REFERENCE': 'UKS', 'function_kwargs': {}}
2025-12-23:11:50:55,307 INFO     [psi4.driver.driver:638] Compute gradient(): method=b3lyp, basis=cc-pvdz, molecule=default, nre=66.49934712563862
2025-12-23:11:50:55,876 INFO     [psi4.driver.driver:641] Return gradient(): -816.4606240983005
2025-12-23:11:50:55,876 INFO     [psi4.driver.driver:642] [[ 0.00000000  0.00000000 -0.07496623]
 [-0.00000000 -0.00000000  0.07499507]]
2025-12-23:11:50:55,878 INFO     [psi4.optking.history:269] 	Performing BFGS update.
2025-12-23:11:50:55,878 INFO     [psi4.optking.history:280] 	Using 4 previous steps for update.
2025-12-23:11:50:55,878 WARNING  [psi4.optking.history:301] 	Change in internal coordinate of 5.34e-01 exceeds limit of 5.00e-01.
2025-12-23:11:50:55,878 WARNING  [psi4.optking.history:306] 	Skipping Hessian update for step 7.
2025-12-23:11:50:55,878 WARNING  [psi4.optking.history:301] 	Change in internal coordinate of 8.04e-01 exceeds limit of 5.00e-01.
2025-12-23:11:50:55,878 WARNING  [psi4.optking.history:306] 	Skipping Hessian update for step 6.
2025-12-23:11:50:55,878 WARNING  [psi4.optking.history:301] 	Change in internal coordinate of 1.04e+00 exceeds limit of 5.00e-01.
2025-12-23:11:50:55,878 WARNING  [psi4.optking.history:306] 	Skipping Hessian update for step 5.
2025-12-23:11:50:55,878 WARNING  [psi4.optking.history:301] 	Change in internal coordinate of 1.38e+00 exceeds limit of 5.00e-01.
2025-12-23:11:50:55,878 WARNING  [psi4.optking.history:306] 	Skipping Hessian update for step 4.
2025-12-23:11:50:55,878 WARNING  [psi4.optking.history:301] 	Change in internal coordinate of 1.48e+00 exceeds limit of 5.00e-01.
2025-12-23:11:50:55,878 WARNING  [psi4.optking.history:306] 	Skipping Hessian update for step 3.
2025-12-23:11:50:55,878 WARNING  [psi4.optking.history:301] 	Change in internal coordinate of 1.51e+00 exceeds limit of 5.00e-01.
2025-12-23:11:50:55,878 WARNING  [psi4.optking.history:306] 	Skipping Hessian update for step 2.
2025-12-23:11:50:55,878 WARNING  [psi4.optking.history:301] 	Change in internal coordinate of 1.52e+00 exceeds limit of 5.00e-01.
2025-12-23:11:50:55,878 WARNING  [psi4.optking.history:306] 	Skipping Hessian update for step 1.
2025-12-23:11:50:55,878 INFO     [psi4.optking.history:317] 	Steps to be used in Hessian update:  8

2025-12-23:11:50:55,879 INFO     [psi4.optking.history:418] 	Updated Hessian (in au) 
 	   0.318574

2025-12-23:11:50:55,879 INFO     [psi4.optking.molsys:944] Projected (PHP) Hessian matrix
	   0.318574

2025-12-23:11:50:55,879 INFO     [psi4.optking.opt_helper:182] 
	         Geometry (au)                                       Gradient (au)
   0.0000000000   0.0000000000   2.2290171439		   0.0000000000   0.0000000000  -0.0749662338
   0.0000000000   0.0000000000  -1.5604937445		  -0.0000000000  -0.0000000000   0.0749950681

2025-12-23:11:50:55,879 INFO     [psi4.optking.stepAlgorithms:368] 	Current Step Report 
 
	Current energy:      -816.4606240983
	Energy change for the previous step:
		Actual       :        -0.0284301364
		Projected    :        -0.0198530130

2025-12-23:11:50:55,879 INFO     [psi4.optking.stepAlgorithms:371] 	Energy ratio =    1.43203
2025-12-23:11:50:55,879 INFO     [psi4.optking.stepAlgorithms:929] 	Using RFO solution 1.
2025-12-23:11:50:55,879 INFO     [psi4.optking.displace:100] 	Determining Cartesian step for fragment 1.
2025-12-23:11:50:55,879 INFO     [psi4.optking.displace:415] 	Successfully converged to displaced geometry.
2025-12-23:11:50:55,879 INFO     [psi4.optking.displace:416] 	RMS(dx):  2.564e-16 	Max(dx):  4.441e-16 	RMS(dq):  8.882e-16
2025-12-23:11:50:55,879 INFO     [psi4.optking.displace:172] 

	        --- Internal Coordinate Step in ANG or DEG, aJ/ANG or AJ/DEG ---
	-------------------------------------------------------------------------------
	           Coordinate      Previous         Force          Change          New 
	           ----------      --------        ------          ------        ------
	               R(1,2)       2.00532        0.61774        0.11832       2.12364
	-------------------------------------------------------------------------------

2025-12-23:11:50:55,879 INFO     [psi4.optking.stepAlgorithms:113] 	|target step| :    0.2235961553
2025-12-23:11:50:55,879 INFO     [psi4.optking.stepAlgorithms:114] 	gradient     :   -0.0749806509
2025-12-23:11:50:55,879 INFO     [psi4.optking.stepAlgorithms:115] 	hessian      :    0.3185742399
2025-12-23:11:50:55,879 INFO     [psi4.optking.stepAlgorithms:113] 	|target step| :    0.2235961553
2025-12-23:11:50:55,879 INFO     [psi4.optking.stepAlgorithms:114] 	gradient     :   -0.0749806509
2025-12-23:11:50:55,879 INFO     [psi4.optking.stepAlgorithms:115] 	hessian      :    0.3185742399
2025-12-23:11:50:55,879 INFO     [psi4.optking.stepAlgorithms:206] 	Norm of achieved step-size    0.2235961553
2025-12-23:11:50:55,879 INFO     [psi4.optking.stepAlgorithms:208] 	Norm of achieved step-size (cart):    0.1581063577
2025-12-23:11:50:55,880 INFO     [psi4.optking.opt_helper:164] Molsys:

	                            ===> Fragment 1 <== 

	 Z (Atomic Numbers)          Masses                          Geom                  
	      14.000000            27.976927          0.00000000  0.00000000  2.34081522   
	      18.000000            39.962383          0.00000000  0.00000000 -1.67229182   

	 - Coordinate -           - BOHR/RAD -       - ANG/DEG -
	 R(1,2)           =         4.013107           2.123645

2025-12-23:11:50:55,880 INFO     [psi4.optking.convcheck:76] Performing convergence check.
2025-12-23:11:50:55,880 INFO     [psi4.optking.convcheck:282] 
	                                 ==> Convergence Check <==                                  
    
	Measures of convergence in internal coordinates in au.
    
	Criteria marked as inactive (o), active & met (*), and active & unmet ( ).

	----------------------------------------------------------------------------------------------
	   Step    Total Energy     Delta E     Max Force     RMS Force      Max Disp      RMS Disp   
	----------------------------------------------------------------------------------------------
	  Convergence Criteria     1.00e-06 *    3.00e-04 *             o    1.20e-03 *             o
	----------------------------------------------------------------------------------------------
	     9    -816.46062410   -2.84e-02      7.50e-02      7.50e-02 o    2.24e-01      2.24e-01 o  ~
	----------------------------------------------------------------------------------------------


2025-12-23:11:50:55,880 INFO     [psi4.optking.stepAlgorithms:296] 	Convergence check returned False
2025-12-23:11:50:55,889 INFO     [psi4.driver.task_planner:259] PLANNING Atomic:  keywords={'DAMPING_PERCENTAGE': 1.0, 'GEOM_MAXITER': 500, 'SCF__GUESS': 'READ', 'GUESS': 'SAP', 'MAXITER': 500, 'REFERENCE': 'UKS', 'function_kwargs': {}}
2025-12-23:11:50:55,891 INFO     [psi4.driver.driver:638] Compute gradient(): method=b3lyp, basis=cc-pvdz, molecule=default, nre=62.79423829423825
2025-12-23:11:50:56,465 INFO     [psi4.driver.driver:641] Return gradient(): -816.4723425664022
2025-12-23:11:50:56,465 INFO     [psi4.driver.driver:642] [[ 0.00000000  0.00000000 -0.03334858]
 [ 0.00000000 -0.00000000  0.03337184]]
2025-12-23:11:50:56,467 INFO     [psi4.optking.history:269] 	Performing BFGS update.
2025-12-23:11:50:56,467 INFO     [psi4.optking.history:280] 	Using 4 previous steps for update.
2025-12-23:11:50:56,467 WARNING  [psi4.optking.history:301] 	Change in internal coordinate of 7.58e-01 exceeds limit of 5.00e-01.
2025-12-23:11:50:56,467 WARNING  [psi4.optking.history:306] 	Skipping Hessian update for step 7.
2025-12-23:11:50:56,467 WARNING  [psi4.optking.history:301] 	Change in internal coordinate of 1.03e+00 exceeds limit of 5.00e-01.
2025-12-23:11:50:56,467 WARNING  [psi4.optking.history:306] 	Skipping Hessian update for step 6.
2025-12-23:11:50:56,467 WARNING  [psi4.optking.history:301] 	Change in internal coordinate of 1.26e+00 exceeds limit of 5.00e-01.
2025-12-23:11:50:56,467 WARNING  [psi4.optking.history:306] 	Skipping Hessian update for step 5.
2025-12-23:11:50:56,467 WARNING  [psi4.optking.history:301] 	Change in internal coordinate of 1.61e+00 exceeds limit of 5.00e-01.
2025-12-23:11:50:56,467 WARNING  [psi4.optking.history:306] 	Skipping Hessian update for step 4.
2025-12-23:11:50:56,467 WARNING  [psi4.optking.history:301] 	Change in internal coordinate of 1.70e+00 exceeds limit of 5.00e-01.
2025-12-23:11:50:56,467 WARNING  [psi4.optking.history:306] 	Skipping Hessian update for step 3.
2025-12-23:11:50:56,467 WARNING  [psi4.optking.history:301] 	Change in internal coordinate of 1.73e+00 exceeds limit of 5.00e-01.
2025-12-23:11:50:56,467 WARNING  [psi4.optking.history:306] 	Skipping Hessian update for step 2.
2025-12-23:11:50:56,467 WARNING  [psi4.optking.history:301] 	Change in internal coordinate of 1.75e+00 exceeds limit of 5.00e-01.
2025-12-23:11:50:56,467 WARNING  [psi4.optking.history:306] 	Skipping Hessian update for step 1.
2025-12-23:11:50:56,467 INFO     [psi4.optking.history:317] 	Steps to be used in Hessian update:  9 8

2025-12-23:11:50:56,467 INFO     [psi4.optking.history:418] 	Updated Hessian (in au) 
 	   0.256632

2025-12-23:11:50:56,467 INFO     [psi4.optking.molsys:944] Projected (PHP) Hessian matrix
	   0.256632

2025-12-23:11:50:56,467 INFO     [psi4.optking.opt_helper:182] 
	         Geometry (au)                                       Gradient (au)
   0.0000000000   0.0000000000   2.3605379861		   0.0000000000   0.0000000000  -0.0333485837
   0.0000000000   0.0000000000  -1.6525690576		   0.0000000000  -0.0000000000   0.0333718364

2025-12-23:11:50:56,467 INFO     [psi4.optking.stepAlgorithms:368] 	Current Step Report 
 
	Current energy:      -816.4723425664
	Energy change for the previous step:
		Actual       :        -0.0117184681
		Projected    :        -0.0083826926

2025-12-23:11:50:56,467 INFO     [psi4.optking.stepAlgorithms:371] 	Energy ratio =    1.39794
2025-12-23:11:50:56,468 INFO     [psi4.optking.stepAlgorithms:929] 	Using RFO solution 1.
2025-12-23:11:50:56,468 INFO     [psi4.optking.displace:100] 	Determining Cartesian step for fragment 1.
2025-12-23:11:50:56,468 INFO     [psi4.optking.displace:415] 	Successfully converged to displaced geometry.
2025-12-23:11:50:56,468 INFO     [psi4.optking.displace:416] 	RMS(dx):  2.564e-16 	Max(dx):  4.441e-16 	RMS(dq):  8.882e-16
2025-12-23:11:50:56,468 INFO     [psi4.optking.displace:172] 

	        --- Internal Coordinate Step in ANG or DEG, aJ/ANG or AJ/DEG ---
	-------------------------------------------------------------------------------
	           Coordinate      Previous         Force          Change          New 
	           ----------      --------        ------          ------        ------
	               R(1,2)       2.12364        0.27485        0.06766       2.19131
	-------------------------------------------------------------------------------

2025-12-23:11:50:56,468 INFO     [psi4.optking.stepAlgorithms:113] 	|target step| :    0.1278670070
2025-12-23:11:50:56,468 INFO     [psi4.optking.stepAlgorithms:114] 	gradient     :   -0.0333602101
2025-12-23:11:50:56,468 INFO     [psi4.optking.stepAlgorithms:115] 	hessian      :    0.2566320455
2025-12-23:11:50:56,468 INFO     [psi4.optking.stepAlgorithms:113] 	|target step| :    0.1278670070
2025-12-23:11:50:56,468 INFO     [psi4.optking.stepAlgorithms:114] 	gradient     :   -0.0333602101
2025-12-23:11:50:56,468 INFO     [psi4.optking.stepAlgorithms:115] 	hessian      :    0.2566320455
2025-12-23:11:50:56,468 INFO     [psi4.optking.stepAlgorithms:206] 	Norm of achieved step-size    0.1278670070
2025-12-23:11:50:56,468 INFO     [psi4.optking.stepAlgorithms:208] 	Norm of achieved step-size (cart):    0.0904156278
2025-12-23:11:50:56,468 INFO     [psi4.optking.opt_helper:164] Molsys:

	                            ===> Fragment 1 <== 

	 Z (Atomic Numbers)          Masses                          Geom                  
	      14.000000            27.976927          0.00000000  0.00000000  2.42447149   
	      18.000000            39.962383          0.00000000  0.00000000 -1.71650256   

	 - Coordinate -           - BOHR/RAD -       - ANG/DEG -
	 R(1,2)           =         4.140974           2.191309

2025-12-23:11:50:56,468 INFO     [psi4.optking.convcheck:76] Performing convergence check.
2025-12-23:11:50:56,468 INFO     [psi4.optking.convcheck:282] 
	                                 ==> Convergence Check <==                                  
    
	Measures of convergence in internal coordinates in au.
    
	Criteria marked as inactive (o), active & met (*), and active & unmet ( ).

	----------------------------------------------------------------------------------------------
	   Step    Total Energy     Delta E     Max Force     RMS Force      Max Disp      RMS Disp   
	----------------------------------------------------------------------------------------------
	  Convergence Criteria     1.00e-06 *    3.00e-04 *             o    1.20e-03 *             o
	----------------------------------------------------------------------------------------------
	    10    -816.47234257   -1.17e-02      3.34e-02      3.34e-02 o    1.28e-01      1.28e-01 o  ~
	----------------------------------------------------------------------------------------------


2025-12-23:11:50:56,468 INFO     [psi4.optking.stepAlgorithms:296] 	Convergence check returned False
2025-12-23:11:50:56,478 INFO     [psi4.driver.task_planner:259] PLANNING Atomic:  keywords={'DAMPING_PERCENTAGE': 1.0, 'GEOM_MAXITER': 500, 'SCF__GUESS': 'READ', 'GUESS': 'SAP', 'MAXITER': 500, 'REFERENCE': 'UKS', 'function_kwargs': {}}
2025-12-23:11:50:56,479 INFO     [psi4.driver.driver:638] Compute gradient(): method=b3lyp, basis=cc-pvdz, molecule=default, nre=60.855247319686
2025-12-23:11:50:57,120 INFO     [psi4.driver.driver:641] Return gradient(): -816.4755494326507
2025-12-23:11:50:57,120 INFO     [psi4.driver.driver:642] [[ 0.00000000  0.00000000 -0.01760394]
 [ 0.00000000  0.00000000  0.01762766]]
2025-12-23:11:50:57,122 INFO     [psi4.optking.history:269] 	Performing BFGS update.
2025-12-23:11:50:57,122 INFO     [psi4.optking.history:280] 	Using 4 previous steps for update.
2025-12-23:11:50:57,122 WARNING  [psi4.optking.history:301] 	Change in internal coordinate of 6.06e-01 exceeds limit of 5.00e-01.
2025-12-23:11:50:57,122 WARNING  [psi4.optking.history:306] 	Skipping Hessian update for step 8.
2025-12-23:11:50:57,122 WARNING  [psi4.optking.history:301] 	Change in internal coordinate of 8.86e-01 exceeds limit of 5.00e-01.
2025-12-23:11:50:57,122 WARNING  [psi4.optking.history:306] 	Skipping Hessian update for step 7.
2025-12-23:11:50:57,122 WARNING  [psi4.optking.history:301] 	Change in internal coordinate of 1.16e+00 exceeds limit of 5.00e-01.
2025-12-23:11:50:57,122 WARNING  [psi4.optking.history:306] 	Skipping Hessian update for step 6.
2025-12-23:11:50:57,122 WARNING  [psi4.optking.history:301] 	Change in internal coordinate of 1.39e+00 exceeds limit of 5.00e-01.
2025-12-23:11:50:57,122 WARNING  [psi4.optking.history:306] 	Skipping Hessian update for step 5.
2025-12-23:11:50:57,122 WARNING  [psi4.optking.history:301] 	Change in internal coordinate of 1.73e+00 exceeds limit of 5.00e-01.
2025-12-23:11:50:57,122 WARNING  [psi4.optking.history:306] 	Skipping Hessian update for step 4.
2025-12-23:11:50:57,123 WARNING  [psi4.optking.history:301] 	Change in internal coordinate of 1.83e+00 exceeds limit of 5.00e-01.
2025-12-23:11:50:57,123 WARNING  [psi4.optking.history:306] 	Skipping Hessian update for step 3.
2025-12-23:11:50:57,123 WARNING  [psi4.optking.history:301] 	Change in internal coordinate of 1.86e+00 exceeds limit of 5.00e-01.
2025-12-23:11:50:57,123 WARNING  [psi4.optking.history:306] 	Skipping Hessian update for step 2.
2025-12-23:11:50:57,123 WARNING  [psi4.optking.history:301] 	Change in internal coordinate of 1.87e+00 exceeds limit of 5.00e-01.
2025-12-23:11:50:57,123 WARNING  [psi4.optking.history:306] 	Skipping Hessian update for step 1.
2025-12-23:11:50:57,123 INFO     [psi4.optking.history:317] 	Steps to be used in Hessian update:  10 9

2025-12-23:11:50:57,123 INFO     [psi4.optking.history:418] 	Updated Hessian (in au) 
 	   0.163217

2025-12-23:11:50:57,123 INFO     [psi4.optking.molsys:944] Projected (PHP) Hessian matrix
	   0.163217

2025-12-23:11:50:57,123 INFO     [psi4.optking.opt_helper:182] 
	         Geometry (au)                                       Gradient (au)
   0.0000000000   0.0000000000   2.4357502652		   0.0000000000   0.0000000000  -0.0176039391
   0.0000000000   0.0000000000  -1.7052237855		   0.0000000000   0.0000000000   0.0176276583

2025-12-23:11:50:57,123 INFO     [psi4.optking.stepAlgorithms:368] 	Current Step Report 
 
	Current energy:      -816.4755494327
	Energy change for the previous step:
		Actual       :        -0.0032068662
		Projected    :        -0.0021328351

2025-12-23:11:50:57,123 INFO     [psi4.optking.stepAlgorithms:371] 	Energy ratio =    1.50357
2025-12-23:11:50:57,123 INFO     [psi4.optking.stepAlgorithms:929] 	Using RFO solution 1.
2025-12-23:11:50:57,123 INFO     [psi4.optking.displace:100] 	Determining Cartesian step for fragment 1.
2025-12-23:11:50:57,123 INFO     [psi4.optking.displace:415] 	Successfully converged to displaced geometry.
2025-12-23:11:50:57,123 INFO     [psi4.optking.displace:416] 	RMS(dx):  0.000e+00 	Max(dx):  0.000e+00 	RMS(dq):  0.000e+00
2025-12-23:11:50:57,123 INFO     [psi4.optking.displace:172] 

	        --- Internal Coordinate Step in ANG or DEG, aJ/ANG or AJ/DEG ---
	-------------------------------------------------------------------------------
	           Coordinate      Previous         Force          Change          New 
	           ----------      --------        ------          ------        ------
	               R(1,2)       2.19131        0.14513        0.05646       2.24777
	-------------------------------------------------------------------------------

2025-12-23:11:50:57,124 INFO     [psi4.optking.stepAlgorithms:113] 	|target step| :    0.1066997831
2025-12-23:11:50:57,124 INFO     [psi4.optking.stepAlgorithms:114] 	gradient     :   -0.0176157987
2025-12-23:11:50:57,124 INFO     [psi4.optking.stepAlgorithms:115] 	hessian      :    0.1632172539
2025-12-23:11:50:57,124 INFO     [psi4.optking.stepAlgorithms:113] 	|target step| :    0.1066997831
2025-12-23:11:50:57,124 INFO     [psi4.optking.stepAlgorithms:114] 	gradient     :   -0.0176157987
2025-12-23:11:50:57,124 INFO     [psi4.optking.stepAlgorithms:115] 	hessian      :    0.1632172539
2025-12-23:11:50:57,124 INFO     [psi4.optking.stepAlgorithms:206] 	Norm of achieved step-size    0.1066997831
2025-12-23:11:50:57,124 INFO     [psi4.optking.stepAlgorithms:208] 	Norm of achieved step-size (cart):    0.0754481402
2025-12-23:11:50:57,124 INFO     [psi4.optking.opt_helper:164] Molsys:

	                            ===> Fragment 1 <== 

	 Z (Atomic Numbers)          Masses                          Geom                  
	      14.000000            27.976927          0.00000000  0.00000000  2.48910016   
	      18.000000            39.962383          0.00000000  0.00000000 -1.75857368   

	 - Coordinate -           - BOHR/RAD -       - ANG/DEG -
	 R(1,2)           =         4.247674           2.247772

2025-12-23:11:50:57,124 INFO     [psi4.optking.convcheck:76] Performing convergence check.
2025-12-23:11:50:57,124 INFO     [psi4.optking.convcheck:282] 
	                                 ==> Convergence Check <==                                  
    
	Measures of convergence in internal coordinates in au.
    
	Criteria marked as inactive (o), active & met (*), and active & unmet ( ).

	----------------------------------------------------------------------------------------------
	   Step    Total Energy     Delta E     Max Force     RMS Force      Max Disp      RMS Disp   
	----------------------------------------------------------------------------------------------
	  Convergence Criteria     1.00e-06 *    3.00e-04 *             o    1.20e-03 *             o
	----------------------------------------------------------------------------------------------
	    11    -816.47554943   -3.21e-03      1.76e-02      1.76e-02 o    1.07e-01      1.07e-01 o  ~
	----------------------------------------------------------------------------------------------


2025-12-23:11:50:57,124 INFO     [psi4.optking.stepAlgorithms:296] 	Convergence check returned False
2025-12-23:11:50:57,134 INFO     [psi4.driver.task_planner:259] PLANNING Atomic:  keywords={'DAMPING_PERCENTAGE': 1.0, 'GEOM_MAXITER': 500, 'SCF__GUESS': 'READ', 'GUESS': 'SAP', 'MAXITER': 500, 'REFERENCE': 'UKS', 'function_kwargs': {}}
2025-12-23:11:50:57,135 INFO     [psi4.driver.driver:638] Compute gradient(): method=b3lyp, basis=cc-pvdz, molecule=default, nre=59.32658905989338
2025-12-23:11:50:57,726 INFO     [psi4.driver.driver:641] Return gradient(): -816.4768769824753
2025-12-23:11:50:57,726 INFO     [psi4.driver.driver:642] [[ 0.00000000  0.00000000 -0.00770516]
 [ 0.00000000 -0.00000000  0.00772969]]
2025-12-23:11:50:57,728 INFO     [psi4.optking.history:269] 	Performing BFGS update.
2025-12-23:11:50:57,728 INFO     [psi4.optking.history:280] 	Using 4 previous steps for update.
2025-12-23:11:50:57,728 WARNING  [psi4.optking.history:301] 	Change in internal coordinate of 7.13e-01 exceeds limit of 5.00e-01.
2025-12-23:11:50:57,728 WARNING  [psi4.optking.history:306] 	Skipping Hessian update for step 8.
2025-12-23:11:50:57,728 WARNING  [psi4.optking.history:301] 	Change in internal coordinate of 9.92e-01 exceeds limit of 5.00e-01.
2025-12-23:11:50:57,728 WARNING  [psi4.optking.history:306] 	Skipping Hessian update for step 7.
2025-12-23:11:50:57,728 WARNING  [psi4.optking.history:301] 	Change in internal coordinate of 1.26e+00 exceeds limit of 5.00e-01.
2025-12-23:11:50:57,728 WARNING  [psi4.optking.history:306] 	Skipping Hessian update for step 6.
2025-12-23:11:50:57,728 WARNING  [psi4.optking.history:301] 	Change in internal coordinate of 1.50e+00 exceeds limit of 5.00e-01.
2025-12-23:11:50:57,728 WARNING  [psi4.optking.history:306] 	Skipping Hessian update for step 5.
2025-12-23:11:50:57,728 WARNING  [psi4.optking.history:301] 	Change in internal coordinate of 1.84e+00 exceeds limit of 5.00e-01.
2025-12-23:11:50:57,728 WARNING  [psi4.optking.history:306] 	Skipping Hessian update for step 4.
2025-12-23:11:50:57,728 WARNING  [psi4.optking.history:301] 	Change in internal coordinate of 1.94e+00 exceeds limit of 5.00e-01.
2025-12-23:11:50:57,728 WARNING  [psi4.optking.history:306] 	Skipping Hessian update for step 3.
2025-12-23:11:50:57,728 WARNING  [psi4.optking.history:301] 	Change in internal coordinate of 1.97e+00 exceeds limit of 5.00e-01.
2025-12-23:11:50:57,728 WARNING  [psi4.optking.history:306] 	Skipping Hessian update for step 2.
2025-12-23:11:50:57,728 WARNING  [psi4.optking.history:301] 	Change in internal coordinate of 1.98e+00 exceeds limit of 5.00e-01.
2025-12-23:11:50:57,728 WARNING  [psi4.optking.history:306] 	Skipping Hessian update for step 1.
2025-12-23:11:50:57,728 INFO     [psi4.optking.history:317] 	Steps to be used in Hessian update:  11 10 9

2025-12-23:11:50:57,729 INFO     [psi4.optking.history:418] 	Updated Hessian (in au) 
 	   0.146811

2025-12-23:11:50:57,729 INFO     [psi4.optking.molsys:944] Projected (PHP) Hessian matrix
	   0.146811

2025-12-23:11:50:57,729 INFO     [psi4.optking.opt_helper:182] 
	         Geometry (au)                                       Gradient (au)
   0.0000000000   0.0000000000   2.4985118334		   0.0000000000   0.0000000000  -0.0077051567
   0.0000000000   0.0000000000  -1.7491620005		   0.0000000000  -0.0000000000   0.0077296866

2025-12-23:11:50:57,729 INFO     [psi4.optking.stepAlgorithms:368] 	Current Step Report 
 
	Current energy:      -816.4768769825
	Energy change for the previous step:
		Actual       :        -0.0013275498
		Projected    :        -0.0009398010

2025-12-23:11:50:57,729 INFO     [psi4.optking.stepAlgorithms:371] 	Energy ratio =    1.41259
2025-12-23:11:50:57,729 INFO     [psi4.optking.stepAlgorithms:929] 	Using RFO solution 1.
2025-12-23:11:50:57,729 INFO     [psi4.optking.displace:100] 	Determining Cartesian step for fragment 1.
2025-12-23:11:50:57,729 INFO     [psi4.optking.displace:415] 	Successfully converged to displaced geometry.
2025-12-23:11:50:57,729 INFO     [psi4.optking.displace:416] 	RMS(dx):  0.000e+00 	Max(dx):  0.000e+00 	RMS(dq):  0.000e+00
2025-12-23:11:50:57,729 INFO     [psi4.optking.displace:172] 

	        --- Internal Coordinate Step in ANG or DEG, aJ/ANG or AJ/DEG ---
	-------------------------------------------------------------------------------
	           Coordinate      Previous         Force          Change          New 
	           ----------      --------        ------          ------        ------
	               R(1,2)       2.24777        0.06358        0.02774       2.27551
	-------------------------------------------------------------------------------

2025-12-23:11:50:57,729 INFO     [psi4.optking.stepAlgorithms:113] 	|target step| :    0.0524226937
2025-12-23:11:50:57,729 INFO     [psi4.optking.stepAlgorithms:114] 	gradient     :   -0.0077174216
2025-12-23:11:50:57,729 INFO     [psi4.optking.stepAlgorithms:115] 	hessian      :    0.1468107143
2025-12-23:11:50:57,729 INFO     [psi4.optking.stepAlgorithms:113] 	|target step| :    0.0524226937
2025-12-23:11:50:57,729 INFO     [psi4.optking.stepAlgorithms:114] 	gradient     :   -0.0077174216
2025-12-23:11:50:57,729 INFO     [psi4.optking.stepAlgorithms:115] 	hessian      :    0.1468107143
2025-12-23:11:50:57,729 INFO     [psi4.optking.stepAlgorithms:206] 	Norm of achieved step-size    0.0524226937
2025-12-23:11:50:57,729 INFO     [psi4.optking.stepAlgorithms:208] 	Norm of achieved step-size (cart):    0.0370684422
2025-12-23:11:50:57,730 INFO     [psi4.optking.opt_helper:164] Molsys:

	                            ===> Fragment 1 <== 

	 Z (Atomic Numbers)          Masses                          Geom                  
	      14.000000            27.976927          0.00000000  0.00000000  2.52472318   
	      18.000000            39.962383          0.00000000  0.00000000 -1.77537335   

	 - Coordinate -           - BOHR/RAD -       - ANG/DEG -
	 R(1,2)           =         4.300097           2.275513

2025-12-23:11:50:57,730 INFO     [psi4.optking.convcheck:76] Performing convergence check.
2025-12-23:11:50:57,730 INFO     [psi4.optking.convcheck:282] 
	                                 ==> Convergence Check <==                                  
    
	Measures of convergence in internal coordinates in au.
    
	Criteria marked as inactive (o), active & met (*), and active & unmet ( ).

	----------------------------------------------------------------------------------------------
	   Step    Total Energy     Delta E     Max Force     RMS Force      Max Disp      RMS Disp   
	----------------------------------------------------------------------------------------------
	  Convergence Criteria     1.00e-06 *    3.00e-04 *             o    1.20e-03 *             o
	----------------------------------------------------------------------------------------------
	    12    -816.47687698   -1.33e-03      7.72e-03      7.72e-03 o    5.24e-02      5.24e-02 o  ~
	----------------------------------------------------------------------------------------------


2025-12-23:11:50:57,730 INFO     [psi4.optking.stepAlgorithms:296] 	Convergence check returned False
2025-12-23:11:50:57,740 INFO     [psi4.driver.task_planner:259] PLANNING Atomic:  keywords={'DAMPING_PERCENTAGE': 1.0, 'GEOM_MAXITER': 500, 'SCF__GUESS': 'READ', 'GUESS': 'SAP', 'MAXITER': 500, 'REFERENCE': 'UKS', 'function_kwargs': {}}
2025-12-23:11:50:57,741 INFO     [psi4.driver.driver:638] Compute gradient(): method=b3lyp, basis=cc-pvdz, molecule=default, nre=58.603335620164756
2025-12-23:11:50:58,332 INFO     [psi4.driver.driver:641] Return gradient(): -816.4771744326545
2025-12-23:11:50:58,332 INFO     [psi4.driver.driver:642] [[-0.00000000  0.00000000 -0.00372511]
 [ 0.00000000 -0.00000000  0.00374581]]
2025-12-23:11:50:58,334 INFO     [psi4.optking.history:269] 	Performing BFGS update.
2025-12-23:11:50:58,335 INFO     [psi4.optking.history:280] 	Using 4 previous steps for update.
2025-12-23:11:50:58,335 WARNING  [psi4.optking.history:301] 	Change in internal coordinate of 5.11e-01 exceeds limit of 5.00e-01.
2025-12-23:11:50:58,335 WARNING  [psi4.optking.history:306] 	Skipping Hessian update for step 9.
2025-12-23:11:50:58,335 WARNING  [psi4.optking.history:301] 	Change in internal coordinate of 7.65e-01 exceeds limit of 5.00e-01.
2025-12-23:11:50:58,335 WARNING  [psi4.optking.history:306] 	Skipping Hessian update for step 8.
2025-12-23:11:50:58,335 WARNING  [psi4.optking.history:301] 	Change in internal coordinate of 1.04e+00 exceeds limit of 5.00e-01.
2025-12-23:11:50:58,335 WARNING  [psi4.optking.history:306] 	Skipping Hessian update for step 7.
2025-12-23:11:50:58,335 WARNING  [psi4.optking.history:301] 	Change in internal coordinate of 1.32e+00 exceeds limit of 5.00e-01.
2025-12-23:11:50:58,335 WARNING  [psi4.optking.history:306] 	Skipping Hessian update for step 6.
2025-12-23:11:50:58,335 WARNING  [psi4.optking.history:301] 	Change in internal coordinate of 1.55e+00 exceeds limit of 5.00e-01.
2025-12-23:11:50:58,335 WARNING  [psi4.optking.history:306] 	Skipping Hessian update for step 5.
2025-12-23:11:50:58,335 WARNING  [psi4.optking.history:301] 	Change in internal coordinate of 1.89e+00 exceeds limit of 5.00e-01.
2025-12-23:11:50:58,335 WARNING  [psi4.optking.history:306] 	Skipping Hessian update for step 4.
2025-12-23:11:50:58,335 WARNING  [psi4.optking.history:301] 	Change in internal coordinate of 1.99e+00 exceeds limit of 5.00e-01.
2025-12-23:11:50:58,335 WARNING  [psi4.optking.history:306] 	Skipping Hessian update for step 3.
2025-12-23:11:50:58,335 WARNING  [psi4.optking.history:301] 	Change in internal coordinate of 2.02e+00 exceeds limit of 5.00e-01.
2025-12-23:11:50:58,335 WARNING  [psi4.optking.history:306] 	Skipping Hessian update for step 2.
2025-12-23:11:50:58,335 WARNING  [psi4.optking.history:301] 	Change in internal coordinate of 2.03e+00 exceeds limit of 5.00e-01.
2025-12-23:11:50:58,335 WARNING  [psi4.optking.history:306] 	Skipping Hessian update for step 1.
2025-12-23:11:50:58,335 INFO     [psi4.optking.history:317] 	Steps to be used in Hessian update:  12 11 10

2025-12-23:11:50:58,335 INFO     [psi4.optking.history:418] 	Updated Hessian (in au) 
 	   0.103226

2025-12-23:11:50:58,335 INFO     [psi4.optking.molsys:944] Projected (PHP) Hessian matrix
	   0.103226

2025-12-23:11:50:58,335 INFO     [psi4.optking.opt_helper:182] 
	         Geometry (au)                                       Gradient (au)
   0.0000000000   0.0000000000   2.5293472331		  -0.0000000000   0.0000000000  -0.0037251075
   0.0000000000   0.0000000000  -1.7707492944		   0.0000000000  -0.0000000000   0.0037458104

2025-12-23:11:50:58,335 INFO     [psi4.optking.stepAlgorithms:368] 	Current Step Report 
 
	Current energy:      -816.4771744327
	Energy change for the previous step:
		Actual       :        -0.0002974502
		Projected    :        -0.0002022840

2025-12-23:11:50:58,336 INFO     [psi4.optking.stepAlgorithms:371] 	Energy ratio =    1.47046
2025-12-23:11:50:58,336 INFO     [psi4.optking.stepAlgorithms:929] 	Using RFO solution 1.
2025-12-23:11:50:58,336 INFO     [psi4.optking.displace:100] 	Determining Cartesian step for fragment 1.
2025-12-23:11:50:58,336 INFO     [psi4.optking.displace:415] 	Successfully converged to displaced geometry.
2025-12-23:11:50:58,336 INFO     [psi4.optking.displace:416] 	RMS(dx):  0.000e+00 	Max(dx):  0.000e+00 	RMS(dq):  0.000e+00
2025-12-23:11:50:58,336 INFO     [psi4.optking.displace:172] 

	        --- Internal Coordinate Step in ANG or DEG, aJ/ANG or AJ/DEG ---
	-------------------------------------------------------------------------------
	           Coordinate      Previous         Force          Change          New 
	           ----------      --------        ------          ------        ------
	               R(1,2)       2.27551        0.03078        0.01912       2.29464
	-------------------------------------------------------------------------------

2025-12-23:11:50:58,336 INFO     [psi4.optking.stepAlgorithms:113] 	|target step| :    0.0361399579
2025-12-23:11:50:58,336 INFO     [psi4.optking.stepAlgorithms:114] 	gradient     :   -0.0037354590
2025-12-23:11:50:58,336 INFO     [psi4.optking.stepAlgorithms:115] 	hessian      :    0.1032259116
2025-12-23:11:50:58,336 INFO     [psi4.optking.stepAlgorithms:113] 	|target step| :    0.0361399579
2025-12-23:11:50:58,336 INFO     [psi4.optking.stepAlgorithms:114] 	gradient     :   -0.0037354590
2025-12-23:11:50:58,336 INFO     [psi4.optking.stepAlgorithms:115] 	hessian      :    0.1032259116
2025-12-23:11:50:58,336 INFO     [psi4.optking.stepAlgorithms:206] 	Norm of achieved step-size    0.0361399579
2025-12-23:11:50:58,336 INFO     [psi4.optking.stepAlgorithms:208] 	Norm of achieved step-size (cart):    0.0255548093
2025-12-23:11:50:58,336 INFO     [psi4.optking.opt_helper:164] Molsys:

	                            ===> Fragment 1 <== 

	 Z (Atomic Numbers)          Masses                          Geom                  
	      14.000000            27.976927          0.00000000  0.00000000  2.54741721   
	      18.000000            39.962383          0.00000000  0.00000000 -1.78881927   

	 - Coordinate -           - BOHR/RAD -       - ANG/DEG -
	 R(1,2)           =         4.336236           2.294638

2025-12-23:11:50:58,336 INFO     [psi4.optking.convcheck:76] Performing convergence check.
2025-12-23:11:50:58,337 INFO     [psi4.optking.convcheck:282] 
	                                 ==> Convergence Check <==                                  
    
	Measures of convergence in internal coordinates in au.
    
	Criteria marked as inactive (o), active & met (*), and active & unmet ( ).

	----------------------------------------------------------------------------------------------
	   Step    Total Energy     Delta E     Max Force     RMS Force      Max Disp      RMS Disp   
	----------------------------------------------------------------------------------------------
	  Convergence Criteria     1.00e-06 *    3.00e-04 *             o    1.20e-03 *             o
	----------------------------------------------------------------------------------------------
	    13    -816.47717443   -2.97e-04      3.74e-03      3.74e-03 o    3.61e-02      3.61e-02 o  ~
	----------------------------------------------------------------------------------------------


2025-12-23:11:50:58,337 INFO     [psi4.optking.stepAlgorithms:296] 	Convergence check returned False
2025-12-23:11:50:58,346 INFO     [psi4.driver.task_planner:259] PLANNING Atomic:  keywords={'DAMPING_PERCENTAGE': 1.0, 'GEOM_MAXITER': 500, 'SCF__GUESS': 'READ', 'GUESS': 'SAP', 'MAXITER': 500, 'REFERENCE': 'UKS', 'function_kwargs': {}}
2025-12-23:11:50:58,347 INFO     [psi4.driver.driver:638] Compute gradient(): method=b3lyp, basis=cc-pvdz, molecule=default, nre=58.1149115943168
2025-12-23:11:50:58,895 INFO     [psi4.driver.driver:641] Return gradient(): -816.477263978811
2025-12-23:11:50:58,895 INFO     [psi4.driver.driver:642] [[-0.00000000  0.00000000 -0.00127715]
 [-0.00000000  0.00000000  0.00129635]]
2025-12-23:11:50:58,896 INFO     [psi4.optking.history:269] 	Performing BFGS update.
2025-12-23:11:50:58,896 INFO     [psi4.optking.history:280] 	Using 4 previous steps for update.
2025-12-23:11:50:58,897 INFO     [psi4.optking.history:317] 	Steps to be used in Hessian update:  13 12 11 10

2025-12-23:11:50:58,897 INFO     [psi4.optking.history:418] 	Updated Hessian (in au) 
 	   0.099259

2025-12-23:11:50:58,897 INFO     [psi4.optking.molsys:944] Projected (PHP) Hessian matrix
	   0.099259

2025-12-23:11:50:58,897 INFO     [psi4.optking.opt_helper:182] 
	         Geometry (au)                                       Gradient (au)
   0.0000000000   0.0000000000   2.5506050123		  -0.0000000000   0.0000000000  -0.0012771466
   0.0000000000   0.0000000000  -1.7856314731		  -0.0000000000   0.0000000000   0.0012963518

2025-12-23:11:50:58,897 INFO     [psi4.optking.stepAlgorithms:368] 	Current Step Report 
 
	Current energy:      -816.4772639788
	Energy change for the previous step:
		Actual       :        -0.0000895462
		Projected    :        -0.0000674997

2025-12-23:11:50:58,897 INFO     [psi4.optking.stepAlgorithms:371] 	Energy ratio =    1.32662
2025-12-23:11:50:58,897 INFO     [psi4.optking.stepAlgorithms:929] 	Using RFO solution 1.
2025-12-23:11:50:58,897 INFO     [psi4.optking.displace:100] 	Determining Cartesian step for fragment 1.
2025-12-23:11:50:58,898 INFO     [psi4.optking.displace:415] 	Successfully converged to displaced geometry.
2025-12-23:11:50:58,898 INFO     [psi4.optking.displace:416] 	RMS(dx):  2.564e-16 	Max(dx):  4.441e-16 	RMS(dq):  0.000e+00
2025-12-23:11:50:58,898 INFO     [psi4.optking.displace:172] 

	        --- Internal Coordinate Step in ANG or DEG, aJ/ANG or AJ/DEG ---
	-------------------------------------------------------------------------------
	           Coordinate      Previous         Force          Change          New 
	           ----------      --------        ------          ------        ------
	               R(1,2)       2.29464        0.01060        0.00686       2.30150
	-------------------------------------------------------------------------------

2025-12-23:11:50:58,898 INFO     [psi4.optking.stepAlgorithms:113] 	|target step| :    0.0129613919
2025-12-23:11:50:58,898 INFO     [psi4.optking.stepAlgorithms:114] 	gradient     :   -0.0012867492
2025-12-23:11:50:58,898 INFO     [psi4.optking.stepAlgorithms:115] 	hessian      :    0.0992588626
2025-12-23:11:50:58,898 INFO     [psi4.optking.stepAlgorithms:113] 	|target step| :    0.0129613919
2025-12-23:11:50:58,898 INFO     [psi4.optking.stepAlgorithms:114] 	gradient     :   -0.0012867492
2025-12-23:11:50:58,898 INFO     [psi4.optking.stepAlgorithms:115] 	hessian      :    0.0992588626
2025-12-23:11:50:58,898 INFO     [psi4.optking.stepAlgorithms:206] 	Norm of achieved step-size    0.0129613919
2025-12-23:11:50:58,898 INFO     [psi4.optking.stepAlgorithms:208] 	Norm of achieved step-size (cart):    0.0091650881
2025-12-23:11:50:58,898 INFO     [psi4.optking.opt_helper:164] Molsys:

	                            ===> Fragment 1 <== 

	 Z (Atomic Numbers)          Masses                          Geom                  
	      14.000000            27.976927          0.00000000  0.00000000  2.55708571   
	      18.000000            39.962383          0.00000000  0.00000000 -1.79211217   

	 - Coordinate -           - BOHR/RAD -       - ANG/DEG -
	 R(1,2)           =         4.349198           2.301496

2025-12-23:11:50:58,898 INFO     [psi4.optking.convcheck:76] Performing convergence check.
2025-12-23:11:50:58,898 INFO     [psi4.optking.convcheck:282] 
	                                 ==> Convergence Check <==                                  
    
	Measures of convergence in internal coordinates in au.
    
	Criteria marked as inactive (o), active & met (*), and active & unmet ( ).

	----------------------------------------------------------------------------------------------
	   Step    Total Energy     Delta E     Max Force     RMS Force      Max Disp      RMS Disp   
	----------------------------------------------------------------------------------------------
	  Convergence Criteria     1.00e-06 *    3.00e-04 *             o    1.20e-03 *             o
	----------------------------------------------------------------------------------------------
	    14    -816.47726398   -8.95e-05      1.29e-03      1.29e-03 o    1.30e-02      1.30e-02 o  ~
	----------------------------------------------------------------------------------------------


2025-12-23:11:50:58,898 INFO     [psi4.optking.stepAlgorithms:296] 	Convergence check returned False
2025-12-23:11:50:58,908 INFO     [psi4.driver.task_planner:259] PLANNING Atomic:  keywords={'DAMPING_PERCENTAGE': 1.0, 'GEOM_MAXITER': 500, 'SCF__GUESS': 'READ', 'GUESS': 'SAP', 'MAXITER': 500, 'REFERENCE': 'UKS', 'function_kwargs': {}}
2025-12-23:11:50:58,909 INFO     [psi4.driver.driver:638] Compute gradient(): method=b3lyp, basis=cc-pvdz, molecule=default, nre=57.94171870529231
2025-12-23:11:50:59,466 INFO     [psi4.driver.driver:641] Return gradient(): -816.4772750623976
2025-12-23:11:50:59,466 INFO     [psi4.driver.driver:642] [[-0.00000000 -0.00000000 -0.00045404]
 [-0.00000000  0.00000000  0.00047326]]
2025-12-23:11:50:59,468 INFO     [psi4.optking.history:269] 	Performing BFGS update.
2025-12-23:11:50:59,468 INFO     [psi4.optking.history:280] 	Using 4 previous steps for update.
2025-12-23:11:50:59,468 INFO     [psi4.optking.history:317] 	Steps to be used in Hessian update:  14 13 12 11

2025-12-23:11:50:59,468 INFO     [psi4.optking.history:418] 	Updated Hessian (in au) 
 	   0.082374

2025-12-23:11:50:59,468 INFO     [psi4.optking.molsys:944] Projected (PHP) Hessian matrix
	   0.082374

2025-12-23:11:50:59,468 INFO     [psi4.optking.opt_helper:182] 
	         Geometry (au)                                       Gradient (au)
   0.0000000000   0.0000000000   2.5582289948		  -0.0000000000  -0.0000000000  -0.0004540375
   0.0000000000   0.0000000000  -1.7909688825		  -0.0000000000   0.0000000000   0.0004732627

2025-12-23:11:50:59,468 INFO     [psi4.optking.stepAlgorithms:368] 	Current Step Report 
 
	Current energy:      -816.4772750624
	Energy change for the previous step:
		Actual       :        -0.0000110836
		Projected    :        -0.0000083390

2025-12-23:11:50:59,468 INFO     [psi4.optking.stepAlgorithms:371] 	Energy ratio =    1.32912
2025-12-23:11:50:59,468 INFO     [psi4.optking.stepAlgorithms:929] 	Using RFO solution 1.
2025-12-23:11:50:59,469 INFO     [psi4.optking.displace:100] 	Determining Cartesian step for fragment 1.
2025-12-23:11:50:59,469 INFO     [psi4.optking.displace:415] 	Successfully converged to displaced geometry.
2025-12-23:11:50:59,469 INFO     [psi4.optking.displace:416] 	RMS(dx):  0.000e+00 	Max(dx):  0.000e+00 	RMS(dq):  0.000e+00
2025-12-23:11:50:59,469 INFO     [psi4.optking.displace:172] 

	        --- Internal Coordinate Step in ANG or DEG, aJ/ANG or AJ/DEG ---
	-------------------------------------------------------------------------------
	           Coordinate      Previous         Force          Change          New 
	           ----------      --------        ------          ------        ------
	               R(1,2)       2.30150        0.00382        0.00298       2.30447
	-------------------------------------------------------------------------------

2025-12-23:11:50:59,469 INFO     [psi4.optking.stepAlgorithms:113] 	|target step| :    0.0056284460
2025-12-23:11:50:59,469 INFO     [psi4.optking.stepAlgorithms:114] 	gradient     :   -0.0004636501
2025-12-23:11:50:59,469 INFO     [psi4.optking.stepAlgorithms:115] 	hessian      :    0.0823736115
2025-12-23:11:50:59,469 INFO     [psi4.optking.stepAlgorithms:113] 	|target step| :    0.0056284460
2025-12-23:11:50:59,469 INFO     [psi4.optking.stepAlgorithms:114] 	gradient     :   -0.0004636501
2025-12-23:11:50:59,469 INFO     [psi4.optking.stepAlgorithms:115] 	hessian      :    0.0823736115
2025-12-23:11:50:59,469 INFO     [psi4.optking.stepAlgorithms:206] 	Norm of achieved step-size    0.0056284460
2025-12-23:11:50:59,469 INFO     [psi4.optking.stepAlgorithms:208] 	Norm of achieved step-size (cart):    0.0039799124
2025-12-23:11:50:59,469 INFO     [psi4.optking.opt_helper:164] Molsys:

	                            ===> Fragment 1 <== 

	 Z (Atomic Numbers)          Masses                          Geom                  
	      14.000000            27.976927          0.00000000  0.00000000  2.56104322   
	      18.000000            39.962383          0.00000000  0.00000000 -1.79378311   

	 - Coordinate -           - BOHR/RAD -       - ANG/DEG -
	 R(1,2)           =         4.354826           2.304475

2025-12-23:11:50:59,469 INFO     [psi4.optking.convcheck:76] Performing convergence check.
2025-12-23:11:50:59,469 INFO     [psi4.optking.convcheck:282] 
	                                 ==> Convergence Check <==                                  
    
	Measures of convergence in internal coordinates in au.
    
	Criteria marked as inactive (o), active & met (*), and active & unmet ( ).

	----------------------------------------------------------------------------------------------
	   Step    Total Energy     Delta E     Max Force     RMS Force      Max Disp      RMS Disp   
	----------------------------------------------------------------------------------------------
	  Convergence Criteria     1.00e-06 *    3.00e-04 *             o    1.20e-03 *             o
	----------------------------------------------------------------------------------------------
	    15    -816.47727506   -1.11e-05      4.64e-04      4.64e-04 o    5.63e-03      5.63e-03 o  ~
	----------------------------------------------------------------------------------------------


2025-12-23:11:50:59,469 INFO     [psi4.optking.stepAlgorithms:296] 	Convergence check returned False
2025-12-23:11:50:59,479 INFO     [psi4.driver.task_planner:259] PLANNING Atomic:  keywords={'DAMPING_PERCENTAGE': 1.0, 'GEOM_MAXITER': 500, 'SCF__GUESS': 'READ', 'GUESS': 'SAP', 'MAXITER': 500, 'REFERENCE': 'UKS', 'function_kwargs': {}}
2025-12-23:11:50:59,480 INFO     [psi4.driver.driver:638] Compute gradient(): method=b3lyp, basis=cc-pvdz, molecule=default, nre=57.866831255784696
2025-12-23:11:51:00,31 INFO     [psi4.driver.driver:641] Return gradient(): -816.4772765818553
2025-12-23:11:51:00,31 INFO     [psi4.driver.driver:642] [[ 0.00000000  0.00000000 -0.00010529]
 [-0.00000000  0.00000000  0.00012462]]
2025-12-23:11:51:00,33 INFO     [psi4.optking.history:269] 	Performing BFGS update.
2025-12-23:11:51:00,33 INFO     [psi4.optking.history:280] 	Using 4 previous steps for update.
2025-12-23:11:51:00,33 INFO     [psi4.optking.history:317] 	Steps to be used in Hessian update:  15 14 13 12

2025-12-23:11:51:00,33 INFO     [psi4.optking.history:418] 	Updated Hessian (in au) 
 	   0.070950

2025-12-23:11:51:00,34 INFO     [psi4.optking.molsys:944] Projected (PHP) Hessian matrix
	   0.070950

2025-12-23:11:51:00,34 INFO     [psi4.optking.opt_helper:182] 
	         Geometry (au)                                       Gradient (au)
   0.0000000000   0.0000000000   2.5615396866		   0.0000000000   0.0000000000  -0.0001052851
   0.0000000000   0.0000000000  -1.7932866367		  -0.0000000000   0.0000000000   0.0001246177

2025-12-23:11:51:00,34 INFO     [psi4.optking.stepAlgorithms:368] 	Current Step Report 
 
	Current energy:      -816.4772765819
	Energy change for the previous step:
		Actual       :        -0.0000015195
		Projected    :        -0.0000013048

2025-12-23:11:51:00,34 INFO     [psi4.optking.stepAlgorithms:371] 	Energy ratio =    1.16450
2025-12-23:11:51:00,34 INFO     [psi4.optking.stepAlgorithms:929] 	Using RFO solution 1.
2025-12-23:11:51:00,34 INFO     [psi4.optking.displace:100] 	Determining Cartesian step for fragment 1.
2025-12-23:11:51:00,34 INFO     [psi4.optking.displace:415] 	Successfully converged to displaced geometry.
2025-12-23:11:51:00,34 INFO     [psi4.optking.displace:416] 	RMS(dx):  0.000e+00 	Max(dx):  0.000e+00 	RMS(dq):  0.000e+00
2025-12-23:11:51:00,34 INFO     [psi4.optking.displace:172] 

	        --- Internal Coordinate Step in ANG or DEG, aJ/ANG or AJ/DEG ---
	-------------------------------------------------------------------------------
	           Coordinate      Previous         Force          Change          New 
	           ----------      --------        ------          ------        ------
	               R(1,2)       2.30447        0.00095        0.00086       2.30533
	-------------------------------------------------------------------------------

2025-12-23:11:51:00,34 INFO     [psi4.optking.stepAlgorithms:113] 	|target step| :    0.0016201702
2025-12-23:11:51:00,34 INFO     [psi4.optking.stepAlgorithms:114] 	gradient     :   -0.0001149514
2025-12-23:11:51:00,34 INFO     [psi4.optking.stepAlgorithms:115] 	hessian      :    0.0709500104
2025-12-23:11:51:00,34 INFO     [psi4.optking.stepAlgorithms:113] 	|target step| :    0.0016201702
2025-12-23:11:51:00,34 INFO     [psi4.optking.stepAlgorithms:114] 	gradient     :   -0.0001149514
2025-12-23:11:51:00,34 INFO     [psi4.optking.stepAlgorithms:115] 	hessian      :    0.0709500104
2025-12-23:11:51:00,34 INFO     [psi4.optking.stepAlgorithms:206] 	Norm of achieved step-size    0.0016201702
2025-12-23:11:51:00,34 INFO     [psi4.optking.stepAlgorithms:208] 	Norm of achieved step-size (cart):    0.0011456334
2025-12-23:11:51:00,34 INFO     [psi4.optking.opt_helper:164] Molsys:

	                            ===> Fragment 1 <== 

	 Z (Atomic Numbers)          Masses                          Geom                  
	      14.000000            27.976927          0.00000000  0.00000000  2.56234977   
	      18.000000            39.962383          0.00000000  0.00000000 -1.79409672   

	 - Coordinate -           - BOHR/RAD -       - ANG/DEG -
	 R(1,2)           =         4.356446           2.305332

2025-12-23:11:51:00,35 INFO     [psi4.optking.convcheck:76] Performing convergence check.
2025-12-23:11:51:00,35 INFO     [psi4.optking.convcheck:282] 
	                                 ==> Convergence Check <==                                  
    
	Measures of convergence in internal coordinates in au.
    
	Criteria marked as inactive (o), active & met (*), and active & unmet ( ).

	----------------------------------------------------------------------------------------------
	   Step    Total Energy     Delta E     Max Force     RMS Force      Max Disp      RMS Disp   
	----------------------------------------------------------------------------------------------
	  Convergence Criteria     1.00e-06 *    3.00e-04 *             o    1.20e-03 *             o
	----------------------------------------------------------------------------------------------
	    16    -816.47727658   -1.52e-06      1.15e-04 *    1.15e-04 o    1.62e-03      1.62e-03 o  ~
	----------------------------------------------------------------------------------------------


2025-12-23:11:51:00,35 INFO     [psi4.optking.stepAlgorithms:296] 	Convergence check returned False
2025-12-23:11:51:00,44 INFO     [psi4.driver.task_planner:259] PLANNING Atomic:  keywords={'DAMPING_PERCENTAGE': 1.0, 'GEOM_MAXITER': 500, 'SCF__GUESS': 'READ', 'GUESS': 'SAP', 'MAXITER': 500, 'REFERENCE': 'UKS', 'function_kwargs': {}}
2025-12-23:11:51:00,46 INFO     [psi4.driver.driver:638] Compute gradient(): method=b3lyp, basis=cc-pvdz, molecule=default, nre=57.84531047765967
2025-12-23:11:51:00,616 INFO     [psi4.driver.driver:641] Return gradient(): -816.477276656115
2025-12-23:11:51:00,616 INFO     [psi4.driver.driver:642] [[ 0.00000000  0.00000000 -0.00000586]
 [ 0.00000000 -0.00000000  0.00002523]]
2025-12-23:11:51:00,618 INFO     [psi4.optking.history:269] 	Performing BFGS update.
2025-12-23:11:51:00,618 INFO     [psi4.optking.history:280] 	Using 4 previous steps for update.
2025-12-23:11:51:00,618 INFO     [psi4.optking.history:317] 	Steps to be used in Hessian update:  16 15 14 13

2025-12-23:11:51:00,618 INFO     [psi4.optking.history:418] 	Updated Hessian (in au) 
 	   0.066015

2025-12-23:11:51:00,618 INFO     [psi4.optking.molsys:944] Projected (PHP) Hessian matrix
	   0.066015

2025-12-23:11:51:00,618 INFO     [psi4.optking.opt_helper:182] 
	         Geometry (au)                                       Gradient (au)
   0.0000000000   0.0000000000   2.5624926822		   0.0000000000   0.0000000000  -0.0000058561
   0.0000000000   0.0000000000  -1.7939538114		   0.0000000000  -0.0000000000   0.0000252304

2025-12-23:11:51:00,618 INFO     [psi4.optking.stepAlgorithms:368] 	Current Step Report 
 
	Current energy:      -816.4772766561
	Energy change for the previous step:
		Actual       :        -0.0000000743
		Projected    :        -0.0000000931

2025-12-23:11:51:00,618 INFO     [psi4.optking.stepAlgorithms:371] 	Energy ratio =    0.79746
2025-12-23:11:51:00,619 INFO     [psi4.optking.stepAlgorithms:929] 	Using RFO solution 1.
2025-12-23:11:51:00,619 INFO     [psi4.optking.displace:100] 	Determining Cartesian step for fragment 1.
2025-12-23:11:51:00,619 INFO     [psi4.optking.displace:415] 	Successfully converged to displaced geometry.
2025-12-23:11:51:00,619 INFO     [psi4.optking.displace:416] 	RMS(dx):  2.564e-16 	Max(dx):  4.441e-16 	RMS(dq):  8.882e-16
2025-12-23:11:51:00,619 INFO     [psi4.optking.displace:172] 

	        --- Internal Coordinate Step in ANG or DEG, aJ/ANG or AJ/DEG ---
	-------------------------------------------------------------------------------
	           Coordinate      Previous         Force          Change          New 
	           ----------      --------        ------          ------        ------
	               R(1,2)       2.30533        0.00013        0.00012       2.30546
	-------------------------------------------------------------------------------

2025-12-23:11:51:00,619 INFO     [psi4.optking.stepAlgorithms:113] 	|target step| :    0.0002354517
2025-12-23:11:51:00,619 INFO     [psi4.optking.stepAlgorithms:114] 	gradient     :   -0.0000155432
2025-12-23:11:51:00,619 INFO     [psi4.optking.stepAlgorithms:115] 	hessian      :    0.0660145160
2025-12-23:11:51:00,619 INFO     [psi4.optking.stepAlgorithms:113] 	|target step| :    0.0002354517
2025-12-23:11:51:00,619 INFO     [psi4.optking.stepAlgorithms:114] 	gradient     :   -0.0000155432
2025-12-23:11:51:00,619 INFO     [psi4.optking.stepAlgorithms:115] 	hessian      :    0.0660145160
2025-12-23:11:51:00,619 INFO     [psi4.optking.stepAlgorithms:206] 	Norm of achieved step-size    0.0002354517
2025-12-23:11:51:00,619 INFO     [psi4.optking.stepAlgorithms:208] 	Norm of achieved step-size (cart):    0.0001664895
2025-12-23:11:51:00,619 INFO     [psi4.optking.opt_helper:164] Molsys:

	                            ===> Fragment 1 <== 

	 Z (Atomic Numbers)          Masses                          Geom                  
	      14.000000            27.976927          0.00000000  0.00000000  2.56261041   
	      18.000000            39.962383          0.00000000  0.00000000 -1.79407154   

	 - Coordinate -           - BOHR/RAD -       - ANG/DEG -
	 R(1,2)           =         4.356682           2.305457

2025-12-23:11:51:00,619 INFO     [psi4.optking.convcheck:76] Performing convergence check.
2025-12-23:11:51:00,619 INFO     [psi4.optking.convcheck:282] 
	                                 ==> Convergence Check <==                                  
    
	Measures of convergence in internal coordinates in au.
    
	Criteria marked as inactive (o), active & met (*), and active & unmet ( ).

	----------------------------------------------------------------------------------------------
	   Step    Total Energy     Delta E     Max Force     RMS Force      Max Disp      RMS Disp   
	----------------------------------------------------------------------------------------------
	  Convergence Criteria     1.00e-06 *    3.00e-04 *             o    1.20e-03 *             o
	----------------------------------------------------------------------------------------------
	    17    -816.47727666   -7.43e-08 *    1.55e-05 *    1.55e-05 o    2.35e-04 *    2.35e-04 o  ~
	----------------------------------------------------------------------------------------------


2025-12-23:11:51:00,620 INFO     [psi4.optking.convcheck:206] 
	                      ===> Final Convergence Report <===                     

	----------------------------------------------------------------------------
	|   Required Criteria    |  One or More Criteria  |   Alternate Criteria   |
	----------------------------------------------------------------------------
	| [x]     max_force      | [x]       max_DE       |                        |
	|                        | [x]      max_disp      |                        |
	----------------------------------------------------------------------------


2025-12-23:11:51:00,620 INFO     [psi4.optking.stepAlgorithms:296] 	Convergence check returned True
2025-12-23:11:51:00,620 INFO     [psi4.optking.optimize:332] 	Converged in 17 steps!
2025-12-23:11:51:00,620 INFO     [psi4.optking.optimize:333] 	Final energy is   -816.4772766561150
2025-12-23:11:51:00,620 INFO     [psi4.optking.optimize:334] 	Final structure (Angstroms): 
	Fragment 1 (Ang)

	   Si   0.0000000000   0.0000000000   1.3560750278
	   Ar   0.0000000000   0.0000000000  -0.9493817718


2025-12-23:11:51:00,620 INFO     [psi4.optking.optimize:562] 	Optimization Finished

	==> Optimization Summary <==

        
	Measures of convergence in internal coordinates in au. (Any backward steps not shown.)
        
	---------------------------------------------------------------------------------------------------------------  ~
        
	 Step         Total Energy             Delta E       MAX Force       RMS Force        MAX Disp        RMS Disp   ~
        
	---------------------------------------------------------------------------------------------------------------  ~
        
	     1    -815.173314429983   -815.173314429983      3.00212136      3.00212136      0.01377983      0.01377983  ~
	     2    -815.214066949372     -0.040752519389      2.91307697      2.91307697      0.02672820      0.02672820  ~
	     3    -815.289692297857     -0.075625348485      2.74723502      2.74723502      0.09989153      0.09989153  ~
	     4    -815.535965795222     -0.246273497365      2.20248753      2.20248753      0.34158947      0.34158947  ~
	     5    -816.061933757414     -0.525967962192      1.02325364      1.02325364      0.23541898      0.23541898  ~
	     6    -816.248499605956     -0.186565848542      0.59817094      0.59817094      0.27012816      0.27012816  ~
	     7    -816.368337539471     -0.119837933515      0.31654765      0.31654765      0.27984841      0.27984841  ~
	     8    -816.432193961910     -0.063856422439      0.15604344      0.15604344      0.25445495      0.25445495  ~
	     9    -816.460624098301     -0.028430136390      0.07498065      0.07498065      0.22359616      0.22359616  ~
	    10    -816.472342566402     -0.011718468102      0.03336021      0.03336021      0.12786701      0.12786701  ~
	    11    -816.475549432651     -0.003206866249      0.01761580      0.01761580      0.10669978      0.10669978  ~
	    12    -816.476876982475     -0.001327549825      0.00771742      0.00771742      0.05242269      0.05242269  ~
	    13    -816.477174432654     -0.000297450179      0.00373546      0.00373546      0.03613996      0.03613996  ~
	    14    -816.477263978811     -0.000089546157      0.00128675      0.00128675      0.01296139      0.01296139  ~
	    15    -816.477275062398     -0.000011083587      0.00046365      0.00046365      0.00562845      0.00562845  ~
	    16    -816.477276581855     -0.000001519458      0.00011495      0.00011495      0.00162017      0.00162017  ~
	    17    -816.477276656115     -0.000000074260      0.00001554      0.00001554      0.00023545      0.00023545  ~
	----------------------------------------------------------------------------------------------------------------


2025-12-23:11:51:00,620 INFO     [psi4.optking.optimize:806] Preparing OptimizationResult
