2025-12-23:11:34:31,246 WARNING  [psi4.optking:38] Some dependencies such as QCElemental have not yet finished migration to pydantic v2. If issues are encountered please downgrade pydantic or upgrade QCElemental as appropriate
2025-12-23:11:34:31,404 INFO     [psi4.optking.optwrapper:234] Creating a UserComputer
2025-12-23:11:34:31,404 INFO     [psi4.optking.optwrapper:242] 
    			-----------------------------------------

    			 OPTKING 3.0: for geometry optimizations 

    			     By R.A. King, Bethel University     

    			        with contributions from          

    			    A.V. Copan, J. Cayton, A. Heide      

    			-----------------------------------------

    
2025-12-23:11:34:31,404 INFO     [psi4.optking.optwrapper:272] 
		 -- Optimization Parameters --
	GEOM_MAXITER                   =             500
	ALG_GEOM_MAXITER               =              50
	PRINT                          =               1
	OPT_TYPE                       =             MIN
	STEP_TYPE                      =             RFO
	PROGRAM                        =            PSI4
	STEEPEST_DESCENT_TYPE          =         OVERLAP
	CONJUGATE_GRADIENT_TYPE        =        FLETCHER
	OPT_COORDINATES                =        INTERNAL
	RFO_FOLLOW_ROOT                =           False
	RFO_ROOT                       =               0
	ACCEPT_SYMMETRY_BREAKING       =           False
	DYNAMIC_LVL                    =               0
	DYNAMIC_LVL_MAX                =               0
	IRC_STEP_SIZE                  =             0.2
	IRC_DIRECTION                  =         FORWARD
	IRC_POINTS                     =              20
	IRC_MODE                       =          NORMAL
	IRC_CONVERGENCE                =            -0.7
	INTRAFRAG_STEP_LIMIT           =             0.5
	INTRAFRAG_STEP_LIMIT_MIN       =           0.001
	INTRAFRAG_STEP_LIMIT_MAX       =             1.0
	INTERFRAG_STEP_LIMIT           =             0.5
	INTERFRAG_STEP_LIMIT_MIN       =           0.001
	INTERFRAG_STEP_LIMIT_MAX       =             1.0
	ENSURE_BT_CONVERGENCE          =           False
	SIMPLE_STEP_SCALING            =           False
	CONSECUTIVE_BACKSTEPS          =               0
	RFO_NORMALIZATION_MAX          =             100
	RSRFO_ALPHA_MAX                =     100000000.0
	PRINT_TRAJECTORY_XYZ_FILE      =           False
	WRITE_TRAJECTORY               =           False
	FROZEN_DISTANCE                =                
	FROZEN_BEND                    =                
	FROZEN_DIHEDRAL                =                
	FROZEN_OOFP                    =                
	FROZEN_CARTESIAN               =                
	FREEZE_ALL_DIHEDRALS           =           False
	UNFREEZE_DIHEDRALS             =                
	RANGED_DISTANCE                =                
	RANGED_BEND                    =                
	RANGED_DIHEDRAL                =                
	RANGED_OOFP                    =                
	RANGED_CARTESIAN               =                
	EXT_FORCE_DISTANCE             =                
	EXT_FORCE_BEND                 =                
	EXT_FORCE_DIHEDRAL             =                
	EXT_FORCE_OOFP                 =                
	EXT_FORCE_CARTESIAN            =                
	G_CONVERGENCE                  =           QCHEM
	MAX_FORCE_G_CONVERGENCE        =          0.0003
	RMS_FORCE_G_CONVERGENCE        =          0.0003
	MAX_ENERGY_G_CONVERGENCE       =           1e-06
	MAX_DISP_G_CONVERGENCE         =          0.0012
	RMS_DISP_G_CONVERGENCE         =          0.0012
	FLEXIBLE_G_CONVERGENCE         =           False
	HESS_UPDATE                    =            BFGS
	HESS_UPDATE_USE_LAST           =               4
	HESS_UPDATE_LIMIT              =            True
	HESS_UPDATE_LIMIT_MAX          =             1.0
	HESS_UPDATE_LIMIT_SCALE        =             0.5
	HESS_UPDATE_DEN_TOL            =           1e-07
	HESS_UPDATE_DQ_TOL             =             0.5
	CART_HESS_READ                 =           False
	HESSIAN_FILE                   =               .
	FULL_HESS_EVERY                =              -1
	INTRAFRAG_HESS                 =        SCHLEGEL
	H_GUESS_EVERY                  =           False
	BT_MAX_ITER                    =              25
	BT_DX_CONV                     =           1e-07
	BT_DX_RMS_CHANGE_CONV          =           1e-12
	BT_PINV_RCOND                  =           1e-06
	FRAG_MODE                      =          SINGLE
	FRAG_REF_ATOMS                 =              []
	FREEZE_INTRAFRAG               =           False
	INTERFRAG_MODE                 =           FIXED
	ADD_AUXILIARY_BONDS            =           False
	AUXILIARY_BOND_FACTOR          =             2.5
	INTERFRAG_DIST_INV             =           False
	INTERFRAG_COLLINEAR_TOL        =            0.01
	INTERFRAG_COORDS               =              []
	INTERFRAG_HESS                 =         DEFAULT
	COVALENT_CONNECT               =             1.3
	INTERFRAGMENT_CONNECT          =             1.8
	H_BOND_CONNECT                 =             4.3
	INCLUDE_OOFP                   =           False
	TEST_B                         =           False
	TEST_DERIVATIVE_B              =           False
	LINESEARCH_STEP                =             0.1
	LINESEARCH                     =           False
	SD_HESSIAN                     =             1.0
	FIX_VAL_NEAR_PI                =            1.57
	V3D_TORS_ANGLE_LIM             =           0.017
	V3D_TORS_COS_TOL               =           1e-10
	LINEAR_BEND_THRESHOLD          =            3.05
	SMALL_BEND_FIX_THRESHOLD       =            0.35
	REDUNDANT_EVAL_TOL             =           1e-10
	LINEAR_ALGEBRA_TOL             =           1e-10


2025-12-23:11:34:31,543 INFO     [psi4.optking.opt_helper:164] Molsys:

	                            ===> Fragment 1 <== 

	 Z (Atomic Numbers)          Masses                          Geom                  
	      12.000000            23.985042          0.00000000  0.00000000  1.22094056   
	      14.000000            27.976927          0.00000000  0.00000000 -1.04673079   

	 - Coordinate -           - BOHR/RAD -       - ANG/DEG -
	 R(1,2)           =         2.267671           1.200000

2025-12-23:11:34:31,553 INFO     [psi4.driver.task_planner:259] PLANNING Atomic:  keywords={'DAMPING_PERCENTAGE': 1.0, 'GEOM_MAXITER': 500, 'GUESS': 'SAP', 'MAXITER': 500, 'REFERENCE': 'UKS', 'function_kwargs': {}}
2025-12-23:11:34:31,555 INFO     [psi4.driver.driver:638] Compute gradient(): method=b3lyp, basis=cc-pvdz, molecule=default, nre=74.08480949380001
2025-12-23:11:34:32,332 INFO     [psi4.driver.driver:641] Return gradient(): -488.24406917869544
2025-12-23:11:34:32,333 INFO     [psi4.driver.driver:642] [[ 0.00000000 -0.00000000 -1.60829440]
 [ 0.00000000  0.00000000  1.60839153]]
2025-12-23:11:34:32,334 INFO     [psi4.optking.molsys:944] Projected (PHP) Hessian matrix
	 217.822043

2025-12-23:11:34:32,334 INFO     [psi4.optking.opt_helper:182] 
	         Geometry (au)                                       Gradient (au)
   0.0000000000   0.0000000000   1.2209405636		   0.0000000000  -0.0000000000  -1.6082943951
   0.0000000000   0.0000000000  -1.0467307869		   0.0000000000   0.0000000000   1.6083915300

2025-12-23:11:34:32,335 INFO     [psi4.optking.stepAlgorithms:929] 	Using RFO solution 1.
2025-12-23:11:34:32,335 INFO     [psi4.optking.displace:100] 	Determining Cartesian step for fragment 1.
2025-12-23:11:34:32,335 INFO     [psi4.optking.displace:415] 	Successfully converged to displaced geometry.
2025-12-23:11:34:32,335 INFO     [psi4.optking.displace:416] 	RMS(dx):  0.000e+00 	Max(dx):  0.000e+00 	RMS(dq):  0.000e+00
2025-12-23:11:34:32,335 INFO     [psi4.optking.displace:172] 

	        --- Internal Coordinate Step in ANG or DEG, aJ/ANG or AJ/DEG ---
	-------------------------------------------------------------------------------
	           Coordinate      Previous         Force          Change          New 
	           ----------      --------        ------          ------        ------
	               R(1,2)       1.20000       13.25069        0.00391       1.20391
	-------------------------------------------------------------------------------

2025-12-23:11:34:32,335 INFO     [psi4.optking.stepAlgorithms:113] 	|target step| :    0.0073833450
2025-12-23:11:34:32,335 INFO     [psi4.optking.stepAlgorithms:114] 	gradient     :   -1.6083429625
2025-12-23:11:34:32,335 INFO     [psi4.optking.stepAlgorithms:115] 	hessian      :  217.8220428578
2025-12-23:11:34:32,335 INFO     [psi4.optking.stepAlgorithms:113] 	|target step| :    0.0073833450
2025-12-23:11:34:32,335 INFO     [psi4.optking.stepAlgorithms:114] 	gradient     :   -1.6083429625
2025-12-23:11:34:32,335 INFO     [psi4.optking.stepAlgorithms:115] 	hessian      :  217.8220428578
2025-12-23:11:34:32,335 INFO     [psi4.optking.stepAlgorithms:206] 	Norm of achieved step-size    0.0073833450
2025-12-23:11:34:32,335 INFO     [psi4.optking.stepAlgorithms:208] 	Norm of achieved step-size (cart):    0.0052208133
2025-12-23:11:34:32,336 INFO     [psi4.optking.opt_helper:164] Molsys:

	                            ===> Fragment 1 <== 

	 Z (Atomic Numbers)          Masses                          Geom                  
	      12.000000            23.985042          0.00000000  0.00000000  1.22463224   
	      14.000000            27.976927          0.00000000  0.00000000 -1.05042246   

	 - Coordinate -           - BOHR/RAD -       - ANG/DEG -
	 R(1,2)           =         2.275055           1.203907

2025-12-23:11:34:32,336 INFO     [psi4.optking.convcheck:76] Performing convergence check.
2025-12-23:11:34:32,336 INFO     [psi4.optking.convcheck:282] 
	                                 ==> Convergence Check <==                                  
    
	Measures of convergence in internal coordinates in au.
    
	Criteria marked as inactive (o), active & met (*), and active & unmet ( ).

	----------------------------------------------------------------------------------------------~
	   Step    Total Energy     Delta E     Max Force     RMS Force      Max Disp      RMS Disp   ~
	----------------------------------------------------------------------------------------------~
	  Convergence Criteria     1.00e-06 *    3.00e-04 *             o    1.20e-03 *             o~
	----------------------------------------------------------------------------------------------~
	     1    -488.24406918   -4.88e+02      1.61e+00      1.61e+00 o    7.38e-03      7.38e-03 o  ~
	----------------------------------------------------------------------------------------------


2025-12-23:11:34:32,336 INFO     [psi4.optking.stepAlgorithms:296] 	Convergence check returned False
2025-12-23:11:34:32,347 INFO     [psi4.driver.task_planner:259] PLANNING Atomic:  keywords={'DAMPING_PERCENTAGE': 1.0, 'GEOM_MAXITER': 500, 'SCF__GUESS': 'READ', 'GUESS': 'SAP', 'MAXITER': 500, 'REFERENCE': 'UKS', 'function_kwargs': {}}
2025-12-23:11:34:32,348 INFO     [psi4.driver.driver:638] Compute gradient(): method=b3lyp, basis=cc-pvdz, molecule=default, nre=73.84437848042286
2025-12-23:11:34:33,84 INFO     [psi4.driver.driver:641] Return gradient(): -488.255867881052
2025-12-23:11:34:33,85 INFO     [psi4.driver.driver:642] [[-0.00000000 -0.00000000 -1.58763545]
 [ 0.00000000  0.00000000  1.58773471]]
2025-12-23:11:34:33,86 INFO     [psi4.optking.history:269] 	Performing BFGS update.
2025-12-23:11:34:33,86 INFO     [psi4.optking.history:280] 	Using 1 previous steps for update.
2025-12-23:11:34:33,86 INFO     [psi4.optking.history:317] 	Steps to be used in Hessian update:  1

2025-12-23:11:34:33,86 INFO     [psi4.optking.history:418] 	Updated Hessian (in au) 
 	 108.911021

2025-12-23:11:34:33,87 INFO     [psi4.optking.molsys:944] Projected (PHP) Hessian matrix
	 108.911021

2025-12-23:11:34:33,87 INFO     [psi4.optking.opt_helper:182] 
	         Geometry (au)                                       Gradient (au)
   0.0000000000   0.0000000000   1.2249158422		  -0.0000000000  -0.0000000000  -1.5876354542
   0.0000000000   0.0000000000  -1.0501388533		   0.0000000000   0.0000000000   1.5877347105

2025-12-23:11:34:33,87 INFO     [psi4.optking.stepAlgorithms:368] 	Current Step Report 
 
	Current energy:      -488.2558678811
	Energy change for the previous step:
		Actual       :        -0.0117987024
		Projected    :        -0.0059374755

2025-12-23:11:34:33,87 INFO     [psi4.optking.stepAlgorithms:371] 	Energy ratio =    1.98716
2025-12-23:11:34:33,87 INFO     [psi4.optking.stepAlgorithms:399] 	Energy ratio indicates good step.
2025-12-23:11:34:33,87 INFO     [psi4.optking.stepAlgorithms:400] 	Intrafrag trust radius increased to      1.
2025-12-23:11:34:33,87 INFO     [psi4.optking.stepAlgorithms:929] 	Using RFO solution 1.
2025-12-23:11:34:33,87 INFO     [psi4.optking.displace:100] 	Determining Cartesian step for fragment 1.
2025-12-23:11:34:33,87 INFO     [psi4.optking.displace:415] 	Successfully converged to displaced geometry.
2025-12-23:11:34:33,87 INFO     [psi4.optking.displace:416] 	RMS(dx):  0.000e+00 	Max(dx):  0.000e+00 	RMS(dq):  0.000e+00
2025-12-23:11:34:33,87 INFO     [psi4.optking.displace:172] 

	        --- Internal Coordinate Step in ANG or DEG, aJ/ANG or AJ/DEG ---
	-------------------------------------------------------------------------------
	           Coordinate      Previous         Force          Change          New 
	           ----------      --------        ------          ------        ------
	               R(1,2)       1.20391       13.08050        0.00771       1.21162
	-------------------------------------------------------------------------------

2025-12-23:11:34:33,87 INFO     [psi4.optking.stepAlgorithms:113] 	|target step| :    0.0145747217
2025-12-23:11:34:33,87 INFO     [psi4.optking.stepAlgorithms:114] 	gradient     :   -1.5876850823
2025-12-23:11:34:33,87 INFO     [psi4.optking.stepAlgorithms:115] 	hessian      :  108.9110214289
2025-12-23:11:34:33,87 INFO     [psi4.optking.stepAlgorithms:113] 	|target step| :    0.0145747217
2025-12-23:11:34:33,87 INFO     [psi4.optking.stepAlgorithms:114] 	gradient     :   -1.5876850823
2025-12-23:11:34:33,87 INFO     [psi4.optking.stepAlgorithms:115] 	hessian      :  108.9110214289
2025-12-23:11:34:33,87 INFO     [psi4.optking.stepAlgorithms:206] 	Norm of achieved step-size    0.0145747217
2025-12-23:11:34:33,87 INFO     [psi4.optking.stepAlgorithms:208] 	Norm of achieved step-size (cart):    0.0103058845
2025-12-23:11:34:33,88 INFO     [psi4.optking.opt_helper:164] Molsys:

	                            ===> Fragment 1 <== 

	 Z (Atomic Numbers)          Masses                          Geom                  
	      12.000000            23.985042          0.00000000  0.00000000  1.23220320   
	      14.000000            27.976927          0.00000000  0.00000000 -1.05742621   

	 - Coordinate -           - BOHR/RAD -       - ANG/DEG -
	 R(1,2)           =         2.289629           1.211620

2025-12-23:11:34:33,88 INFO     [psi4.optking.convcheck:76] Performing convergence check.
2025-12-23:11:34:33,88 INFO     [psi4.optking.convcheck:282] 
	                                 ==> Convergence Check <==                                  
    
	Measures of convergence in internal coordinates in au.
    
	Criteria marked as inactive (o), active & met (*), and active & unmet ( ).

	----------------------------------------------------------------------------------------------
	   Step    Total Energy     Delta E     Max Force     RMS Force      Max Disp      RMS Disp   
	----------------------------------------------------------------------------------------------
	  Convergence Criteria     1.00e-06 *    3.00e-04 *             o    1.20e-03 *             o
	----------------------------------------------------------------------------------------------
	     2    -488.25586788   -1.18e-02      1.59e+00      1.59e+00 o    1.46e-02      1.46e-02 o  ~
	----------------------------------------------------------------------------------------------


2025-12-23:11:34:33,88 INFO     [psi4.optking.stepAlgorithms:296] 	Convergence check returned False
2025-12-23:11:34:33,98 INFO     [psi4.driver.task_planner:259] PLANNING Atomic:  keywords={'DAMPING_PERCENTAGE': 1.0, 'GEOM_MAXITER': 500, 'SCF__GUESS': 'READ', 'GUESS': 'SAP', 'MAXITER': 500, 'REFERENCE': 'UKS', 'function_kwargs': {}}
2025-12-23:11:34:33,100 INFO     [psi4.driver.driver:638] Compute gradient(): method=b3lyp, basis=cc-pvdz, molecule=default, nre=73.3743193285244
2025-12-23:11:34:33,754 INFO     [psi4.driver.driver:641] Return gradient(): -488.2787178764671
2025-12-23:11:34:33,755 INFO     [psi4.driver.driver:642] [[ 0.00000000  0.00000000 -1.54798084]
 [ 0.00000000 -0.00000000  1.54807117]]
2025-12-23:11:34:33,756 INFO     [psi4.optking.history:269] 	Performing BFGS update.
2025-12-23:11:34:33,756 INFO     [psi4.optking.history:280] 	Using 2 previous steps for update.
2025-12-23:11:34:33,756 INFO     [psi4.optking.history:317] 	Steps to be used in Hessian update:  2 1

2025-12-23:11:34:33,756 INFO     [psi4.optking.history:418] 	Updated Hessian (in au) 
 	  27.227755

2025-12-23:11:34:33,757 INFO     [psi4.optking.molsys:944] Projected (PHP) Hessian matrix
	  27.227755

2025-12-23:11:34:33,757 INFO     [psi4.optking.opt_helper:182] 
	         Geometry (au)                                       Gradient (au)
   0.0000000000   0.0000000000   1.2327630414		   0.0000000000   0.0000000000  -1.5479808360
   0.0000000000   0.0000000000  -1.0568663757		   0.0000000000  -0.0000000000   1.5480711749

2025-12-23:11:34:33,757 INFO     [psi4.optking.stepAlgorithms:368] 	Current Step Report 
 
	Current energy:      -488.2787178765
	Energy change for the previous step:
		Actual       :        -0.0228499954
		Projected    :        -0.0115700341

2025-12-23:11:34:33,757 INFO     [psi4.optking.stepAlgorithms:371] 	Energy ratio =    1.97493
2025-12-23:11:34:33,757 INFO     [psi4.optking.stepAlgorithms:929] 	Using RFO solution 1.
2025-12-23:11:34:33,757 INFO     [psi4.optking.displace:100] 	Determining Cartesian step for fragment 1.
2025-12-23:11:34:33,757 INFO     [psi4.optking.displace:415] 	Successfully converged to displaced geometry.
2025-12-23:11:34:33,757 INFO     [psi4.optking.displace:416] 	RMS(dx):  0.000e+00 	Max(dx):  0.000e+00 	RMS(dq):  0.000e+00
2025-12-23:11:34:33,757 INFO     [psi4.optking.displace:172] 

	        --- Internal Coordinate Step in ANG or DEG, aJ/ANG or AJ/DEG ---
	-------------------------------------------------------------------------------
	           Coordinate      Previous         Force          Change          New 
	           ----------      --------        ------          ------        ------
	               R(1,2)       1.21162       12.75376        0.02999       1.24161
	-------------------------------------------------------------------------------

2025-12-23:11:34:33,757 INFO     [psi4.optking.stepAlgorithms:113] 	|target step| :    0.0566721034
2025-12-23:11:34:33,757 INFO     [psi4.optking.stepAlgorithms:114] 	gradient     :   -1.5480260055
2025-12-23:11:34:33,757 INFO     [psi4.optking.stepAlgorithms:115] 	hessian      :   27.2277553572
2025-12-23:11:34:33,757 INFO     [psi4.optking.stepAlgorithms:113] 	|target step| :    0.0566721034
2025-12-23:11:34:33,757 INFO     [psi4.optking.stepAlgorithms:114] 	gradient     :   -1.5480260055
2025-12-23:11:34:33,757 INFO     [psi4.optking.stepAlgorithms:115] 	hessian      :   27.2277553572
2025-12-23:11:34:33,757 INFO     [psi4.optking.stepAlgorithms:206] 	Norm of achieved step-size    0.0566721034
2025-12-23:11:34:33,757 INFO     [psi4.optking.stepAlgorithms:208] 	Norm of achieved step-size (cart):    0.0400732286
2025-12-23:11:34:33,757 INFO     [psi4.optking.opt_helper:164] Molsys:

	                            ===> Fragment 1 <== 

	 Z (Atomic Numbers)          Masses                          Geom                  
	      12.000000            23.985042          0.00000000  0.00000000  1.26109909   
	      14.000000            27.976927          0.00000000  0.00000000 -1.08520243   

	 - Coordinate -           - BOHR/RAD -       - ANG/DEG -
	 R(1,2)           =         2.346302           1.241609

2025-12-23:11:34:33,758 INFO     [psi4.optking.convcheck:76] Performing convergence check.
2025-12-23:11:34:33,758 INFO     [psi4.optking.convcheck:282] 
	                                 ==> Convergence Check <==                                  
    
	Measures of convergence in internal coordinates in au.
    
	Criteria marked as inactive (o), active & met (*), and active & unmet ( ).

	----------------------------------------------------------------------------------------------
	   Step    Total Energy     Delta E     Max Force     RMS Force      Max Disp      RMS Disp   
	----------------------------------------------------------------------------------------------
	  Convergence Criteria     1.00e-06 *    3.00e-04 *             o    1.20e-03 *             o
	----------------------------------------------------------------------------------------------
	     3    -488.27871788   -2.28e-02      1.55e+00      1.55e+00 o    5.67e-02      5.67e-02 o  ~
	----------------------------------------------------------------------------------------------


2025-12-23:11:34:33,758 INFO     [psi4.optking.stepAlgorithms:296] 	Convergence check returned False
2025-12-23:11:34:33,768 INFO     [psi4.driver.task_planner:259] PLANNING Atomic:  keywords={'DAMPING_PERCENTAGE': 1.0, 'GEOM_MAXITER': 500, 'SCF__GUESS': 'READ', 'GUESS': 'SAP', 'MAXITER': 500, 'REFERENCE': 'UKS', 'function_kwargs': {}}
2025-12-23:11:34:33,769 INFO     [psi4.driver.driver:638] Compute gradient(): method=b3lyp, basis=cc-pvdz, molecule=default, nre=71.60205051382803
2025-12-23:11:34:34,479 INFO     [psi4.driver.driver:641] Return gradient(): -488.3623538025657
2025-12-23:11:34:34,480 INFO     [psi4.driver.driver:642] [[ 0.00000000  0.00000000 -1.40676696]
 [ 0.00000000  0.00000000  1.40673820]]
2025-12-23:11:34:34,481 INFO     [psi4.optking.history:269] 	Performing BFGS update.
2025-12-23:11:34:34,482 INFO     [psi4.optking.history:280] 	Using 3 previous steps for update.
2025-12-23:11:34:34,482 INFO     [psi4.optking.history:317] 	Steps to be used in Hessian update:  3 2 1

2025-12-23:11:34:34,482 INFO     [psi4.optking.history:418] 	Updated Hessian (in au) 
 	   3.403469

2025-12-23:11:34:34,482 INFO     [psi4.optking.molsys:944] Projected (PHP) Hessian matrix
	   3.403469

2025-12-23:11:34:34,482 INFO     [psi4.optking.opt_helper:182] 
	         Geometry (au)                                       Gradient (au)
   0.0000000000   0.0000000000   1.2632759594		   0.0000000000   0.0000000000  -1.4067669630
   0.0000000000   0.0000000000  -1.0830255612		   0.0000000000   0.0000000000   1.4067382047

2025-12-23:11:34:34,482 INFO     [psi4.optking.stepAlgorithms:368] 	Current Step Report 
 
	Current energy:      -488.3623538026
	Energy change for the previous step:
		Actual       :        -0.0836359261
		Projected    :        -0.0438649450

2025-12-23:11:34:34,482 INFO     [psi4.optking.stepAlgorithms:371] 	Energy ratio =    1.90667
2025-12-23:11:34:34,482 INFO     [psi4.optking.stepAlgorithms:929] 	Using RFO solution 1.
2025-12-23:11:34:34,482 INFO     [psi4.optking.displace:100] 	Determining Cartesian step for fragment 1.
2025-12-23:11:34:34,483 INFO     [psi4.optking.displace:415] 	Successfully converged to displaced geometry.
2025-12-23:11:34:34,483 INFO     [psi4.optking.displace:416] 	RMS(dx):  0.000e+00 	Max(dx):  0.000e+00 	RMS(dq):  0.000e+00
2025-12-23:11:34:34,483 INFO     [psi4.optking.displace:172] 

	        --- Internal Coordinate Step in ANG or DEG, aJ/ANG or AJ/DEG ---
	-------------------------------------------------------------------------------
	           Coordinate      Previous         Force          Change          New 
	           ----------      --------        ------          ------        ------
	               R(1,2)       1.24161       11.58985        0.19041       1.43202
	-------------------------------------------------------------------------------

2025-12-23:11:34:34,483 INFO     [psi4.optking.stepAlgorithms:113] 	|target step| :    0.3598162299
2025-12-23:11:34:34,483 INFO     [psi4.optking.stepAlgorithms:114] 	gradient     :   -1.4067525839
2025-12-23:11:34:34,483 INFO     [psi4.optking.stepAlgorithms:115] 	hessian      :    3.4034694197
2025-12-23:11:34:34,483 INFO     [psi4.optking.stepAlgorithms:113] 	|target step| :    0.3598162299
2025-12-23:11:34:34,483 INFO     [psi4.optking.stepAlgorithms:114] 	gradient     :   -1.4067525839
2025-12-23:11:34:34,483 INFO     [psi4.optking.stepAlgorithms:115] 	hessian      :    3.4034694197
2025-12-23:11:34:34,483 INFO     [psi4.optking.stepAlgorithms:206] 	Norm of achieved step-size    0.3598162299
2025-12-23:11:34:34,483 INFO     [psi4.optking.stepAlgorithms:208] 	Norm of achieved step-size (cart):    0.2544284962
2025-12-23:11:34:34,483 INFO     [psi4.optking.opt_helper:164] Molsys:

	                            ===> Fragment 1 <== 

	 Z (Atomic Numbers)          Masses                          Geom                  
	      12.000000            23.985042          0.00000000  0.00000000  1.44318407   
	      14.000000            27.976927          0.00000000  0.00000000 -1.26293368   

	 - Coordinate -           - BOHR/RAD -       - ANG/DEG -
	 R(1,2)           =         2.706118           1.432016

2025-12-23:11:34:34,483 INFO     [psi4.optking.convcheck:76] Performing convergence check.
2025-12-23:11:34:34,483 INFO     [psi4.optking.convcheck:282] 
	                                 ==> Convergence Check <==                                  
    
	Measures of convergence in internal coordinates in au.
    
	Criteria marked as inactive (o), active & met (*), and active & unmet ( ).

	----------------------------------------------------------------------------------------------
	   Step    Total Energy     Delta E     Max Force     RMS Force      Max Disp      RMS Disp   
	----------------------------------------------------------------------------------------------
	  Convergence Criteria     1.00e-06 *    3.00e-04 *             o    1.20e-03 *             o
	----------------------------------------------------------------------------------------------
	     4    -488.36235380   -8.36e-02      1.41e+00      1.41e+00 o    3.60e-01      3.60e-01 o  ~
	----------------------------------------------------------------------------------------------


2025-12-23:11:34:34,483 INFO     [psi4.optking.stepAlgorithms:296] 	Convergence check returned False
2025-12-23:11:34:34,494 INFO     [psi4.driver.task_planner:259] PLANNING Atomic:  keywords={'DAMPING_PERCENTAGE': 1.0, 'GEOM_MAXITER': 500, 'SCF__GUESS': 'READ', 'GUESS': 'SAP', 'MAXITER': 500, 'REFERENCE': 'UKS', 'function_kwargs': {}}
2025-12-23:11:34:34,495 INFO     [psi4.driver.driver:638] Compute gradient(): method=b3lyp, basis=cc-pvdz, molecule=default, nre=62.081555751568864
2025-12-23:11:34:35,265 INFO     [psi4.driver.driver:641] Return gradient(): -488.7503003853567
2025-12-23:11:34:35,265 INFO     [psi4.driver.driver:642] [[ 0.00000000 -0.00000000 -0.81665680]
 [ 0.00000000 -0.00000000  0.81668527]]
2025-12-23:11:34:35,267 INFO     [psi4.optking.history:269] 	Performing BFGS update.
2025-12-23:11:34:35,267 INFO     [psi4.optking.history:280] 	Using 4 previous steps for update.
2025-12-23:11:34:35,267 INFO     [psi4.optking.history:317] 	Steps to be used in Hessian update:  4 3 2 1

2025-12-23:11:34:35,267 INFO     [psi4.optking.history:418] 	Updated Hessian (in au) 
 	   1.805630

2025-12-23:11:34:35,267 INFO     [psi4.optking.molsys:944] Projected (PHP) Hessian matrix
	   1.805630

2025-12-23:11:34:35,267 INFO     [psi4.optking.opt_helper:182] 
	         Geometry (au)                                       Gradient (au)
   0.0000000000   0.0000000000   1.4570051920		   0.0000000000  -0.0000000000  -0.8166567988
   0.0000000000   0.0000000000  -1.2491125585		   0.0000000000  -0.0000000000   0.8166852705

2025-12-23:11:34:35,267 INFO     [psi4.optking.stepAlgorithms:368] 	Current Step Report 
 
	Current energy:      -488.7503003854
	Energy change for the previous step:
		Actual       :        -0.3879465828
		Projected    :        -0.2530862056

2025-12-23:11:34:35,267 INFO     [psi4.optking.stepAlgorithms:371] 	Energy ratio =    1.53286
2025-12-23:11:34:35,267 INFO     [psi4.optking.stepAlgorithms:929] 	Using RFO solution 1.
2025-12-23:11:34:35,267 INFO     [psi4.optking.displace:100] 	Determining Cartesian step for fragment 1.
2025-12-23:11:34:35,268 INFO     [psi4.optking.displace:415] 	Successfully converged to displaced geometry.
2025-12-23:11:34:35,268 INFO     [psi4.optking.displace:416] 	RMS(dx):  1.282e-16 	Max(dx):  2.220e-16 	RMS(dq):  0.000e+00
2025-12-23:11:34:35,268 INFO     [psi4.optking.displace:172] 

	        --- Internal Coordinate Step in ANG or DEG, aJ/ANG or AJ/DEG ---
	-------------------------------------------------------------------------------
	           Coordinate      Previous         Force          Change          New 
	           ----------      --------        ------          ------        ------
	               R(1,2)       1.43202        6.72833        0.20383       1.63585
	-------------------------------------------------------------------------------

2025-12-23:11:34:35,268 INFO     [psi4.optking.stepAlgorithms:113] 	|target step| :    0.3851858444
2025-12-23:11:34:35,268 INFO     [psi4.optking.stepAlgorithms:114] 	gradient     :   -0.8166710346
2025-12-23:11:34:35,268 INFO     [psi4.optking.stepAlgorithms:115] 	hessian      :    1.8056298967
2025-12-23:11:34:35,268 INFO     [psi4.optking.stepAlgorithms:113] 	|target step| :    0.3851858444
2025-12-23:11:34:35,268 INFO     [psi4.optking.stepAlgorithms:114] 	gradient     :   -0.8166710346
2025-12-23:11:34:35,268 INFO     [psi4.optking.stepAlgorithms:115] 	hessian      :    1.8056298967
2025-12-23:11:34:35,268 INFO     [psi4.optking.stepAlgorithms:206] 	Norm of achieved step-size    0.3851858444
2025-12-23:11:34:35,268 INFO     [psi4.optking.stepAlgorithms:208] 	Norm of achieved step-size (cart):    0.2723675226
2025-12-23:11:34:35,268 INFO     [psi4.optking.opt_helper:164] Molsys:

	                            ===> Fragment 1 <== 

	 Z (Atomic Numbers)          Masses                          Geom                  
	      12.000000            23.985042          0.00000000  0.00000000  1.64959811   
	      14.000000            27.976927          0.00000000  0.00000000 -1.44170548   

	 - Coordinate -           - BOHR/RAD -       - ANG/DEG -
	 R(1,2)           =         3.091304           1.635847

2025-12-23:11:34:35,268 INFO     [psi4.optking.convcheck:76] Performing convergence check.
2025-12-23:11:34:35,268 INFO     [psi4.optking.convcheck:282] 
	                                 ==> Convergence Check <==                                  
    
	Measures of convergence in internal coordinates in au.
    
	Criteria marked as inactive (o), active & met (*), and active & unmet ( ).

	----------------------------------------------------------------------------------------------
	   Step    Total Energy     Delta E     Max Force     RMS Force      Max Disp      RMS Disp   
	----------------------------------------------------------------------------------------------
	  Convergence Criteria     1.00e-06 *    3.00e-04 *             o    1.20e-03 *             o
	----------------------------------------------------------------------------------------------
	     5    -488.75030039   -3.88e-01      8.17e-01      8.17e-01 o    3.85e-01      3.85e-01 o  ~
	----------------------------------------------------------------------------------------------


2025-12-23:11:34:35,268 INFO     [psi4.optking.stepAlgorithms:296] 	Convergence check returned False
2025-12-23:11:34:35,279 INFO     [psi4.driver.task_planner:259] PLANNING Atomic:  keywords={'DAMPING_PERCENTAGE': 1.0, 'GEOM_MAXITER': 500, 'SCF__GUESS': 'READ', 'GUESS': 'SAP', 'MAXITER': 500, 'REFERENCE': 'UKS', 'function_kwargs': {}}
2025-12-23:11:34:35,280 INFO     [psi4.driver.driver:638] Compute gradient(): method=b3lyp, basis=cc-pvdz, molecule=default, nre=54.346004796438585
2025-12-23:11:34:36,43 INFO     [psi4.driver.driver:641] Return gradient(): -488.9907201269387
2025-12-23:11:34:36,43 INFO     [psi4.driver.driver:642] [[ 0.00000000  0.00000000 -0.45996052]
 [ 0.00000000 -0.00000000  0.45992343]]
2025-12-23:11:34:36,45 INFO     [psi4.optking.history:269] 	Performing BFGS update.
2025-12-23:11:34:36,45 INFO     [psi4.optking.history:280] 	Using 4 previous steps for update.
2025-12-23:11:34:36,45 WARNING  [psi4.optking.history:301] 	Change in internal coordinate of 7.45e-01 exceeds limit of 5.00e-01.
2025-12-23:11:34:36,45 WARNING  [psi4.optking.history:306] 	Skipping Hessian update for step 4.
2025-12-23:11:34:36,45 WARNING  [psi4.optking.history:301] 	Change in internal coordinate of 8.02e-01 exceeds limit of 5.00e-01.
2025-12-23:11:34:36,45 WARNING  [psi4.optking.history:306] 	Skipping Hessian update for step 3.
2025-12-23:11:34:36,45 WARNING  [psi4.optking.history:301] 	Change in internal coordinate of 8.16e-01 exceeds limit of 5.00e-01.
2025-12-23:11:34:36,45 WARNING  [psi4.optking.history:306] 	Skipping Hessian update for step 2.
2025-12-23:11:34:36,45 WARNING  [psi4.optking.history:301] 	Change in internal coordinate of 8.24e-01 exceeds limit of 5.00e-01.
2025-12-23:11:34:36,45 WARNING  [psi4.optking.history:306] 	Skipping Hessian update for step 1.
2025-12-23:11:34:36,45 INFO     [psi4.optking.history:317] 	Steps to be used in Hessian update:  5

2025-12-23:11:34:36,45 INFO     [psi4.optking.history:418] 	Updated Hessian (in au) 
 	   0.926122

2025-12-23:11:34:36,45 INFO     [psi4.optking.molsys:944] Projected (PHP) Hessian matrix
	   0.926122

2025-12-23:11:34:36,45 INFO     [psi4.optking.opt_helper:182] 
	         Geometry (au)                                       Gradient (au)
   0.0000000000   0.0000000000   1.6643937194		   0.0000000000   0.0000000000  -0.4599605176
   0.0000000000   0.0000000000  -1.4269098756		   0.0000000000  -0.0000000000   0.4599234255

2025-12-23:11:34:36,45 INFO     [psi4.optking.stepAlgorithms:368] 	Current Step Report 
 
	Current energy:      -488.9907201269
	Energy change for the previous step:
		Actual       :        -0.2404197416
		Projected    :        -0.1572850611

2025-12-23:11:34:36,45 INFO     [psi4.optking.stepAlgorithms:371] 	Energy ratio =    1.52856
2025-12-23:11:34:36,46 INFO     [psi4.optking.stepAlgorithms:929] 	Using RFO solution 1.
2025-12-23:11:34:36,46 INFO     [psi4.optking.displace:100] 	Determining Cartesian step for fragment 1.
2025-12-23:11:34:36,46 INFO     [psi4.optking.displace:415] 	Successfully converged to displaced geometry.
2025-12-23:11:34:36,46 INFO     [psi4.optking.displace:416] 	RMS(dx):  0.000e+00 	Max(dx):  0.000e+00 	RMS(dq):  0.000e+00
2025-12-23:11:34:36,46 INFO     [psi4.optking.displace:172] 

	        --- Internal Coordinate Step in ANG or DEG, aJ/ANG or AJ/DEG ---
	-------------------------------------------------------------------------------
	           Coordinate      Previous         Force          Change          New 
	           ----------      --------        ------          ------        ------
	               R(1,2)       1.63585        3.78933        0.21815       1.85399
	-------------------------------------------------------------------------------

2025-12-23:11:34:36,46 INFO     [psi4.optking.stepAlgorithms:113] 	|target step| :    0.4122354699
2025-12-23:11:34:36,46 INFO     [psi4.optking.stepAlgorithms:114] 	gradient     :   -0.4599419716
2025-12-23:11:34:36,46 INFO     [psi4.optking.stepAlgorithms:115] 	hessian      :    0.9261219440
2025-12-23:11:34:36,46 INFO     [psi4.optking.stepAlgorithms:113] 	|target step| :    0.4122354699
2025-12-23:11:34:36,46 INFO     [psi4.optking.stepAlgorithms:114] 	gradient     :   -0.4599419716
2025-12-23:11:34:36,46 INFO     [psi4.optking.stepAlgorithms:115] 	hessian      :    0.9261219440
2025-12-23:11:34:36,46 INFO     [psi4.optking.stepAlgorithms:206] 	Norm of achieved step-size    0.4122354699
2025-12-23:11:34:36,46 INFO     [psi4.optking.stepAlgorithms:208] 	Norm of achieved step-size (cart):    0.2914944962
2025-12-23:11:34:36,46 INFO     [psi4.optking.opt_helper:164] Molsys:

	                            ===> Fragment 1 <== 

	 Z (Atomic Numbers)          Masses                          Geom                  
	      12.000000            23.985042          0.00000000  0.00000000  1.87051145   
	      14.000000            27.976927          0.00000000  0.00000000 -1.63302761   

	 - Coordinate -           - BOHR/RAD -       - ANG/DEG -
	 R(1,2)           =         3.503539           1.853993

2025-12-23:11:34:36,46 INFO     [psi4.optking.convcheck:76] Performing convergence check.
2025-12-23:11:34:36,47 INFO     [psi4.optking.convcheck:282] 
	                                 ==> Convergence Check <==                                  
    
	Measures of convergence in internal coordinates in au.
    
	Criteria marked as inactive (o), active & met (*), and active & unmet ( ).

	----------------------------------------------------------------------------------------------
	   Step    Total Energy     Delta E     Max Force     RMS Force      Max Disp      RMS Disp   
	----------------------------------------------------------------------------------------------
	  Convergence Criteria     1.00e-06 *    3.00e-04 *             o    1.20e-03 *             o
	----------------------------------------------------------------------------------------------
	     6    -488.99072013   -2.40e-01      4.60e-01      4.60e-01 o    4.12e-01      4.12e-01 o  ~
	----------------------------------------------------------------------------------------------


2025-12-23:11:34:36,47 INFO     [psi4.optking.stepAlgorithms:296] 	Convergence check returned False
2025-12-23:11:34:36,57 INFO     [psi4.driver.task_planner:259] PLANNING Atomic:  keywords={'DAMPING_PERCENTAGE': 1.0, 'GEOM_MAXITER': 500, 'SCF__GUESS': 'READ', 'GUESS': 'SAP', 'MAXITER': 500, 'REFERENCE': 'UKS', 'function_kwargs': {}}
2025-12-23:11:34:36,58 INFO     [psi4.driver.driver:638] Compute gradient(): method=b3lyp, basis=cc-pvdz, molecule=default, nre=47.951513280731625
2025-12-23:11:34:36,787 INFO     [psi4.driver.driver:641] Return gradient(): -489.12788308345773
2025-12-23:11:34:36,787 INFO     [psi4.driver.driver:642] [[ 0.00000000  0.00000000 -0.22627733]
 [ 0.00000000  0.00000000  0.22622477]]
2025-12-23:11:34:36,789 INFO     [psi4.optking.history:269] 	Performing BFGS update.
2025-12-23:11:34:36,789 INFO     [psi4.optking.history:280] 	Using 4 previous steps for update.
2025-12-23:11:34:36,789 WARNING  [psi4.optking.history:301] 	Change in internal coordinate of 7.97e-01 exceeds limit of 5.00e-01.
2025-12-23:11:34:36,789 WARNING  [psi4.optking.history:306] 	Skipping Hessian update for step 5.
2025-12-23:11:34:36,789 WARNING  [psi4.optking.history:301] 	Change in internal coordinate of 1.16e+00 exceeds limit of 5.00e-01.
2025-12-23:11:34:36,789 WARNING  [psi4.optking.history:306] 	Skipping Hessian update for step 4.
2025-12-23:11:34:36,789 WARNING  [psi4.optking.history:301] 	Change in internal coordinate of 1.21e+00 exceeds limit of 5.00e-01.
2025-12-23:11:34:36,789 WARNING  [psi4.optking.history:306] 	Skipping Hessian update for step 3.
2025-12-23:11:34:36,789 WARNING  [psi4.optking.history:301] 	Change in internal coordinate of 1.23e+00 exceeds limit of 5.00e-01.
2025-12-23:11:34:36,789 WARNING  [psi4.optking.history:306] 	Skipping Hessian update for step 2.
2025-12-23:11:34:36,789 WARNING  [psi4.optking.history:301] 	Change in internal coordinate of 1.24e+00 exceeds limit of 5.00e-01.
2025-12-23:11:34:36,789 WARNING  [psi4.optking.history:306] 	Skipping Hessian update for step 1.
2025-12-23:11:34:36,789 INFO     [psi4.optking.history:317] 	Steps to be used in Hessian update:  6

2025-12-23:11:34:36,789 INFO     [psi4.optking.history:418] 	Updated Hessian (in au) 
 	   0.566887

2025-12-23:11:34:36,789 INFO     [psi4.optking.molsys:944] Projected (PHP) Hessian matrix
	   0.566887

2025-12-23:11:34:36,789 INFO     [psi4.optking.opt_helper:182] 
	         Geometry (au)                                       Gradient (au)
   0.0000000000   0.0000000000   1.8863460790		   0.0000000000   0.0000000000  -0.2262773251
   0.0000000000   0.0000000000  -1.6171929859		   0.0000000000   0.0000000000   0.2262247724

2025-12-23:11:34:36,790 INFO     [psi4.optking.stepAlgorithms:368] 	Current Step Report 
 
	Current energy:      -489.1278830835
	Energy change for the previous step:
		Actual       :        -0.1371629565
		Projected    :        -0.0948021974

2025-12-23:11:34:36,790 INFO     [psi4.optking.stepAlgorithms:371] 	Energy ratio =    1.44683
2025-12-23:11:34:36,790 INFO     [psi4.optking.stepAlgorithms:929] 	Using RFO solution 1.
2025-12-23:11:34:36,790 INFO     [psi4.optking.displace:100] 	Determining Cartesian step for fragment 1.
2025-12-23:11:34:36,790 INFO     [psi4.optking.displace:415] 	Successfully converged to displaced geometry.
2025-12-23:11:34:36,790 INFO     [psi4.optking.displace:416] 	RMS(dx):  0.000e+00 	Max(dx):  0.000e+00 	RMS(dq):  0.000e+00
2025-12-23:11:34:36,790 INFO     [psi4.optking.displace:172] 

	        --- Internal Coordinate Step in ANG or DEG, aJ/ANG or AJ/DEG ---
	-------------------------------------------------------------------------------
	           Coordinate      Previous         Force          Change          New 
	           ----------      --------        ------          ------        ------
	               R(1,2)       1.85399        1.86402        0.18530       2.03930
	-------------------------------------------------------------------------------

2025-12-23:11:34:36,790 INFO     [psi4.optking.stepAlgorithms:113] 	|target step| :    0.3501721359
2025-12-23:11:34:36,790 INFO     [psi4.optking.stepAlgorithms:114] 	gradient     :   -0.2262510488
2025-12-23:11:34:36,790 INFO     [psi4.optking.stepAlgorithms:115] 	hessian      :    0.5668869853
2025-12-23:11:34:36,790 INFO     [psi4.optking.stepAlgorithms:113] 	|target step| :    0.3501721359
2025-12-23:11:34:36,790 INFO     [psi4.optking.stepAlgorithms:114] 	gradient     :   -0.2262510488
2025-12-23:11:34:36,790 INFO     [psi4.optking.stepAlgorithms:115] 	hessian      :    0.5668869853
2025-12-23:11:34:36,790 INFO     [psi4.optking.stepAlgorithms:206] 	Norm of achieved step-size    0.3501721359
2025-12-23:11:34:36,790 INFO     [psi4.optking.stepAlgorithms:208] 	Norm of achieved step-size (cart):    0.2476090919
2025-12-23:11:34:36,790 INFO     [psi4.optking.opt_helper:164] Molsys:

	                            ===> Fragment 1 <== 

	 Z (Atomic Numbers)          Masses                          Geom                  
	      12.000000            23.985042          0.00000000  0.00000000  2.06143215   
	      14.000000            27.976927          0.00000000  0.00000000 -1.79227905   

	 - Coordinate -           - BOHR/RAD -       - ANG/DEG -
	 R(1,2)           =         3.853711           2.039296

2025-12-23:11:34:36,791 INFO     [psi4.optking.convcheck:76] Performing convergence check.
2025-12-23:11:34:36,791 INFO     [psi4.optking.convcheck:282] 
	                                 ==> Convergence Check <==                                  
    
	Measures of convergence in internal coordinates in au.
    
	Criteria marked as inactive (o), active & met (*), and active & unmet ( ).

	----------------------------------------------------------------------------------------------
	   Step    Total Energy     Delta E     Max Force     RMS Force      Max Disp      RMS Disp   
	----------------------------------------------------------------------------------------------
	  Convergence Criteria     1.00e-06 *    3.00e-04 *             o    1.20e-03 *             o
	----------------------------------------------------------------------------------------------
	     7    -489.12788308   -1.37e-01      2.26e-01      2.26e-01 o    3.50e-01      3.50e-01 o  ~
	----------------------------------------------------------------------------------------------


2025-12-23:11:34:36,791 INFO     [psi4.optking.stepAlgorithms:296] 	Convergence check returned False
2025-12-23:11:34:36,801 INFO     [psi4.driver.task_planner:259] PLANNING Atomic:  keywords={'DAMPING_PERCENTAGE': 1.0, 'GEOM_MAXITER': 500, 'SCF__GUESS': 'READ', 'GUESS': 'SAP', 'MAXITER': 500, 'REFERENCE': 'UKS', 'function_kwargs': {}}
2025-12-23:11:34:36,802 INFO     [psi4.driver.driver:638] Compute gradient(): method=b3lyp, basis=cc-pvdz, molecule=default, nre=43.59434094770082
2025-12-23:11:34:37,516 INFO     [psi4.driver.driver:641] Return gradient(): -489.18507942468756
2025-12-23:11:34:37,517 INFO     [psi4.driver.driver:642] [[-0.00000000  0.00000000 -0.11061252]
 [-0.00000000  0.00000000  0.11058857]]
2025-12-23:11:34:37,518 INFO     [psi4.optking.history:269] 	Performing BFGS update.
2025-12-23:11:34:37,518 INFO     [psi4.optking.history:280] 	Using 4 previous steps for update.
2025-12-23:11:34:37,518 WARNING  [psi4.optking.history:301] 	Change in internal coordinate of 7.62e-01 exceeds limit of 5.00e-01.
2025-12-23:11:34:37,518 WARNING  [psi4.optking.history:306] 	Skipping Hessian update for step 6.
2025-12-23:11:34:37,518 WARNING  [psi4.optking.history:301] 	Change in internal coordinate of 1.15e+00 exceeds limit of 5.00e-01.
2025-12-23:11:34:37,518 WARNING  [psi4.optking.history:306] 	Skipping Hessian update for step 5.
2025-12-23:11:34:37,519 WARNING  [psi4.optking.history:301] 	Change in internal coordinate of 1.51e+00 exceeds limit of 5.00e-01.
2025-12-23:11:34:37,519 WARNING  [psi4.optking.history:306] 	Skipping Hessian update for step 4.
2025-12-23:11:34:37,519 WARNING  [psi4.optking.history:301] 	Change in internal coordinate of 1.56e+00 exceeds limit of 5.00e-01.
2025-12-23:11:34:37,519 WARNING  [psi4.optking.history:306] 	Skipping Hessian update for step 3.
2025-12-23:11:34:37,519 WARNING  [psi4.optking.history:301] 	Change in internal coordinate of 1.58e+00 exceeds limit of 5.00e-01.
2025-12-23:11:34:37,519 WARNING  [psi4.optking.history:306] 	Skipping Hessian update for step 2.
2025-12-23:11:34:37,519 WARNING  [psi4.optking.history:301] 	Change in internal coordinate of 1.59e+00 exceeds limit of 5.00e-01.
2025-12-23:11:34:37,519 WARNING  [psi4.optking.history:306] 	Skipping Hessian update for step 1.
2025-12-23:11:34:37,519 INFO     [psi4.optking.history:317] 	Steps to be used in Hessian update:  7

2025-12-23:11:34:37,519 INFO     [psi4.optking.history:418] 	Updated Hessian (in au) 
 	   0.330268

2025-12-23:11:34:37,519 INFO     [psi4.optking.molsys:944] Projected (PHP) Hessian matrix
	   0.330268

2025-12-23:11:34:37,519 INFO     [psi4.optking.opt_helper:182] 
	         Geometry (au)                                       Gradient (au)
   0.0000000000   0.0000000000   2.0748828195		  -0.0000000000   0.0000000000  -0.1106125175
   0.0000000000   0.0000000000  -1.7788283813		  -0.0000000000   0.0000000000   0.1105885715

2025-12-23:11:34:37,519 INFO     [psi4.optking.stepAlgorithms:368] 	Current Step Report 
 
	Current energy:      -489.1850794247
	Energy change for the previous step:
		Actual       :        -0.0571963412
		Projected    :        -0.0396134065

2025-12-23:11:34:37,519 INFO     [psi4.optking.stepAlgorithms:371] 	Energy ratio =    1.44386
2025-12-23:11:34:37,519 INFO     [psi4.optking.stepAlgorithms:929] 	Using RFO solution 1.
2025-12-23:11:34:37,519 INFO     [psi4.optking.displace:100] 	Determining Cartesian step for fragment 1.
2025-12-23:11:34:37,519 INFO     [psi4.optking.displace:415] 	Successfully converged to displaced geometry.
2025-12-23:11:34:37,519 INFO     [psi4.optking.displace:416] 	RMS(dx):  0.000e+00 	Max(dx):  0.000e+00 	RMS(dq):  0.000e+00
2025-12-23:11:34:37,520 INFO     [psi4.optking.displace:172] 

	        --- Internal Coordinate Step in ANG or DEG, aJ/ANG or AJ/DEG ---
	-------------------------------------------------------------------------------
	           Coordinate      Previous         Force          Change          New 
	           ----------      --------        ------          ------        ------
	               R(1,2)       2.03930        0.91121        0.16084       2.20014
	-------------------------------------------------------------------------------

2025-12-23:11:34:37,520 INFO     [psi4.optking.stepAlgorithms:113] 	|target step| :    0.3039445039
2025-12-23:11:34:37,520 INFO     [psi4.optking.stepAlgorithms:114] 	gradient     :   -0.1106005445
2025-12-23:11:34:37,520 INFO     [psi4.optking.stepAlgorithms:115] 	hessian      :    0.3302675811
2025-12-23:11:34:37,520 INFO     [psi4.optking.stepAlgorithms:113] 	|target step| :    0.3039445039
2025-12-23:11:34:37,520 INFO     [psi4.optking.stepAlgorithms:114] 	gradient     :   -0.1106005445
2025-12-23:11:34:37,520 INFO     [psi4.optking.stepAlgorithms:115] 	hessian      :    0.3302675811
2025-12-23:11:34:37,520 INFO     [psi4.optking.stepAlgorithms:206] 	Norm of achieved step-size    0.3039445039
2025-12-23:11:34:37,520 INFO     [psi4.optking.stepAlgorithms:208] 	Norm of achieved step-size (cart):    0.2149212198
2025-12-23:11:34:37,520 INFO     [psi4.optking.opt_helper:164] Molsys:

	                            ===> Fragment 1 <== 

	 Z (Atomic Numbers)          Masses                          Geom                  
	      12.000000            23.985042          0.00000000  0.00000000  2.22685507   
	      14.000000            27.976927          0.00000000  0.00000000 -1.93080063   

	 - Coordinate -           - BOHR/RAD -       - ANG/DEG -
	 R(1,2)           =         4.157656           2.200137

2025-12-23:11:34:37,520 INFO     [psi4.optking.convcheck:76] Performing convergence check.
2025-12-23:11:34:37,520 INFO     [psi4.optking.convcheck:282] 
	                                 ==> Convergence Check <==                                  
    
	Measures of convergence in internal coordinates in au.
    
	Criteria marked as inactive (o), active & met (*), and active & unmet ( ).

	----------------------------------------------------------------------------------------------
	   Step    Total Energy     Delta E     Max Force     RMS Force      Max Disp      RMS Disp   
	----------------------------------------------------------------------------------------------
	  Convergence Criteria     1.00e-06 *    3.00e-04 *             o    1.20e-03 *             o
	----------------------------------------------------------------------------------------------
	     8    -489.18507942   -5.72e-02      1.11e-01      1.11e-01 o    3.04e-01      3.04e-01 o  ~
	----------------------------------------------------------------------------------------------


2025-12-23:11:34:37,520 INFO     [psi4.optking.stepAlgorithms:296] 	Convergence check returned False
2025-12-23:11:34:37,530 INFO     [psi4.driver.task_planner:259] PLANNING Atomic:  keywords={'DAMPING_PERCENTAGE': 1.0, 'GEOM_MAXITER': 500, 'SCF__GUESS': 'READ', 'GUESS': 'SAP', 'MAXITER': 500, 'REFERENCE': 'UKS', 'function_kwargs': {}}
2025-12-23:11:34:37,532 INFO     [psi4.driver.driver:638] Compute gradient(): method=b3lyp, basis=cc-pvdz, molecule=default, nre=40.40738626098081
2025-12-23:11:34:38,292 INFO     [psi4.driver.driver:641] Return gradient(): -489.2088775245655
2025-12-23:11:34:38,293 INFO     [psi4.driver.driver:642] [[ 0.00000000  0.00000000 -0.05096593]
 [-0.00000000  0.00000000  0.05096088]]
2025-12-23:11:34:38,294 INFO     [psi4.optking.history:269] 	Performing BFGS update.
2025-12-23:11:34:38,294 INFO     [psi4.optking.history:280] 	Using 4 previous steps for update.
2025-12-23:11:34:38,294 WARNING  [psi4.optking.history:301] 	Change in internal coordinate of 6.54e-01 exceeds limit of 5.00e-01.
2025-12-23:11:34:38,294 WARNING  [psi4.optking.history:306] 	Skipping Hessian update for step 7.
2025-12-23:11:34:38,294 WARNING  [psi4.optking.history:301] 	Change in internal coordinate of 1.07e+00 exceeds limit of 5.00e-01.
2025-12-23:11:34:38,294 WARNING  [psi4.optking.history:306] 	Skipping Hessian update for step 6.
2025-12-23:11:34:38,294 WARNING  [psi4.optking.history:301] 	Change in internal coordinate of 1.45e+00 exceeds limit of 5.00e-01.
2025-12-23:11:34:38,294 WARNING  [psi4.optking.history:306] 	Skipping Hessian update for step 5.
2025-12-23:11:34:38,294 WARNING  [psi4.optking.history:301] 	Change in internal coordinate of 1.81e+00 exceeds limit of 5.00e-01.
2025-12-23:11:34:38,294 WARNING  [psi4.optking.history:306] 	Skipping Hessian update for step 4.
2025-12-23:11:34:38,294 WARNING  [psi4.optking.history:301] 	Change in internal coordinate of 1.87e+00 exceeds limit of 5.00e-01.
2025-12-23:11:34:38,295 WARNING  [psi4.optking.history:306] 	Skipping Hessian update for step 3.
2025-12-23:11:34:38,295 WARNING  [psi4.optking.history:301] 	Change in internal coordinate of 1.88e+00 exceeds limit of 5.00e-01.
2025-12-23:11:34:38,295 WARNING  [psi4.optking.history:306] 	Skipping Hessian update for step 2.
2025-12-23:11:34:38,295 WARNING  [psi4.optking.history:301] 	Change in internal coordinate of 1.89e+00 exceeds limit of 5.00e-01.
2025-12-23:11:34:38,295 WARNING  [psi4.optking.history:306] 	Skipping Hessian update for step 1.
2025-12-23:11:34:38,295 INFO     [psi4.optking.history:317] 	Steps to be used in Hessian update:  8

2025-12-23:11:34:38,295 INFO     [psi4.optking.history:418] 	Updated Hessian (in au) 
 	   0.196211

2025-12-23:11:34:38,295 INFO     [psi4.optking.molsys:944] Projected (PHP) Hessian matrix
	   0.196211

2025-12-23:11:34:38,295 INFO     [psi4.optking.opt_helper:182] 
	         Geometry (au)                                       Gradient (au)
   0.0000000000   0.0000000000   2.2385300666		   0.0000000000   0.0000000000  -0.0509659328
   0.0000000000   0.0000000000  -1.9191256381		  -0.0000000000   0.0000000000   0.0509608809

2025-12-23:11:34:38,295 INFO     [psi4.optking.stepAlgorithms:368] 	Current Step Report 
 
	Current energy:      -489.2088775246
	Energy change for the previous step:
		Actual       :        -0.0237980999
		Projected    :        -0.0168082138

2025-12-23:11:34:38,295 INFO     [psi4.optking.stepAlgorithms:371] 	Energy ratio =    1.41586
2025-12-23:11:34:38,295 INFO     [psi4.optking.stepAlgorithms:929] 	Using RFO solution 1.
2025-12-23:11:34:38,295 INFO     [psi4.optking.displace:100] 	Determining Cartesian step for fragment 1.
2025-12-23:11:34:38,295 INFO     [psi4.optking.displace:415] 	Successfully converged to displaced geometry.
2025-12-23:11:34:38,295 INFO     [psi4.optking.displace:416] 	RMS(dx):  2.564e-16 	Max(dx):  4.441e-16 	RMS(dq):  8.882e-16
2025-12-23:11:34:38,295 INFO     [psi4.optking.displace:172] 

	        --- Internal Coordinate Step in ANG or DEG, aJ/ANG or AJ/DEG ---
	-------------------------------------------------------------------------------
	           Coordinate      Previous         Force          Change          New 
	           ----------      --------        ------          ------        ------
	               R(1,2)       2.20014        0.41987        0.12925       2.32938
	-------------------------------------------------------------------------------

2025-12-23:11:34:38,295 INFO     [psi4.optking.stepAlgorithms:113] 	|target step| :    0.2442436066
2025-12-23:11:34:38,295 INFO     [psi4.optking.stepAlgorithms:114] 	gradient     :   -0.0509634069
2025-12-23:11:34:38,295 INFO     [psi4.optking.stepAlgorithms:115] 	hessian      :    0.1962106136
2025-12-23:11:34:38,295 INFO     [psi4.optking.stepAlgorithms:113] 	|target step| :    0.2442436066
2025-12-23:11:34:38,295 INFO     [psi4.optking.stepAlgorithms:114] 	gradient     :   -0.0509634069
2025-12-23:11:34:38,295 INFO     [psi4.optking.stepAlgorithms:115] 	hessian      :    0.1962106136
2025-12-23:11:34:38,295 INFO     [psi4.optking.stepAlgorithms:206] 	Norm of achieved step-size    0.2442436066
2025-12-23:11:34:38,296 INFO     [psi4.optking.stepAlgorithms:208] 	Norm of achieved step-size (cart):    0.1727063105
2025-12-23:11:34:38,296 INFO     [psi4.optking.opt_helper:164] Molsys:

	                            ===> Fragment 1 <== 

	 Z (Atomic Numbers)          Masses                          Geom                  
	      12.000000            23.985042          0.00000000  0.00000000  2.36065187   
	      14.000000            27.976927          0.00000000  0.00000000 -2.04124744   

	 - Coordinate -           - BOHR/RAD -       - ANG/DEG -
	 R(1,2)           =         4.401899           2.329385

2025-12-23:11:34:38,296 INFO     [psi4.optking.convcheck:76] Performing convergence check.
2025-12-23:11:34:38,296 INFO     [psi4.optking.convcheck:282] 
	                                 ==> Convergence Check <==                                  
    
	Measures of convergence in internal coordinates in au.
    
	Criteria marked as inactive (o), active & met (*), and active & unmet ( ).

	----------------------------------------------------------------------------------------------
	   Step    Total Energy     Delta E     Max Force     RMS Force      Max Disp      RMS Disp   
	----------------------------------------------------------------------------------------------
	  Convergence Criteria     1.00e-06 *    3.00e-04 *             o    1.20e-03 *             o
	----------------------------------------------------------------------------------------------
	     9    -489.20887752   -2.38e-02      5.10e-02      5.10e-02 o    2.44e-01      2.44e-01 o  ~
	----------------------------------------------------------------------------------------------


2025-12-23:11:34:38,296 INFO     [psi4.optking.stepAlgorithms:296] 	Convergence check returned False
2025-12-23:11:34:38,306 INFO     [psi4.driver.task_planner:259] PLANNING Atomic:  keywords={'DAMPING_PERCENTAGE': 1.0, 'GEOM_MAXITER': 500, 'SCF__GUESS': 'READ', 'GUESS': 'SAP', 'MAXITER': 500, 'REFERENCE': 'UKS', 'function_kwargs': {}}
2025-12-23:11:34:38,307 INFO     [psi4.driver.driver:638] Compute gradient(): method=b3lyp, basis=cc-pvdz, molecule=default, nre=38.16534366600987
2025-12-23:11:34:39,74 INFO     [psi4.driver.driver:641] Return gradient(): -489.21743210029564
2025-12-23:11:34:39,74 INFO     [psi4.driver.driver:642] [[ 0.00000000  0.00000000 -0.02128473]
 [ 0.00000000  0.00000000  0.02129036]]
2025-12-23:11:34:39,76 INFO     [psi4.optking.history:269] 	Performing BFGS update.
2025-12-23:11:34:39,76 INFO     [psi4.optking.history:280] 	Using 4 previous steps for update.
2025-12-23:11:34:39,76 WARNING  [psi4.optking.history:301] 	Change in internal coordinate of 5.48e-01 exceeds limit of 5.00e-01.
2025-12-23:11:34:39,76 WARNING  [psi4.optking.history:306] 	Skipping Hessian update for step 8.
2025-12-23:11:34:39,76 WARNING  [psi4.optking.history:301] 	Change in internal coordinate of 8.98e-01 exceeds limit of 5.00e-01.
2025-12-23:11:34:39,76 WARNING  [psi4.optking.history:306] 	Skipping Hessian update for step 7.
2025-12-23:11:34:39,76 WARNING  [psi4.optking.history:301] 	Change in internal coordinate of 1.31e+00 exceeds limit of 5.00e-01.
2025-12-23:11:34:39,76 WARNING  [psi4.optking.history:306] 	Skipping Hessian update for step 6.
2025-12-23:11:34:39,76 WARNING  [psi4.optking.history:301] 	Change in internal coordinate of 1.70e+00 exceeds limit of 5.00e-01.
2025-12-23:11:34:39,76 WARNING  [psi4.optking.history:306] 	Skipping Hessian update for step 5.
2025-12-23:11:34:39,76 WARNING  [psi4.optking.history:301] 	Change in internal coordinate of 2.06e+00 exceeds limit of 5.00e-01.
2025-12-23:11:34:39,76 WARNING  [psi4.optking.history:306] 	Skipping Hessian update for step 4.
2025-12-23:11:34:39,77 WARNING  [psi4.optking.history:301] 	Change in internal coordinate of 2.11e+00 exceeds limit of 5.00e-01.
2025-12-23:11:34:39,77 WARNING  [psi4.optking.history:306] 	Skipping Hessian update for step 3.
2025-12-23:11:34:39,77 WARNING  [psi4.optking.history:301] 	Change in internal coordinate of 2.13e+00 exceeds limit of 5.00e-01.
2025-12-23:11:34:39,77 WARNING  [psi4.optking.history:306] 	Skipping Hessian update for step 2.
2025-12-23:11:34:39,77 WARNING  [psi4.optking.history:301] 	Change in internal coordinate of 2.13e+00 exceeds limit of 5.00e-01.
2025-12-23:11:34:39,77 WARNING  [psi4.optking.history:306] 	Skipping Hessian update for step 1.
2025-12-23:11:34:39,77 INFO     [psi4.optking.history:317] 	Steps to be used in Hessian update:  9

2025-12-23:11:34:39,77 INFO     [psi4.optking.history:418] 	Updated Hessian (in au) 
 	   0.121501

2025-12-23:11:34:39,77 INFO     [psi4.optking.molsys:944] Projected (PHP) Hessian matrix
	   0.121501

2025-12-23:11:34:39,77 INFO     [psi4.optking.opt_helper:182] 
	         Geometry (au)                                       Gradient (au)
   0.0000000000   0.0000000000   2.3700336580		   0.0000000000   0.0000000000  -0.0212847253
   0.0000000000   0.0000000000  -2.0318656533		   0.0000000000   0.0000000000   0.0212903551

2025-12-23:11:34:39,77 INFO     [psi4.optking.stepAlgorithms:368] 	Current Step Report 
 
	Current energy:      -489.2174321003
	Energy change for the previous step:
		Actual       :        -0.0085545757
		Projected    :        -0.0062237432

2025-12-23:11:34:39,77 INFO     [psi4.optking.stepAlgorithms:371] 	Energy ratio =    1.37451
2025-12-23:11:34:39,77 INFO     [psi4.optking.stepAlgorithms:929] 	Using RFO solution 1.
2025-12-23:11:34:39,77 INFO     [psi4.optking.displace:100] 	Determining Cartesian step for fragment 1.
2025-12-23:11:34:39,77 INFO     [psi4.optking.displace:415] 	Successfully converged to displaced geometry.
2025-12-23:11:34:39,77 INFO     [psi4.optking.displace:416] 	RMS(dx):  2.564e-16 	Max(dx):  4.441e-16 	RMS(dq):  8.882e-16
2025-12-23:11:34:39,78 INFO     [psi4.optking.displace:172] 

	        --- Internal Coordinate Step in ANG or DEG, aJ/ANG or AJ/DEG ---
	-------------------------------------------------------------------------------
	           Coordinate      Previous         Force          Change          New 
	           ----------      --------        ------          ------        ------
	               R(1,2)       2.32938        0.17538        0.09003       2.41942
	-------------------------------------------------------------------------------

2025-12-23:11:34:39,78 INFO     [psi4.optking.stepAlgorithms:113] 	|target step| :    0.1701331610
2025-12-23:11:34:39,78 INFO     [psi4.optking.stepAlgorithms:114] 	gradient     :   -0.0212875402
2025-12-23:11:34:39,78 INFO     [psi4.optking.stepAlgorithms:115] 	hessian      :    0.1215010993
2025-12-23:11:34:39,78 INFO     [psi4.optking.stepAlgorithms:113] 	|target step| :    0.1701331610
2025-12-23:11:34:39,78 INFO     [psi4.optking.stepAlgorithms:114] 	gradient     :   -0.0212875402
2025-12-23:11:34:39,78 INFO     [psi4.optking.stepAlgorithms:115] 	hessian      :    0.1215010993
2025-12-23:11:34:39,78 INFO     [psi4.optking.stepAlgorithms:206] 	Norm of achieved step-size    0.1701331610
2025-12-23:11:34:39,78 INFO     [psi4.optking.stepAlgorithms:208] 	Norm of achieved step-size (cart):    0.1203023118
2025-12-23:11:34:39,78 INFO     [psi4.optking.opt_helper:164] Molsys:

	                            ===> Fragment 1 <== 

	 Z (Atomic Numbers)          Masses                          Geom                  
	      12.000000            23.985042          0.00000000  0.00000000  2.45510024   
	      14.000000            27.976927          0.00000000  0.00000000 -2.11693223   

	 - Coordinate -           - BOHR/RAD -       - ANG/DEG -
	 R(1,2)           =         4.572032           2.419415

2025-12-23:11:34:39,78 INFO     [psi4.optking.convcheck:76] Performing convergence check.
2025-12-23:11:34:39,78 INFO     [psi4.optking.convcheck:282] 
	                                 ==> Convergence Check <==                                  
    
	Measures of convergence in internal coordinates in au.
    
	Criteria marked as inactive (o), active & met (*), and active & unmet ( ).

	----------------------------------------------------------------------------------------------
	   Step    Total Energy     Delta E     Max Force     RMS Force      Max Disp      RMS Disp   
	----------------------------------------------------------------------------------------------
	  Convergence Criteria     1.00e-06 *    3.00e-04 *             o    1.20e-03 *             o
	----------------------------------------------------------------------------------------------
	    10    -489.21743210   -8.55e-03      2.13e-02      2.13e-02 o    1.70e-01      1.70e-01 o  ~
	----------------------------------------------------------------------------------------------


2025-12-23:11:34:39,78 INFO     [psi4.optking.stepAlgorithms:296] 	Convergence check returned False
2025-12-23:11:34:39,88 INFO     [psi4.driver.task_planner:259] PLANNING Atomic:  keywords={'DAMPING_PERCENTAGE': 1.0, 'GEOM_MAXITER': 500, 'SCF__GUESS': 'READ', 'GUESS': 'SAP', 'MAXITER': 500, 'REFERENCE': 'UKS', 'function_kwargs': {}}
2025-12-23:11:34:39,90 INFO     [psi4.driver.driver:638] Compute gradient(): method=b3lyp, basis=cc-pvdz, molecule=default, nre=36.74514584438033
2025-12-23:11:34:39,820 INFO     [psi4.driver.driver:641] Return gradient(): -489.21980979650016
2025-12-23:11:34:39,820 INFO     [psi4.driver.driver:642] [[ 0.00000000  0.00000000 -0.00746649]
 [ 0.00000000  0.00000000  0.00748269]]
2025-12-23:11:34:39,822 INFO     [psi4.optking.history:269] 	Performing BFGS update.
2025-12-23:11:34:39,822 INFO     [psi4.optking.history:280] 	Using 4 previous steps for update.
2025-12-23:11:34:39,822 WARNING  [psi4.optking.history:301] 	Change in internal coordinate of 7.18e-01 exceeds limit of 5.00e-01.
2025-12-23:11:34:39,822 WARNING  [psi4.optking.history:306] 	Skipping Hessian update for step 8.
2025-12-23:11:34:39,822 WARNING  [psi4.optking.history:301] 	Change in internal coordinate of 1.07e+00 exceeds limit of 5.00e-01.
2025-12-23:11:34:39,822 WARNING  [psi4.optking.history:306] 	Skipping Hessian update for step 7.
2025-12-23:11:34:39,822 WARNING  [psi4.optking.history:301] 	Change in internal coordinate of 1.48e+00 exceeds limit of 5.00e-01.
2025-12-23:11:34:39,822 WARNING  [psi4.optking.history:306] 	Skipping Hessian update for step 6.
2025-12-23:11:34:39,822 WARNING  [psi4.optking.history:301] 	Change in internal coordinate of 1.87e+00 exceeds limit of 5.00e-01.
2025-12-23:11:34:39,822 WARNING  [psi4.optking.history:306] 	Skipping Hessian update for step 5.
2025-12-23:11:34:39,822 WARNING  [psi4.optking.history:301] 	Change in internal coordinate of 2.23e+00 exceeds limit of 5.00e-01.
2025-12-23:11:34:39,822 WARNING  [psi4.optking.history:306] 	Skipping Hessian update for step 4.
2025-12-23:11:34:39,822 WARNING  [psi4.optking.history:301] 	Change in internal coordinate of 2.28e+00 exceeds limit of 5.00e-01.
2025-12-23:11:34:39,822 WARNING  [psi4.optking.history:306] 	Skipping Hessian update for step 3.
2025-12-23:11:34:39,822 WARNING  [psi4.optking.history:301] 	Change in internal coordinate of 2.30e+00 exceeds limit of 5.00e-01.
2025-12-23:11:34:39,822 WARNING  [psi4.optking.history:306] 	Skipping Hessian update for step 2.
2025-12-23:11:34:39,823 WARNING  [psi4.optking.history:301] 	Change in internal coordinate of 2.30e+00 exceeds limit of 5.00e-01.
2025-12-23:11:34:39,823 WARNING  [psi4.optking.history:306] 	Skipping Hessian update for step 1.
2025-12-23:11:34:39,823 INFO     [psi4.optking.history:317] 	Steps to be used in Hessian update:  10 9

2025-12-23:11:34:39,823 INFO     [psi4.optking.history:418] 	Updated Hessian (in au) 
 	   0.104950

2025-12-23:11:34:39,823 INFO     [psi4.optking.molsys:944] Projected (PHP) Hessian matrix
	   0.104950

2025-12-23:11:34:39,823 INFO     [psi4.optking.opt_helper:182] 
	         Geometry (au)                                       Gradient (au)
   0.0000000000   0.0000000000   2.4616353257		   0.0000000000   0.0000000000  -0.0074664860
   0.0000000000   0.0000000000  -2.1103971466		   0.0000000000   0.0000000000   0.0074826888

2025-12-23:11:34:39,823 INFO     [psi4.optking.stepAlgorithms:368] 	Current Step Report 
 
	Current energy:      -489.2198097965
	Energy change for the previous step:
		Actual       :        -0.0023776962
		Projected    :        -0.0018108582

2025-12-23:11:34:39,823 INFO     [psi4.optking.stepAlgorithms:371] 	Energy ratio =    1.31302
2025-12-23:11:34:39,823 INFO     [psi4.optking.stepAlgorithms:929] 	Using RFO solution 1.
2025-12-23:11:34:39,823 INFO     [psi4.optking.displace:100] 	Determining Cartesian step for fragment 1.
2025-12-23:11:34:39,823 INFO     [psi4.optking.displace:415] 	Successfully converged to displaced geometry.
2025-12-23:11:34:39,823 INFO     [psi4.optking.displace:416] 	RMS(dx):  2.564e-16 	Max(dx):  4.441e-16 	RMS(dq):  8.882e-16
2025-12-23:11:34:39,824 INFO     [psi4.optking.displace:172] 

	        --- Internal Coordinate Step in ANG or DEG, aJ/ANG or AJ/DEG ---
	-------------------------------------------------------------------------------
	           Coordinate      Previous         Force          Change          New 
	           ----------      --------        ------          ------        ------
	               R(1,2)       2.41942        0.06158        0.03750       2.45691
	-------------------------------------------------------------------------------

2025-12-23:11:34:39,824 INFO     [psi4.optking.stepAlgorithms:113] 	|target step| :    0.0708628604
2025-12-23:11:34:39,824 INFO     [psi4.optking.stepAlgorithms:114] 	gradient     :   -0.0074745874
2025-12-23:11:34:39,824 INFO     [psi4.optking.stepAlgorithms:115] 	hessian      :    0.1049499463
2025-12-23:11:34:39,824 INFO     [psi4.optking.stepAlgorithms:113] 	|target step| :    0.0708628604
2025-12-23:11:34:39,824 INFO     [psi4.optking.stepAlgorithms:114] 	gradient     :   -0.0074745874
2025-12-23:11:34:39,824 INFO     [psi4.optking.stepAlgorithms:115] 	hessian      :    0.1049499463
2025-12-23:11:34:39,824 INFO     [psi4.optking.stepAlgorithms:206] 	Norm of achieved step-size    0.0708628604
2025-12-23:11:34:39,824 INFO     [psi4.optking.stepAlgorithms:208] 	Norm of achieved step-size (cart):    0.0501076091
2025-12-23:11:34:39,824 INFO     [psi4.optking.opt_helper:164] Molsys:

	                            ===> Fragment 1 <== 

	 Z (Atomic Numbers)          Masses                          Geom                  
	      12.000000            23.985042          0.00000000  0.00000000  2.49706676   
	      14.000000            27.976927          0.00000000  0.00000000 -2.14582858   

	 - Coordinate -           - BOHR/RAD -       - ANG/DEG -
	 R(1,2)           =         4.642895           2.456914

2025-12-23:11:34:39,824 INFO     [psi4.optking.convcheck:76] Performing convergence check.
2025-12-23:11:34:39,824 INFO     [psi4.optking.convcheck:282] 
	                                 ==> Convergence Check <==                                  
    
	Measures of convergence in internal coordinates in au.
    
	Criteria marked as inactive (o), active & met (*), and active & unmet ( ).

	----------------------------------------------------------------------------------------------
	   Step    Total Energy     Delta E     Max Force     RMS Force      Max Disp      RMS Disp   
	----------------------------------------------------------------------------------------------
	  Convergence Criteria     1.00e-06 *    3.00e-04 *             o    1.20e-03 *             o
	----------------------------------------------------------------------------------------------
	    11    -489.21980980   -2.38e-03      7.47e-03      7.47e-03 o    7.09e-02      7.09e-02 o  ~
	----------------------------------------------------------------------------------------------


2025-12-23:11:34:39,824 INFO     [psi4.optking.stepAlgorithms:296] 	Convergence check returned False
2025-12-23:11:34:39,835 INFO     [psi4.driver.task_planner:259] PLANNING Atomic:  keywords={'DAMPING_PERCENTAGE': 1.0, 'GEOM_MAXITER': 500, 'SCF__GUESS': 'READ', 'GUESS': 'SAP', 'MAXITER': 500, 'REFERENCE': 'UKS', 'function_kwargs': {}}
2025-12-23:11:34:39,836 INFO     [psi4.driver.driver:638] Compute gradient(): method=b3lyp, basis=cc-pvdz, molecule=default, nre=36.18431775024526
2025-12-23:11:34:40,535 INFO     [psi4.driver.driver:641] Return gradient(): -489.2201776372454
2025-12-23:11:34:40,535 INFO     [psi4.driver.driver:642] [[-0.00000000  0.00000000 -0.00302380]
 [ 0.00000000  0.00000000  0.00304384]]
2025-12-23:11:34:40,537 INFO     [psi4.optking.history:269] 	Performing BFGS update.
2025-12-23:11:34:40,537 INFO     [psi4.optking.history:280] 	Using 4 previous steps for update.
2025-12-23:11:34:40,537 WARNING  [psi4.optking.history:301] 	Change in internal coordinate of 7.89e-01 exceeds limit of 5.00e-01.
2025-12-23:11:34:40,537 WARNING  [psi4.optking.history:306] 	Skipping Hessian update for step 8.
2025-12-23:11:34:40,537 WARNING  [psi4.optking.history:301] 	Change in internal coordinate of 1.14e+00 exceeds limit of 5.00e-01.
2025-12-23:11:34:40,537 WARNING  [psi4.optking.history:306] 	Skipping Hessian update for step 7.
2025-12-23:11:34:40,537 WARNING  [psi4.optking.history:301] 	Change in internal coordinate of 1.55e+00 exceeds limit of 5.00e-01.
2025-12-23:11:34:40,537 WARNING  [psi4.optking.history:306] 	Skipping Hessian update for step 6.
2025-12-23:11:34:40,537 WARNING  [psi4.optking.history:301] 	Change in internal coordinate of 1.94e+00 exceeds limit of 5.00e-01.
2025-12-23:11:34:40,537 WARNING  [psi4.optking.history:306] 	Skipping Hessian update for step 5.
2025-12-23:11:34:40,537 WARNING  [psi4.optking.history:301] 	Change in internal coordinate of 2.30e+00 exceeds limit of 5.00e-01.
2025-12-23:11:34:40,537 WARNING  [psi4.optking.history:306] 	Skipping Hessian update for step 4.
2025-12-23:11:34:40,537 WARNING  [psi4.optking.history:301] 	Change in internal coordinate of 2.35e+00 exceeds limit of 5.00e-01.
2025-12-23:11:34:40,537 WARNING  [psi4.optking.history:306] 	Skipping Hessian update for step 3.
2025-12-23:11:34:40,537 WARNING  [psi4.optking.history:301] 	Change in internal coordinate of 2.37e+00 exceeds limit of 5.00e-01.
2025-12-23:11:34:40,537 WARNING  [psi4.optking.history:306] 	Skipping Hessian update for step 2.
2025-12-23:11:34:40,537 WARNING  [psi4.optking.history:301] 	Change in internal coordinate of 2.38e+00 exceeds limit of 5.00e-01.
2025-12-23:11:34:40,537 WARNING  [psi4.optking.history:306] 	Skipping Hessian update for step 1.
2025-12-23:11:34:40,537 INFO     [psi4.optking.history:317] 	Steps to be used in Hessian update:  11 10 9

2025-12-23:11:34:40,537 INFO     [psi4.optking.history:418] 	Updated Hessian (in au) 
 	   0.098775

2025-12-23:11:34:40,537 INFO     [psi4.optking.molsys:944] Projected (PHP) Hessian matrix
	   0.098775

2025-12-23:11:34:40,538 INFO     [psi4.optking.opt_helper:182] 
	         Geometry (au)                                       Gradient (au)
   0.0000000000   0.0000000000   2.4997887119		  -0.0000000000   0.0000000000  -0.0030237963
   0.0000000000   0.0000000000  -2.1431066209		   0.0000000000   0.0000000000   0.0030438446

2025-12-23:11:34:40,538 INFO     [psi4.optking.stepAlgorithms:368] 	Current Step Report 
 
	Current energy:      -489.2201776372
	Energy change for the previous step:
		Actual       :        -0.0003678407
		Projected    :        -0.0002648353

2025-12-23:11:34:40,538 INFO     [psi4.optking.stepAlgorithms:371] 	Energy ratio =    1.38894
2025-12-23:11:34:40,538 INFO     [psi4.optking.stepAlgorithms:929] 	Using RFO solution 1.
2025-12-23:11:34:40,538 INFO     [psi4.optking.displace:100] 	Determining Cartesian step for fragment 1.
2025-12-23:11:34:40,538 INFO     [psi4.optking.displace:415] 	Successfully converged to displaced geometry.
2025-12-23:11:34:40,538 INFO     [psi4.optking.displace:416] 	RMS(dx):  0.000e+00 	Max(dx):  0.000e+00 	RMS(dq):  0.000e+00
2025-12-23:11:34:40,538 INFO     [psi4.optking.displace:172] 

	        --- Internal Coordinate Step in ANG or DEG, aJ/ANG or AJ/DEG ---
	-------------------------------------------------------------------------------
	           Coordinate      Previous         Force          Change          New 
	           ----------      --------        ------          ------        ------
	               R(1,2)       2.45691        0.02499        0.01624       2.47315
	-------------------------------------------------------------------------------

2025-12-23:11:34:40,538 INFO     [psi4.optking.stepAlgorithms:113] 	|target step| :    0.0306855092
2025-12-23:11:34:40,538 INFO     [psi4.optking.stepAlgorithms:114] 	gradient     :   -0.0030338205
2025-12-23:11:34:40,538 INFO     [psi4.optking.stepAlgorithms:115] 	hessian      :    0.0987750869
2025-12-23:11:34:40,538 INFO     [psi4.optking.stepAlgorithms:113] 	|target step| :    0.0306855092
2025-12-23:11:34:40,538 INFO     [psi4.optking.stepAlgorithms:114] 	gradient     :   -0.0030338205
2025-12-23:11:34:40,538 INFO     [psi4.optking.stepAlgorithms:115] 	hessian      :    0.0987750869
2025-12-23:11:34:40,538 INFO     [psi4.optking.stepAlgorithms:206] 	Norm of achieved step-size    0.0306855092
2025-12-23:11:34:40,538 INFO     [psi4.optking.stepAlgorithms:208] 	Norm of achieved step-size (cart):    0.0216979316
2025-12-23:11:34:40,538 INFO     [psi4.optking.opt_helper:164] Molsys:

	                            ===> Fragment 1 <== 

	 Z (Atomic Numbers)          Masses                          Geom                  
	      12.000000            23.985042          0.00000000  0.00000000  2.51513147   
	      14.000000            27.976927          0.00000000  0.00000000 -2.15844938   

	 - Coordinate -           - BOHR/RAD -       - ANG/DEG -
	 R(1,2)           =         4.673581           2.473152

2025-12-23:11:34:40,539 INFO     [psi4.optking.convcheck:76] Performing convergence check.
2025-12-23:11:34:40,539 INFO     [psi4.optking.convcheck:282] 
	                                 ==> Convergence Check <==                                  
    
	Measures of convergence in internal coordinates in au.
    
	Criteria marked as inactive (o), active & met (*), and active & unmet ( ).

	----------------------------------------------------------------------------------------------
	   Step    Total Energy     Delta E     Max Force     RMS Force      Max Disp      RMS Disp   
	----------------------------------------------------------------------------------------------
	  Convergence Criteria     1.00e-06 *    3.00e-04 *             o    1.20e-03 *             o
	----------------------------------------------------------------------------------------------
	    12    -489.22017764   -3.68e-04      3.03e-03      3.03e-03 o    3.07e-02      3.07e-02 o  ~
	----------------------------------------------------------------------------------------------


2025-12-23:11:34:40,539 INFO     [psi4.optking.stepAlgorithms:296] 	Convergence check returned False
2025-12-23:11:34:40,549 INFO     [psi4.driver.task_planner:259] PLANNING Atomic:  keywords={'DAMPING_PERCENTAGE': 1.0, 'GEOM_MAXITER': 500, 'SCF__GUESS': 'READ', 'GUESS': 'SAP', 'MAXITER': 500, 'REFERENCE': 'UKS', 'function_kwargs': {}}
2025-12-23:11:34:40,550 INFO     [psi4.driver.driver:638] Compute gradient(): method=b3lyp, basis=cc-pvdz, molecule=default, nre=35.94674098593998
2025-12-23:11:34:41,265 INFO     [psi4.driver.driver:641] Return gradient(): -489.2202440762993
2025-12-23:11:34:41,265 INFO     [psi4.driver.driver:642] [[ 0.00000000  0.00000000 -0.00130923]
 [-0.00000000 -0.00000000  0.00132831]]
2025-12-23:11:34:41,266 INFO     [psi4.optking.history:269] 	Performing BFGS update.
2025-12-23:11:34:41,267 INFO     [psi4.optking.history:280] 	Using 4 previous steps for update.
2025-12-23:11:34:41,267 WARNING  [psi4.optking.history:301] 	Change in internal coordinate of 5.16e-01 exceeds limit of 5.00e-01.
2025-12-23:11:34:41,267 WARNING  [psi4.optking.history:306] 	Skipping Hessian update for step 9.
2025-12-23:11:34:41,267 WARNING  [psi4.optking.history:301] 	Change in internal coordinate of 8.20e-01 exceeds limit of 5.00e-01.
2025-12-23:11:34:41,267 WARNING  [psi4.optking.history:306] 	Skipping Hessian update for step 8.
2025-12-23:11:34:41,267 WARNING  [psi4.optking.history:301] 	Change in internal coordinate of 1.17e+00 exceeds limit of 5.00e-01.
2025-12-23:11:34:41,267 WARNING  [psi4.optking.history:306] 	Skipping Hessian update for step 7.
2025-12-23:11:34:41,267 WARNING  [psi4.optking.history:301] 	Change in internal coordinate of 1.58e+00 exceeds limit of 5.00e-01.
2025-12-23:11:34:41,267 WARNING  [psi4.optking.history:306] 	Skipping Hessian update for step 6.
2025-12-23:11:34:41,267 WARNING  [psi4.optking.history:301] 	Change in internal coordinate of 1.97e+00 exceeds limit of 5.00e-01.
2025-12-23:11:34:41,267 WARNING  [psi4.optking.history:306] 	Skipping Hessian update for step 5.
2025-12-23:11:34:41,267 WARNING  [psi4.optking.history:301] 	Change in internal coordinate of 2.33e+00 exceeds limit of 5.00e-01.
2025-12-23:11:34:41,267 WARNING  [psi4.optking.history:306] 	Skipping Hessian update for step 4.
2025-12-23:11:34:41,267 WARNING  [psi4.optking.history:301] 	Change in internal coordinate of 2.38e+00 exceeds limit of 5.00e-01.
2025-12-23:11:34:41,267 WARNING  [psi4.optking.history:306] 	Skipping Hessian update for step 3.
2025-12-23:11:34:41,267 WARNING  [psi4.optking.history:301] 	Change in internal coordinate of 2.40e+00 exceeds limit of 5.00e-01.
2025-12-23:11:34:41,267 WARNING  [psi4.optking.history:306] 	Skipping Hessian update for step 2.
2025-12-23:11:34:41,267 WARNING  [psi4.optking.history:301] 	Change in internal coordinate of 2.41e+00 exceeds limit of 5.00e-01.
2025-12-23:11:34:41,267 WARNING  [psi4.optking.history:306] 	Skipping Hessian update for step 1.
2025-12-23:11:34:41,267 INFO     [psi4.optking.history:317] 	Steps to be used in Hessian update:  12 11 10

2025-12-23:11:34:41,267 INFO     [psi4.optking.history:418] 	Updated Hessian (in au) 
 	   0.073501

2025-12-23:11:34:41,267 INFO     [psi4.optking.molsys:944] Projected (PHP) Hessian matrix
	   0.073501

2025-12-23:11:34:41,267 INFO     [psi4.optking.opt_helper:182] 
	         Geometry (au)                                       Gradient (au)
   0.0000000000   0.0000000000   2.5163101460		   0.0000000000   0.0000000000  -0.0013092343
   0.0000000000   0.0000000000  -2.1572706959		  -0.0000000000  -0.0000000000   0.0013283090

2025-12-23:11:34:41,267 INFO     [psi4.optking.stepAlgorithms:368] 	Current Step Report 
 
	Current energy:      -489.2202440763
	Energy change for the previous step:
		Actual       :        -0.0000664391
		Projected    :        -0.0000465472

2025-12-23:11:34:41,267 INFO     [psi4.optking.stepAlgorithms:371] 	Energy ratio =    1.42735
2025-12-23:11:34:41,268 INFO     [psi4.optking.stepAlgorithms:929] 	Using RFO solution 1.
2025-12-23:11:34:41,268 INFO     [psi4.optking.displace:100] 	Determining Cartesian step for fragment 1.
2025-12-23:11:34:41,268 INFO     [psi4.optking.displace:415] 	Successfully converged to displaced geometry.
2025-12-23:11:34:41,268 INFO     [psi4.optking.displace:416] 	RMS(dx):  0.000e+00 	Max(dx):  0.000e+00 	RMS(dq):  0.000e+00
2025-12-23:11:34:41,268 INFO     [psi4.optking.displace:172] 

	        --- Internal Coordinate Step in ANG or DEG, aJ/ANG or AJ/DEG ---
	-------------------------------------------------------------------------------
	           Coordinate      Previous         Force          Change          New 
	           ----------      --------        ------          ------        ------
	               R(1,2)       2.47315        0.01086        0.00949       2.48264
	-------------------------------------------------------------------------------

2025-12-23:11:34:41,268 INFO     [psi4.optking.stepAlgorithms:113] 	|target step| :    0.0179365406
2025-12-23:11:34:41,268 INFO     [psi4.optking.stepAlgorithms:114] 	gradient     :   -0.0013187716
2025-12-23:11:34:41,268 INFO     [psi4.optking.stepAlgorithms:115] 	hessian      :    0.0735006480
2025-12-23:11:34:41,268 INFO     [psi4.optking.stepAlgorithms:113] 	|target step| :    0.0179365406
2025-12-23:11:34:41,268 INFO     [psi4.optking.stepAlgorithms:114] 	gradient     :   -0.0013187716
2025-12-23:11:34:41,268 INFO     [psi4.optking.stepAlgorithms:115] 	hessian      :    0.0735006480
2025-12-23:11:34:41,268 INFO     [psi4.optking.stepAlgorithms:206] 	Norm of achieved step-size    0.0179365406
2025-12-23:11:34:41,268 INFO     [psi4.optking.stepAlgorithms:208] 	Norm of achieved step-size (cart):    0.0126830495
2025-12-23:11:34:41,268 INFO     [psi4.optking.opt_helper:164] Molsys:

	                            ===> Fragment 1 <== 

	 Z (Atomic Numbers)          Masses                          Geom                  
	      12.000000            23.985042          0.00000000  0.00000000  2.52527842   
	      14.000000            27.976927          0.00000000  0.00000000 -2.16623897   

	 - Coordinate -           - BOHR/RAD -       - ANG/DEG -
	 R(1,2)           =         4.691517           2.482644

2025-12-23:11:34:41,268 INFO     [psi4.optking.convcheck:76] Performing convergence check.
2025-12-23:11:34:41,268 INFO     [psi4.optking.convcheck:282] 
	                                 ==> Convergence Check <==                                  
    
	Measures of convergence in internal coordinates in au.
    
	Criteria marked as inactive (o), active & met (*), and active & unmet ( ).

	----------------------------------------------------------------------------------------------
	   Step    Total Energy     Delta E     Max Force     RMS Force      Max Disp      RMS Disp   
	----------------------------------------------------------------------------------------------
	  Convergence Criteria     1.00e-06 *    3.00e-04 *             o    1.20e-03 *             o
	----------------------------------------------------------------------------------------------
	    13    -489.22024408   -6.64e-05      1.32e-03      1.32e-03 o    1.79e-02      1.79e-02 o  ~
	----------------------------------------------------------------------------------------------


2025-12-23:11:34:41,268 INFO     [psi4.optking.stepAlgorithms:296] 	Convergence check returned False
2025-12-23:11:34:41,279 INFO     [psi4.driver.task_planner:259] PLANNING Atomic:  keywords={'DAMPING_PERCENTAGE': 1.0, 'GEOM_MAXITER': 500, 'SCF__GUESS': 'READ', 'GUESS': 'SAP', 'MAXITER': 500, 'REFERENCE': 'UKS', 'function_kwargs': {}}
2025-12-23:11:34:41,280 INFO     [psi4.driver.driver:638] Compute gradient(): method=b3lyp, basis=cc-pvdz, molecule=default, nre=35.80930993220947
2025-12-23:11:34:41,964 INFO     [psi4.driver.driver:641] Return gradient(): -489.22025917794775
2025-12-23:11:34:41,965 INFO     [psi4.driver.driver:642] [[ 0.00000000  0.00000000 -0.00036213]
 [ 0.00000000  0.00000000  0.00038015]]
2025-12-23:11:34:41,966 INFO     [psi4.optking.history:269] 	Performing BFGS update.
2025-12-23:11:34:41,966 INFO     [psi4.optking.history:280] 	Using 4 previous steps for update.
2025-12-23:11:34:41,967 INFO     [psi4.optking.history:317] 	Steps to be used in Hessian update:  13 12 11 10

2025-12-23:11:34:41,967 INFO     [psi4.optking.history:418] 	Updated Hessian (in au) 
 	   0.072221

2025-12-23:11:34:41,967 INFO     [psi4.optking.molsys:944] Projected (PHP) Hessian matrix
	   0.072221

2025-12-23:11:34:41,967 INFO     [psi4.optking.opt_helper:182] 
	         Geometry (au)                                       Gradient (au)
   0.0000000000   0.0000000000   2.5259673875		   0.0000000000   0.0000000000  -0.0003621268
   0.0000000000   0.0000000000  -2.1655499949		   0.0000000000   0.0000000000   0.0003801520

2025-12-23:11:34:41,967 INFO     [psi4.optking.stepAlgorithms:368] 	Current Step Report 
 
	Current energy:      -489.2202591779
	Energy change for the previous step:
		Actual       :        -0.0000151016
		Projected    :        -0.0000118271

2025-12-23:11:34:41,967 INFO     [psi4.optking.stepAlgorithms:371] 	Energy ratio =    1.27687
2025-12-23:11:34:41,967 INFO     [psi4.optking.stepAlgorithms:929] 	Using RFO solution 1.
2025-12-23:11:34:41,967 INFO     [psi4.optking.displace:100] 	Determining Cartesian step for fragment 1.
2025-12-23:11:34:41,967 INFO     [psi4.optking.displace:415] 	Successfully converged to displaced geometry.
2025-12-23:11:34:41,968 INFO     [psi4.optking.displace:416] 	RMS(dx):  2.564e-16 	Max(dx):  4.441e-16 	RMS(dq):  8.882e-16
2025-12-23:11:34:41,968 INFO     [psi4.optking.displace:172] 

	        --- Internal Coordinate Step in ANG or DEG, aJ/ANG or AJ/DEG ---
	-------------------------------------------------------------------------------
	           Coordinate      Previous         Force          Change          New 
	           ----------      --------        ------          ------        ------
	               R(1,2)       2.48264        0.00306        0.00272       2.48536
	-------------------------------------------------------------------------------

2025-12-23:11:34:41,968 INFO     [psi4.optking.stepAlgorithms:113] 	|target step| :    0.0051388306
2025-12-23:11:34:41,968 INFO     [psi4.optking.stepAlgorithms:114] 	gradient     :   -0.0003711394
2025-12-23:11:34:41,968 INFO     [psi4.optking.stepAlgorithms:115] 	hessian      :    0.0722206342
2025-12-23:11:34:41,968 INFO     [psi4.optking.stepAlgorithms:113] 	|target step| :    0.0051388306
2025-12-23:11:34:41,968 INFO     [psi4.optking.stepAlgorithms:114] 	gradient     :   -0.0003711394
2025-12-23:11:34:41,968 INFO     [psi4.optking.stepAlgorithms:115] 	hessian      :    0.0722206342
2025-12-23:11:34:41,968 INFO     [psi4.optking.stepAlgorithms:206] 	Norm of achieved step-size    0.0051388306
2025-12-23:11:34:41,968 INFO     [psi4.optking.stepAlgorithms:208] 	Norm of achieved step-size (cart):    0.0036337020
2025-12-23:11:34:41,968 INFO     [psi4.optking.opt_helper:164] Molsys:

	                            ===> Fragment 1 <== 

	 Z (Atomic Numbers)          Masses                          Geom                  
	      12.000000            23.985042          0.00000000  0.00000000  2.52853680   
	      14.000000            27.976927          0.00000000  0.00000000 -2.16811941   

	 - Coordinate -           - BOHR/RAD -       - ANG/DEG -
	 R(1,2)           =         4.696656           2.485363

2025-12-23:11:34:41,968 INFO     [psi4.optking.convcheck:76] Performing convergence check.
2025-12-23:11:34:41,968 INFO     [psi4.optking.convcheck:282] 
	                                 ==> Convergence Check <==                                  
    
	Measures of convergence in internal coordinates in au.
    
	Criteria marked as inactive (o), active & met (*), and active & unmet ( ).

	----------------------------------------------------------------------------------------------
	   Step    Total Energy     Delta E     Max Force     RMS Force      Max Disp      RMS Disp   
	----------------------------------------------------------------------------------------------
	  Convergence Criteria     1.00e-06 *    3.00e-04 *             o    1.20e-03 *             o
	----------------------------------------------------------------------------------------------
	    14    -489.22025918   -1.51e-05      3.71e-04      3.71e-04 o    5.14e-03      5.14e-03 o  ~
	----------------------------------------------------------------------------------------------


2025-12-23:11:34:41,968 INFO     [psi4.optking.stepAlgorithms:296] 	Convergence check returned False
2025-12-23:11:34:41,978 INFO     [psi4.driver.task_planner:259] PLANNING Atomic:  keywords={'DAMPING_PERCENTAGE': 1.0, 'GEOM_MAXITER': 500, 'SCF__GUESS': 'READ', 'GUESS': 'SAP', 'MAXITER': 500, 'REFERENCE': 'UKS', 'function_kwargs': {}}
2025-12-23:11:34:41,980 INFO     [psi4.driver.driver:638] Compute gradient(): method=b3lyp, basis=cc-pvdz, molecule=default, nre=35.770129296153804
2025-12-23:11:34:42,645 INFO     [psi4.driver.driver:641] Return gradient(): -489.2202604040227
2025-12-23:11:34:42,645 INFO     [psi4.driver.driver:642] [[ 0.00000000  0.00000000 -0.00009806]
 [-0.00000000 -0.00000000  0.00011575]]
2025-12-23:11:34:42,647 INFO     [psi4.optking.history:269] 	Performing BFGS update.
2025-12-23:11:34:42,647 INFO     [psi4.optking.history:280] 	Using 4 previous steps for update.
2025-12-23:11:34:42,647 INFO     [psi4.optking.history:317] 	Steps to be used in Hessian update:  14 13 12 11

2025-12-23:11:34:42,647 INFO     [psi4.optking.history:418] 	Updated Hessian (in au) 
 	   0.059119

2025-12-23:11:34:42,647 INFO     [psi4.optking.molsys:944] Projected (PHP) Hessian matrix
	   0.059119

2025-12-23:11:34:42,647 INFO     [psi4.optking.opt_helper:182] 
	         Geometry (au)                                       Gradient (au)
   0.0000000000   0.0000000000   2.5287341935		   0.0000000000   0.0000000000  -0.0000980646
   0.0000000000   0.0000000000  -2.1679220195		  -0.0000000000  -0.0000000000   0.0001157546

2025-12-23:11:34:42,647 INFO     [psi4.optking.stepAlgorithms:368] 	Current Step Report 
 
	Current energy:      -489.2202604040
	Energy change for the previous step:
		Actual       :        -0.0000012261
		Projected    :        -0.0000009536

2025-12-23:11:34:42,647 INFO     [psi4.optking.stepAlgorithms:371] 	Energy ratio =    1.28572
2025-12-23:11:34:42,647 INFO     [psi4.optking.stepAlgorithms:929] 	Using RFO solution 1.
2025-12-23:11:34:42,648 INFO     [psi4.optking.displace:100] 	Determining Cartesian step for fragment 1.
2025-12-23:11:34:42,648 INFO     [psi4.optking.displace:415] 	Successfully converged to displaced geometry.
2025-12-23:11:34:42,648 INFO     [psi4.optking.displace:416] 	RMS(dx):  2.564e-16 	Max(dx):  4.441e-16 	RMS(dq):  8.882e-16
2025-12-23:11:34:42,648 INFO     [psi4.optking.displace:172] 

	        --- Internal Coordinate Step in ANG or DEG, aJ/ANG or AJ/DEG ---
	-------------------------------------------------------------------------------
	           Coordinate      Previous         Force          Change          New 
	           ----------      --------        ------          ------        ------
	               R(1,2)       2.48536        0.00088        0.00096       2.48632
	-------------------------------------------------------------------------------

2025-12-23:11:34:42,648 INFO     [psi4.optking.stepAlgorithms:113] 	|target step| :    0.0018083626
2025-12-23:11:34:42,648 INFO     [psi4.optking.stepAlgorithms:114] 	gradient     :   -0.0001069096
2025-12-23:11:34:42,648 INFO     [psi4.optking.stepAlgorithms:115] 	hessian      :    0.0591193757
2025-12-23:11:34:42,648 INFO     [psi4.optking.stepAlgorithms:113] 	|target step| :    0.0018083626
2025-12-23:11:34:42,648 INFO     [psi4.optking.stepAlgorithms:114] 	gradient     :   -0.0001069096
2025-12-23:11:34:42,648 INFO     [psi4.optking.stepAlgorithms:115] 	hessian      :    0.0591193757
2025-12-23:11:34:42,648 INFO     [psi4.optking.stepAlgorithms:206] 	Norm of achieved step-size    0.0018083626
2025-12-23:11:34:42,648 INFO     [psi4.optking.stepAlgorithms:208] 	Norm of achieved step-size (cart):    0.0012787055
2025-12-23:11:34:42,648 INFO     [psi4.optking.opt_helper:164] Molsys:

	                            ===> Fragment 1 <== 

	 Z (Atomic Numbers)          Masses                          Geom                  
	      12.000000            23.985042          0.00000000  0.00000000  2.52963837   
	      14.000000            27.976927          0.00000000  0.00000000 -2.16882620   

	 - Coordinate -           - BOHR/RAD -       - ANG/DEG -
	 R(1,2)           =         4.698465           2.486320

2025-12-23:11:34:42,648 INFO     [psi4.optking.convcheck:76] Performing convergence check.
2025-12-23:11:34:42,648 INFO     [psi4.optking.convcheck:282] 
	                                 ==> Convergence Check <==                                  
    
	Measures of convergence in internal coordinates in au.
    
	Criteria marked as inactive (o), active & met (*), and active & unmet ( ).

	----------------------------------------------------------------------------------------------
	   Step    Total Energy     Delta E     Max Force     RMS Force      Max Disp      RMS Disp   
	----------------------------------------------------------------------------------------------
	  Convergence Criteria     1.00e-06 *    3.00e-04 *             o    1.20e-03 *             o
	----------------------------------------------------------------------------------------------
	    15    -489.22026040   -1.23e-06      1.07e-04 *    1.07e-04 o    1.81e-03      1.81e-03 o  ~
	----------------------------------------------------------------------------------------------


2025-12-23:11:34:42,648 INFO     [psi4.optking.stepAlgorithms:296] 	Convergence check returned False
2025-12-23:11:34:42,659 INFO     [psi4.driver.task_planner:259] PLANNING Atomic:  keywords={'DAMPING_PERCENTAGE': 1.0, 'GEOM_MAXITER': 500, 'SCF__GUESS': 'READ', 'GUESS': 'SAP', 'MAXITER': 500, 'REFERENCE': 'UKS', 'function_kwargs': {}}
2025-12-23:11:34:42,660 INFO     [psi4.driver.driver:638] Compute gradient(): method=b3lyp, basis=cc-pvdz, molecule=default, nre=35.75636195495743
2025-12-23:11:34:43,349 INFO     [psi4.driver.driver:641] Return gradient(): -489.2202605137712
2025-12-23:11:34:43,350 INFO     [psi4.driver.driver:642] [[ 0.00000000  0.00000000 -0.00000590]
 [ 0.00000000  0.00000000  0.00002347]]
2025-12-23:11:34:43,351 INFO     [psi4.optking.history:269] 	Performing BFGS update.
2025-12-23:11:34:43,351 INFO     [psi4.optking.history:280] 	Using 4 previous steps for update.
2025-12-23:11:34:43,352 INFO     [psi4.optking.history:317] 	Steps to be used in Hessian update:  15 14 13 12

2025-12-23:11:34:43,352 INFO     [psi4.optking.history:418] 	Updated Hessian (in au) 
 	   0.054331

2025-12-23:11:34:43,352 INFO     [psi4.optking.molsys:944] Projected (PHP) Hessian matrix
	   0.054331

2025-12-23:11:34:43,352 INFO     [psi4.optking.opt_helper:182] 
	         Geometry (au)                                       Gradient (au)
   0.0000000000   0.0000000000   2.5297078370		   0.0000000000   0.0000000000  -0.0000059039
   0.0000000000   0.0000000000  -2.1687567387		   0.0000000000   0.0000000000   0.0000234740

2025-12-23:11:34:43,352 INFO     [psi4.optking.stepAlgorithms:368] 	Current Step Report 
 
	Current energy:      -489.2202605138
	Energy change for the previous step:
		Actual       :        -0.0000001097
		Projected    :        -0.0000000967

2025-12-23:11:34:43,352 INFO     [psi4.optking.stepAlgorithms:371] 	Energy ratio =    1.13534
2025-12-23:11:34:43,352 INFO     [psi4.optking.stepAlgorithms:929] 	Using RFO solution 1.
2025-12-23:11:34:43,352 INFO     [psi4.optking.displace:100] 	Determining Cartesian step for fragment 1.
2025-12-23:11:34:43,353 INFO     [psi4.optking.displace:415] 	Successfully converged to displaced geometry.
2025-12-23:11:34:43,353 INFO     [psi4.optking.displace:416] 	RMS(dx):  2.564e-16 	Max(dx):  4.441e-16 	RMS(dq):  8.882e-16
2025-12-23:11:34:43,353 INFO     [psi4.optking.displace:172] 

	        --- Internal Coordinate Step in ANG or DEG, aJ/ANG or AJ/DEG ---
	-------------------------------------------------------------------------------
	           Coordinate      Previous         Force          Change          New 
	           ----------      --------        ------          ------        ------
	               R(1,2)       2.48632        0.00012        0.00014       2.48646
	-------------------------------------------------------------------------------

2025-12-23:11:34:43,353 INFO     [psi4.optking.stepAlgorithms:113] 	|target step| :    0.0002703613
2025-12-23:11:34:43,353 INFO     [psi4.optking.stepAlgorithms:114] 	gradient     :   -0.0000146890
2025-12-23:11:34:43,353 INFO     [psi4.optking.stepAlgorithms:115] 	hessian      :    0.0543309810
2025-12-23:11:34:43,353 INFO     [psi4.optking.stepAlgorithms:113] 	|target step| :    0.0002703613
2025-12-23:11:34:43,353 INFO     [psi4.optking.stepAlgorithms:114] 	gradient     :   -0.0000146890
2025-12-23:11:34:43,353 INFO     [psi4.optking.stepAlgorithms:115] 	hessian      :    0.0543309810
2025-12-23:11:34:43,353 INFO     [psi4.optking.stepAlgorithms:206] 	Norm of achieved step-size    0.0002703613
2025-12-23:11:34:43,353 INFO     [psi4.optking.stepAlgorithms:208] 	Norm of achieved step-size (cart):    0.0001911743
2025-12-23:11:34:43,353 INFO     [psi4.optking.opt_helper:164] Molsys:

	                            ===> Fragment 1 <== 

	 Z (Atomic Numbers)          Masses                          Geom                  
	      12.000000            23.985042          0.00000000  0.00000000  2.52984302   
	      14.000000            27.976927          0.00000000  0.00000000 -2.16889192   

	 - Coordinate -           - BOHR/RAD -       - ANG/DEG -
	 R(1,2)           =         4.698735           2.486463

2025-12-23:11:34:43,353 INFO     [psi4.optking.convcheck:76] Performing convergence check.
2025-12-23:11:34:43,353 INFO     [psi4.optking.convcheck:282] 
	                                 ==> Convergence Check <==                                  
    
	Measures of convergence in internal coordinates in au.
    
	Criteria marked as inactive (o), active & met (*), and active & unmet ( ).

	----------------------------------------------------------------------------------------------
	   Step    Total Energy     Delta E     Max Force     RMS Force      Max Disp      RMS Disp   
	----------------------------------------------------------------------------------------------
	  Convergence Criteria     1.00e-06 *    3.00e-04 *             o    1.20e-03 *             o
	----------------------------------------------------------------------------------------------
	    16    -489.22026051   -1.10e-07 *    1.47e-05 *    1.47e-05 o    2.70e-04 *    2.70e-04 o  ~
	----------------------------------------------------------------------------------------------


2025-12-23:11:34:43,353 INFO     [psi4.optking.convcheck:206] 
	                      ===> Final Convergence Report <===                     

	----------------------------------------------------------------------------
	|   Required Criteria    |  One or More Criteria  |   Alternate Criteria   |
	----------------------------------------------------------------------------
	| [x]     max_force      | [x]       max_DE       |                        |
	|                        | [x]      max_disp      |                        |
	----------------------------------------------------------------------------


2025-12-23:11:34:43,353 INFO     [psi4.optking.stepAlgorithms:296] 	Convergence check returned True
2025-12-23:11:34:43,353 INFO     [psi4.optking.optimize:332] 	Converged in 16 steps!
2025-12-23:11:34:43,353 INFO     [psi4.optking.optimize:333] 	Final energy is   -489.2202605137712
2025-12-23:11:34:43,353 INFO     [psi4.optking.optimize:334] 	Final structure (Angstroms): 
	Fragment 1 (Ang)

	   Mg   0.0000000000   0.0000000000   1.3387352715
	   Si   0.0000000000   0.0000000000  -1.1477281761


2025-12-23:11:34:43,354 INFO     [psi4.optking.optimize:562] 	Optimization Finished

	==> Optimization Summary <==

        
	Measures of convergence in internal coordinates in au. (Any backward steps not shown.)
        
	---------------------------------------------------------------------------------------------------------------  ~
        
	 Step         Total Energy             Delta E       MAX Force       RMS Force        MAX Disp        RMS Disp   ~
        
	---------------------------------------------------------------------------------------------------------------  ~
        
	     1    -488.244069178695   -488.244069178695      1.60834296      1.60834296      0.00738334      0.00738334  ~
	     2    -488.255867881052     -0.011798702357      1.58768508      1.58768508      0.01457472      0.01457472  ~
	     3    -488.278717876467     -0.022849995415      1.54802601      1.54802601      0.05667210      0.05667210  ~
	     4    -488.362353802566     -0.083635926099      1.40675258      1.40675258      0.35981623      0.35981623  ~
	     5    -488.750300385357     -0.387946582791      0.81667103      0.81667103      0.38518584      0.38518584  ~
	     6    -488.990720126939     -0.240419741582      0.45994197      0.45994197      0.41223547      0.41223547  ~
	     7    -489.127883083458     -0.137162956519      0.22625105      0.22625105      0.35017214      0.35017214  ~
	     8    -489.185079424688     -0.057196341230      0.11060054      0.11060054      0.30394450      0.30394450  ~
	     9    -489.208877524565     -0.023798099878      0.05096341      0.05096341      0.24424361      0.24424361  ~
	    10    -489.217432100296     -0.008554575730      0.02128754      0.02128754      0.17013316      0.17013316  ~
	    11    -489.219809796500     -0.002377696205      0.00747459      0.00747459      0.07086286      0.07086286  ~
	    12    -489.220177637245     -0.000367840745      0.00303382      0.00303382      0.03068551      0.03068551  ~
	    13    -489.220244076299     -0.000066439054      0.00131877      0.00131877      0.01793654      0.01793654  ~
	    14    -489.220259177948     -0.000015101648      0.00037114      0.00037114      0.00513883      0.00513883  ~
	    15    -489.220260404023     -0.000001226075      0.00010691      0.00010691      0.00180836      0.00180836  ~
	    16    -489.220260513771     -0.000000109748      0.00001469      0.00001469      0.00027036      0.00027036  ~
	----------------------------------------------------------------------------------------------------------------


2025-12-23:11:34:43,354 INFO     [psi4.optking.optimize:806] Preparing OptimizationResult
