2025-12-23:10:35:36,127 WARNING  [psi4.optking:38] Some dependencies such as QCElemental have not yet finished migration to pydantic v2. If issues are encountered please downgrade pydantic or upgrade QCElemental as appropriate
2025-12-23:10:35:36,286 INFO     [psi4.optking.optwrapper:234] Creating a UserComputer
2025-12-23:10:35:36,286 INFO     [psi4.optking.optwrapper:242] 
    			-----------------------------------------

    			 OPTKING 3.0: for geometry optimizations 

    			     By R.A. King, Bethel University     

    			        with contributions from          

    			    A.V. Copan, J. Cayton, A. Heide      

    			-----------------------------------------

    
2025-12-23:10:35:36,287 INFO     [psi4.optking.optwrapper:272] 
		 -- Optimization Parameters --
	GEOM_MAXITER                   =             500
	ALG_GEOM_MAXITER               =              50
	PRINT                          =               1
	OPT_TYPE                       =             MIN
	STEP_TYPE                      =             RFO
	PROGRAM                        =            PSI4
	STEEPEST_DESCENT_TYPE          =         OVERLAP
	CONJUGATE_GRADIENT_TYPE        =        FLETCHER
	OPT_COORDINATES                =        INTERNAL
	RFO_FOLLOW_ROOT                =           False
	RFO_ROOT                       =               0
	ACCEPT_SYMMETRY_BREAKING       =           False
	DYNAMIC_LVL                    =               0
	DYNAMIC_LVL_MAX                =               0
	IRC_STEP_SIZE                  =             0.2
	IRC_DIRECTION                  =         FORWARD
	IRC_POINTS                     =              20
	IRC_MODE                       =          NORMAL
	IRC_CONVERGENCE                =            -0.7
	INTRAFRAG_STEP_LIMIT           =             0.5
	INTRAFRAG_STEP_LIMIT_MIN       =           0.001
	INTRAFRAG_STEP_LIMIT_MAX       =             1.0
	INTERFRAG_STEP_LIMIT           =             0.5
	INTERFRAG_STEP_LIMIT_MIN       =           0.001
	INTERFRAG_STEP_LIMIT_MAX       =             1.0
	ENSURE_BT_CONVERGENCE          =           False
	SIMPLE_STEP_SCALING            =           False
	CONSECUTIVE_BACKSTEPS          =               0
	RFO_NORMALIZATION_MAX          =             100
	RSRFO_ALPHA_MAX                =     100000000.0
	PRINT_TRAJECTORY_XYZ_FILE      =           False
	WRITE_TRAJECTORY               =           False
	FROZEN_DISTANCE                =                
	FROZEN_BEND                    =                
	FROZEN_DIHEDRAL                =                
	FROZEN_OOFP                    =                
	FROZEN_CARTESIAN               =                
	FREEZE_ALL_DIHEDRALS           =           False
	UNFREEZE_DIHEDRALS             =                
	RANGED_DISTANCE                =                
	RANGED_BEND                    =                
	RANGED_DIHEDRAL                =                
	RANGED_OOFP                    =                
	RANGED_CARTESIAN               =                
	EXT_FORCE_DISTANCE             =                
	EXT_FORCE_BEND                 =                
	EXT_FORCE_DIHEDRAL             =                
	EXT_FORCE_OOFP                 =                
	EXT_FORCE_CARTESIAN            =                
	G_CONVERGENCE                  =           QCHEM
	MAX_FORCE_G_CONVERGENCE        =          0.0003
	RMS_FORCE_G_CONVERGENCE        =          0.0003
	MAX_ENERGY_G_CONVERGENCE       =           1e-06
	MAX_DISP_G_CONVERGENCE         =          0.0012
	RMS_DISP_G_CONVERGENCE         =          0.0012
	FLEXIBLE_G_CONVERGENCE         =           False
	HESS_UPDATE                    =            BFGS
	HESS_UPDATE_USE_LAST           =               4
	HESS_UPDATE_LIMIT              =            True
	HESS_UPDATE_LIMIT_MAX          =             1.0
	HESS_UPDATE_LIMIT_SCALE        =             0.5
	HESS_UPDATE_DEN_TOL            =           1e-07
	HESS_UPDATE_DQ_TOL             =             0.5
	CART_HESS_READ                 =           False
	HESSIAN_FILE                   =               .
	FULL_HESS_EVERY                =              -1
	INTRAFRAG_HESS                 =        SCHLEGEL
	H_GUESS_EVERY                  =           False
	BT_MAX_ITER                    =              25
	BT_DX_CONV                     =           1e-07
	BT_DX_RMS_CHANGE_CONV          =           1e-12
	BT_PINV_RCOND                  =           1e-06
	FRAG_MODE                      =          SINGLE
	FRAG_REF_ATOMS                 =              []
	FREEZE_INTRAFRAG               =           False
	INTERFRAG_MODE                 =           FIXED
	ADD_AUXILIARY_BONDS            =           False
	AUXILIARY_BOND_FACTOR          =             2.5
	INTERFRAG_DIST_INV             =           False
	INTERFRAG_COLLINEAR_TOL        =            0.01
	INTERFRAG_COORDS               =              []
	INTERFRAG_HESS                 =         DEFAULT
	COVALENT_CONNECT               =             1.3
	INTERFRAGMENT_CONNECT          =             1.8
	H_BOND_CONNECT                 =             4.3
	INCLUDE_OOFP                   =           False
	TEST_B                         =           False
	TEST_DERIVATIVE_B              =           False
	LINESEARCH_STEP                =             0.1
	LINESEARCH                     =           False
	SD_HESSIAN                     =             1.0
	FIX_VAL_NEAR_PI                =            1.57
	V3D_TORS_ANGLE_LIM             =           0.017
	V3D_TORS_COS_TOL               =           1e-10
	LINEAR_BEND_THRESHOLD          =            3.05
	SMALL_BEND_FIX_THRESHOLD       =            0.35
	REDUNDANT_EVAL_TOL             =           1e-10
	LINEAR_ALGEBRA_TOL             =           1e-10


2025-12-23:10:35:36,423 INFO     [psi4.optking.opt_helper:164] Molsys:

	                            ===> Fragment 1 <== 

	 Z (Atomic Numbers)          Masses                          Geom                  
	       2.000000             4.002603          0.00000000  0.00000000  2.00816501   
	      15.000000            30.973762          0.00000000  0.00000000 -0.25950635   

	 - Coordinate -           - BOHR/RAD -       - ANG/DEG -
	 R(1,2)           =         2.267671           1.200000

2025-12-23:10:35:36,433 INFO     [psi4.driver.task_planner:259] PLANNING Atomic:  keywords={'DAMPING_PERCENTAGE': 1.0, 'GEOM_MAXITER': 500, 'GUESS': 'SAP', 'MAXITER': 500, 'REFERENCE': 'UKS', 'function_kwargs': {}}
2025-12-23:10:35:36,434 INFO     [psi4.driver.driver:638] Compute gradient(): method=b3lyp, basis=cc-pvdz, molecule=default, nre=13.229430266750002
2025-12-23:10:35:36,929 INFO     [psi4.driver.driver:641] Return gradient(): -343.870478450128
2025-12-23:10:35:36,929 INFO     [psi4.driver.driver:642] [[ 0.00000000 -0.00000000 -0.43567795]
 [-0.00000000  0.00000000  0.43567124]]
2025-12-23:10:35:36,931 INFO     [psi4.optking.molsys:944] Projected (PHP) Hessian matrix
	   0.417309

2025-12-23:10:35:36,931 INFO     [psi4.optking.opt_helper:182] 
	         Geometry (au)                                       Gradient (au)
   0.0000000000   0.0000000000   2.0081650050		   0.0000000000  -0.0000000000  -0.4356779529
   0.0000000000   0.0000000000  -0.2595063455		  -0.0000000000   0.0000000000   0.4356712384

2025-12-23:10:35:36,932 INFO     [psi4.optking.stepAlgorithms:929] 	Using RFO solution 1.
2025-12-23:10:35:36,932 INFO     [psi4.optking.displace:100] 	Determining Cartesian step for fragment 1.
2025-12-23:10:35:36,932 INFO     [psi4.optking.displace:415] 	Successfully converged to displaced geometry.
2025-12-23:10:35:36,932 INFO     [psi4.optking.displace:416] 	RMS(dx):  0.000e+00 	Max(dx):  0.000e+00 	RMS(dq):  0.000e+00
2025-12-23:10:35:36,932 INFO     [psi4.optking.displace:172] 

	        --- Internal Coordinate Step in ANG or DEG, aJ/ANG or AJ/DEG ---
	-------------------------------------------------------------------------------
	           Coordinate      Previous         Force          Change          New 
	           ----------      --------        ------          ------        ------
	               R(1,2)       1.20000        3.58940        0.26459       1.46459
	-------------------------------------------------------------------------------

2025-12-23:10:35:36,932 INFO     [psi4.optking.stepAlgorithms:113] 	|target step| :    0.5000000029
2025-12-23:10:35:36,932 INFO     [psi4.optking.stepAlgorithms:114] 	gradient     :   -0.4356745957
2025-12-23:10:35:36,932 INFO     [psi4.optking.stepAlgorithms:115] 	hessian      :    0.4173085431
2025-12-23:10:35:36,932 INFO     [psi4.optking.stepAlgorithms:113] 	|target step| :    0.5000000029
2025-12-23:10:35:36,932 INFO     [psi4.optking.stepAlgorithms:114] 	gradient     :   -0.4356745957
2025-12-23:10:35:36,932 INFO     [psi4.optking.stepAlgorithms:115] 	hessian      :    0.4173085431
2025-12-23:10:35:36,932 INFO     [psi4.optking.stepAlgorithms:206] 	Norm of achieved step-size    0.5000000029
2025-12-23:10:35:36,932 INFO     [psi4.optking.stepAlgorithms:208] 	Norm of achieved step-size (cart):    0.3535533926
2025-12-23:10:35:36,933 INFO     [psi4.optking.opt_helper:164] Molsys:

	                            ===> Fragment 1 <== 

	 Z (Atomic Numbers)          Masses                          Geom                  
	       2.000000             4.002603          0.00000000  0.00000000  2.25816501   
	      15.000000            30.973762          0.00000000  0.00000000 -0.50950635   

	 - Coordinate -           - BOHR/RAD -       - ANG/DEG -
	 R(1,2)           =         2.767671           1.464589

2025-12-23:10:35:36,933 INFO     [psi4.optking.convcheck:76] Performing convergence check.
2025-12-23:10:35:36,933 INFO     [psi4.optking.convcheck:282] 
	                                 ==> Convergence Check <==                                  
    
	Measures of convergence in internal coordinates in au.
    
	Criteria marked as inactive (o), active & met (*), and active & unmet ( ).

	----------------------------------------------------------------------------------------------~
	   Step    Total Energy     Delta E     Max Force     RMS Force      Max Disp      RMS Disp   ~
	----------------------------------------------------------------------------------------------~
	  Convergence Criteria     1.00e-06 *    3.00e-04 *             o    1.20e-03 *             o~
	----------------------------------------------------------------------------------------------~
	     1    -343.87047845   -3.44e+02      4.36e-01      4.36e-01 o    5.00e-01      5.00e-01 o  ~
	----------------------------------------------------------------------------------------------


2025-12-23:10:35:36,933 INFO     [psi4.optking.stepAlgorithms:296] 	Convergence check returned False
2025-12-23:10:35:36,944 INFO     [psi4.driver.task_planner:259] PLANNING Atomic:  keywords={'DAMPING_PERCENTAGE': 1.0, 'GEOM_MAXITER': 500, 'SCF__GUESS': 'READ', 'GUESS': 'SAP', 'MAXITER': 500, 'REFERENCE': 'UKS', 'function_kwargs': {}}
2025-12-23:10:35:36,945 INFO     [psi4.driver.driver:638] Compute gradient(): method=b3lyp, basis=cc-pvdz, molecule=default, nre=10.839437263044935
2025-12-23:10:35:37,393 INFO     [psi4.driver.driver:641] Return gradient(): -344.03004107726844
2025-12-23:10:35:37,393 INFO     [psi4.driver.driver:642] [[ 0.00000000  0.00000000 -0.22498989]
 [ 0.00000000  0.00000000  0.22498341]]
2025-12-23:10:35:37,395 INFO     [psi4.optking.history:269] 	Performing BFGS update.
2025-12-23:10:35:37,395 INFO     [psi4.optking.history:280] 	Using 1 previous steps for update.
2025-12-23:10:35:37,395 INFO     [psi4.optking.history:317] 	Steps to be used in Hessian update:  1

2025-12-23:10:35:37,395 INFO     [psi4.optking.history:418] 	Updated Hessian (in au) 
 	   0.421376

2025-12-23:10:35:37,395 INFO     [psi4.optking.molsys:944] Projected (PHP) Hessian matrix
	   0.421376

2025-12-23:10:35:37,396 INFO     [psi4.optking.opt_helper:182] 
	         Geometry (au)                                       Gradient (au)
   0.0000000000   0.0000000000   2.4509463225		   0.0000000000   0.0000000000  -0.2249898944
   0.0000000000   0.0000000000  -0.3167250309		   0.0000000000   0.0000000000   0.2249834107

2025-12-23:10:35:37,396 INFO     [psi4.optking.stepAlgorithms:368] 	Current Step Report 
 
	Current energy:      -344.0300410773
	Energy change for the previous step:
		Actual       :        -0.1595626271
		Projected    :        -0.1325389842

2025-12-23:10:35:37,396 INFO     [psi4.optking.stepAlgorithms:371] 	Energy ratio =    1.20389
2025-12-23:10:35:37,396 INFO     [psi4.optking.stepAlgorithms:399] 	Energy ratio indicates good step.
2025-12-23:10:35:37,396 INFO     [psi4.optking.stepAlgorithms:400] 	Intrafrag trust radius increased to      1.
2025-12-23:10:35:37,396 INFO     [psi4.optking.stepAlgorithms:929] 	Using RFO solution 1.
2025-12-23:10:35:37,396 INFO     [psi4.optking.displace:100] 	Determining Cartesian step for fragment 1.
2025-12-23:10:35:37,396 INFO     [psi4.optking.displace:415] 	Successfully converged to displaced geometry.
2025-12-23:10:35:37,396 INFO     [psi4.optking.displace:416] 	RMS(dx):  0.000e+00 	Max(dx):  0.000e+00 	RMS(dq):  0.000e+00
2025-12-23:10:35:37,396 INFO     [psi4.optking.displace:172] 

	        --- Internal Coordinate Step in ANG or DEG, aJ/ANG or AJ/DEG ---
	-------------------------------------------------------------------------------
	           Coordinate      Previous         Force          Change          New 
	           ----------      --------        ------          ------        ------
	               R(1,2)       1.46459        1.85360        0.22943       1.69402
	-------------------------------------------------------------------------------

2025-12-23:10:35:37,396 INFO     [psi4.optking.stepAlgorithms:113] 	|target step| :    0.4335652263
2025-12-23:10:35:37,396 INFO     [psi4.optking.stepAlgorithms:114] 	gradient     :   -0.2249866526
2025-12-23:10:35:37,396 INFO     [psi4.optking.stepAlgorithms:115] 	hessian      :    0.4213758837
2025-12-23:10:35:37,396 INFO     [psi4.optking.stepAlgorithms:113] 	|target step| :    0.4335652263
2025-12-23:10:35:37,396 INFO     [psi4.optking.stepAlgorithms:114] 	gradient     :   -0.2249866526
2025-12-23:10:35:37,396 INFO     [psi4.optking.stepAlgorithms:115] 	hessian      :    0.4213758837
2025-12-23:10:35:37,396 INFO     [psi4.optking.stepAlgorithms:206] 	Norm of achieved step-size    0.4335652263
2025-12-23:10:35:37,396 INFO     [psi4.optking.stepAlgorithms:208] 	Norm of achieved step-size (cart):    0.3065769116
2025-12-23:10:35:37,396 INFO     [psi4.optking.opt_helper:164] Molsys:

	                            ===> Fragment 1 <== 

	 Z (Atomic Numbers)          Masses                          Geom                  
	       2.000000             4.002603          0.00000000  0.00000000  2.66772894   
	      15.000000            30.973762          0.00000000  0.00000000 -0.53350764   

	 - Coordinate -           - BOHR/RAD -       - ANG/DEG -
	 R(1,2)           =         3.201237           1.694021

2025-12-23:10:35:37,397 INFO     [psi4.optking.convcheck:76] Performing convergence check.
2025-12-23:10:35:37,397 INFO     [psi4.optking.convcheck:282] 
	                                 ==> Convergence Check <==                                  
    
	Measures of convergence in internal coordinates in au.
    
	Criteria marked as inactive (o), active & met (*), and active & unmet ( ).

	----------------------------------------------------------------------------------------------
	   Step    Total Energy     Delta E     Max Force     RMS Force      Max Disp      RMS Disp   
	----------------------------------------------------------------------------------------------
	  Convergence Criteria     1.00e-06 *    3.00e-04 *             o    1.20e-03 *             o
	----------------------------------------------------------------------------------------------
	     2    -344.03004108   -1.60e-01      2.25e-01      2.25e-01 o    4.34e-01      4.34e-01 o  ~
	----------------------------------------------------------------------------------------------


2025-12-23:10:35:37,397 INFO     [psi4.optking.stepAlgorithms:296] 	Convergence check returned False
2025-12-23:10:35:37,407 INFO     [psi4.driver.task_planner:259] PLANNING Atomic:  keywords={'DAMPING_PERCENTAGE': 1.0, 'GEOM_MAXITER': 500, 'SCF__GUESS': 'READ', 'GUESS': 'SAP', 'MAXITER': 500, 'REFERENCE': 'UKS', 'function_kwargs': {}}
2025-12-23:10:35:37,409 INFO     [psi4.driver.driver:638] Compute gradient(): method=b3lyp, basis=cc-pvdz, molecule=default, nre=9.371378607279603
2025-12-23:10:35:37,858 INFO     [psi4.driver.driver:641] Return gradient(): -344.103528810927
2025-12-23:10:35:37,858 INFO     [psi4.driver.driver:642] [[ 0.00000000  0.00000000 -0.12321181]
 [ 0.00000000  0.00000000  0.12321361]]
2025-12-23:10:35:37,860 INFO     [psi4.optking.history:269] 	Performing BFGS update.
2025-12-23:10:35:37,860 INFO     [psi4.optking.history:280] 	Using 2 previous steps for update.
2025-12-23:10:35:37,860 WARNING  [psi4.optking.history:301] 	Change in internal coordinate of 9.34e-01 exceeds limit of 5.00e-01.
2025-12-23:10:35:37,860 WARNING  [psi4.optking.history:306] 	Skipping Hessian update for step 1.
2025-12-23:10:35:37,860 INFO     [psi4.optking.history:317] 	Steps to be used in Hessian update:  2

2025-12-23:10:35:37,860 INFO     [psi4.optking.history:418] 	Updated Hessian (in au) 
 	   0.234737

2025-12-23:10:35:37,860 INFO     [psi4.optking.molsys:944] Projected (PHP) Hessian matrix
	   0.234737

2025-12-23:10:35:37,860 INFO     [psi4.optking.opt_helper:182] 
	         Geometry (au)                                       Gradient (au)
   0.0000000000   0.0000000000   2.8348954846		   0.0000000000   0.0000000000  -0.1232118111
   0.0000000000   0.0000000000  -0.3663410952		   0.0000000000   0.0000000000   0.1232136051

2025-12-23:10:35:37,860 INFO     [psi4.optking.stepAlgorithms:368] 	Current Step Report 
 
	Current energy:      -344.1035288109
	Energy change for the previous step:
		Actual       :        -0.0734877337
		Projected    :        -0.0487731945

2025-12-23:10:35:37,860 INFO     [psi4.optking.stepAlgorithms:371] 	Energy ratio =    1.50672
2025-12-23:10:35:37,860 INFO     [psi4.optking.stepAlgorithms:929] 	Using RFO solution 1.
2025-12-23:10:35:37,860 INFO     [psi4.optking.displace:100] 	Determining Cartesian step for fragment 1.
2025-12-23:10:35:37,861 INFO     [psi4.optking.displace:415] 	Successfully converged to displaced geometry.
2025-12-23:10:35:37,861 INFO     [psi4.optking.displace:416] 	RMS(dx):  0.000e+00 	Max(dx):  0.000e+00 	RMS(dq):  0.000e+00
2025-12-23:10:35:37,861 INFO     [psi4.optking.displace:172] 

	        --- Internal Coordinate Step in ANG or DEG, aJ/ANG or AJ/DEG ---
	-------------------------------------------------------------------------------
	           Coordinate      Previous         Force          Change          New 
	           ----------      --------        ------          ------        ------
	               R(1,2)       1.69402        1.01512        0.22676       1.92078
	-------------------------------------------------------------------------------

2025-12-23:10:35:37,861 INFO     [psi4.optking.stepAlgorithms:113] 	|target step| :    0.4285129250
2025-12-23:10:35:37,861 INFO     [psi4.optking.stepAlgorithms:114] 	gradient     :   -0.1232127081
2025-12-23:10:35:37,861 INFO     [psi4.optking.stepAlgorithms:115] 	hessian      :    0.2347373320
2025-12-23:10:35:37,861 INFO     [psi4.optking.stepAlgorithms:113] 	|target step| :    0.4285129250
2025-12-23:10:35:37,861 INFO     [psi4.optking.stepAlgorithms:114] 	gradient     :   -0.1232127081
2025-12-23:10:35:37,861 INFO     [psi4.optking.stepAlgorithms:115] 	hessian      :    0.2347373320
2025-12-23:10:35:37,861 INFO     [psi4.optking.stepAlgorithms:206] 	Norm of achieved step-size    0.4285129250
2025-12-23:10:35:37,861 INFO     [psi4.optking.stepAlgorithms:208] 	Norm of achieved step-size (cart):    0.3030043951
2025-12-23:10:35:37,861 INFO     [psi4.optking.opt_helper:164] Molsys:

	                            ===> Fragment 1 <== 

	 Z (Atomic Numbers)          Masses                          Geom                  
	       2.000000             4.002603          0.00000000  0.00000000  3.04915195   
	      15.000000            30.973762          0.00000000  0.00000000 -0.58059756   

	 - Coordinate -           - BOHR/RAD -       - ANG/DEG -
	 R(1,2)           =         3.629750           1.920781

2025-12-23:10:35:37,861 INFO     [psi4.optking.convcheck:76] Performing convergence check.
2025-12-23:10:35:37,861 INFO     [psi4.optking.convcheck:282] 
	                                 ==> Convergence Check <==                                  
    
	Measures of convergence in internal coordinates in au.
    
	Criteria marked as inactive (o), active & met (*), and active & unmet ( ).

	----------------------------------------------------------------------------------------------
	   Step    Total Energy     Delta E     Max Force     RMS Force      Max Disp      RMS Disp   
	----------------------------------------------------------------------------------------------
	  Convergence Criteria     1.00e-06 *    3.00e-04 *             o    1.20e-03 *             o
	----------------------------------------------------------------------------------------------
	     3    -344.10352881   -7.35e-02      1.23e-01      1.23e-01 o    4.29e-01      4.29e-01 o  ~
	----------------------------------------------------------------------------------------------


2025-12-23:10:35:37,861 INFO     [psi4.optking.stepAlgorithms:296] 	Convergence check returned False
2025-12-23:10:35:37,872 INFO     [psi4.driver.task_planner:259] PLANNING Atomic:  keywords={'DAMPING_PERCENTAGE': 1.0, 'GEOM_MAXITER': 500, 'SCF__GUESS': 'READ', 'GUESS': 'SAP', 'MAXITER': 500, 'REFERENCE': 'UKS', 'function_kwargs': {}}
2025-12-23:10:35:37,873 INFO     [psi4.driver.driver:638] Compute gradient(): method=b3lyp, basis=cc-pvdz, molecule=default, nre=8.265033154756743
2025-12-23:10:35:38,301 INFO     [psi4.driver.driver:641] Return gradient(): -344.14283765651777
2025-12-23:10:35:38,302 INFO     [psi4.driver.driver:642] [[-0.00000000  0.00000000 -0.06571664]
 [ 0.00000000 -0.00000000  0.06572513]]
2025-12-23:10:35:38,303 INFO     [psi4.optking.history:269] 	Performing BFGS update.
2025-12-23:10:35:38,303 INFO     [psi4.optking.history:280] 	Using 3 previous steps for update.
2025-12-23:10:35:38,303 WARNING  [psi4.optking.history:301] 	Change in internal coordinate of 8.62e-01 exceeds limit of 5.00e-01.
2025-12-23:10:35:38,303 WARNING  [psi4.optking.history:306] 	Skipping Hessian update for step 2.
2025-12-23:10:35:38,303 WARNING  [psi4.optking.history:301] 	Change in internal coordinate of 1.36e+00 exceeds limit of 5.00e-01.
2025-12-23:10:35:38,303 WARNING  [psi4.optking.history:306] 	Skipping Hessian update for step 1.
2025-12-23:10:35:38,303 INFO     [psi4.optking.history:317] 	Steps to be used in Hessian update:  3

2025-12-23:10:35:38,304 INFO     [psi4.optking.history:418] 	Updated Hessian (in au) 
 	   0.134166

2025-12-23:10:35:38,304 INFO     [psi4.optking.molsys:944] Projected (PHP) Hessian matrix
	   0.134166

2025-12-23:10:35:38,304 INFO     [psi4.optking.opt_helper:182] 
	         Geometry (au)                                       Gradient (au)
   0.0000000000   0.0000000000   3.2143705174		  -0.0000000000   0.0000000000  -0.0657166391
   0.0000000000   0.0000000000  -0.4153789873		   0.0000000000  -0.0000000000   0.0657251337

2025-12-23:10:35:38,304 INFO     [psi4.optking.stepAlgorithms:368] 	Current Step Report 
 
	Current energy:      -344.1428376565
	Energy change for the previous step:
		Actual       :        -0.0393088456
		Projected    :        -0.0263991190

2025-12-23:10:35:38,304 INFO     [psi4.optking.stepAlgorithms:371] 	Energy ratio =    1.48902
2025-12-23:10:35:38,304 INFO     [psi4.optking.stepAlgorithms:929] 	Using RFO solution 1.
2025-12-23:10:35:38,304 INFO     [psi4.optking.displace:100] 	Determining Cartesian step for fragment 1.
2025-12-23:10:35:38,304 INFO     [psi4.optking.displace:415] 	Successfully converged to displaced geometry.
2025-12-23:10:35:38,304 INFO     [psi4.optking.displace:416] 	RMS(dx):  0.000e+00 	Max(dx):  0.000e+00 	RMS(dq):  0.000e+00
2025-12-23:10:35:38,304 INFO     [psi4.optking.displace:172] 

	        --- Internal Coordinate Step in ANG or DEG, aJ/ANG or AJ/DEG ---
	-------------------------------------------------------------------------------
	           Coordinate      Previous         Force          Change          New 
	           ----------      --------        ------          ------        ------
	               R(1,2)       1.92078        0.54146        0.21602       2.13680
	-------------------------------------------------------------------------------

2025-12-23:10:35:38,304 INFO     [psi4.optking.stepAlgorithms:113] 	|target step| :    0.4082185098
2025-12-23:10:35:38,304 INFO     [psi4.optking.stepAlgorithms:114] 	gradient     :   -0.0657208864
2025-12-23:10:35:38,304 INFO     [psi4.optking.stepAlgorithms:115] 	hessian      :    0.1341658989
2025-12-23:10:35:38,304 INFO     [psi4.optking.stepAlgorithms:113] 	|target step| :    0.4082185098
2025-12-23:10:35:38,304 INFO     [psi4.optking.stepAlgorithms:114] 	gradient     :   -0.0657208864
2025-12-23:10:35:38,304 INFO     [psi4.optking.stepAlgorithms:115] 	hessian      :    0.1341658989
2025-12-23:10:35:38,304 INFO     [psi4.optking.stepAlgorithms:206] 	Norm of achieved step-size    0.4082185098
2025-12-23:10:35:38,304 INFO     [psi4.optking.stepAlgorithms:208] 	Norm of achieved step-size (cart):    0.2886540765
2025-12-23:10:35:38,305 INFO     [psi4.optking.opt_helper:164] Molsys:

	                            ===> Fragment 1 <== 

	 Z (Atomic Numbers)          Masses                          Geom                  
	       2.000000             4.002603          0.00000000  0.00000000  3.41847977   
	      15.000000            30.973762          0.00000000  0.00000000 -0.61948824   

	 - Coordinate -           - BOHR/RAD -       - ANG/DEG -
	 R(1,2)           =         4.037968           2.136801

2025-12-23:10:35:38,305 INFO     [psi4.optking.convcheck:76] Performing convergence check.
2025-12-23:10:35:38,305 INFO     [psi4.optking.convcheck:282] 
	                                 ==> Convergence Check <==                                  
    
	Measures of convergence in internal coordinates in au.
    
	Criteria marked as inactive (o), active & met (*), and active & unmet ( ).

	----------------------------------------------------------------------------------------------
	   Step    Total Energy     Delta E     Max Force     RMS Force      Max Disp      RMS Disp   
	----------------------------------------------------------------------------------------------
	  Convergence Criteria     1.00e-06 *    3.00e-04 *             o    1.20e-03 *             o
	----------------------------------------------------------------------------------------------
	     4    -344.14283766   -3.93e-02      6.57e-02      6.57e-02 o    4.08e-01      4.08e-01 o  ~
	----------------------------------------------------------------------------------------------


2025-12-23:10:35:38,305 INFO     [psi4.optking.stepAlgorithms:296] 	Convergence check returned False
2025-12-23:10:35:38,315 INFO     [psi4.driver.task_planner:259] PLANNING Atomic:  keywords={'DAMPING_PERCENTAGE': 1.0, 'GEOM_MAXITER': 500, 'SCF__GUESS': 'READ', 'GUESS': 'SAP', 'MAXITER': 500, 'REFERENCE': 'UKS', 'function_kwargs': {}}
2025-12-23:10:35:38,317 INFO     [psi4.driver.driver:638] Compute gradient(): method=b3lyp, basis=cc-pvdz, molecule=default, nre=7.4294793549253635
2025-12-23:10:35:38,754 INFO     [psi4.driver.driver:641] Return gradient(): -344.16281091447274
2025-12-23:10:35:38,755 INFO     [psi4.driver.driver:642] [[ 0.00000000 -0.00000000 -0.03508255]
 [-0.00000000  0.00000000  0.03509413]]
2025-12-23:10:35:38,756 INFO     [psi4.optking.history:269] 	Performing BFGS update.
2025-12-23:10:35:38,756 INFO     [psi4.optking.history:280] 	Using 4 previous steps for update.
2025-12-23:10:35:38,756 WARNING  [psi4.optking.history:301] 	Change in internal coordinate of 8.37e-01 exceeds limit of 5.00e-01.
2025-12-23:10:35:38,756 WARNING  [psi4.optking.history:306] 	Skipping Hessian update for step 3.
2025-12-23:10:35:38,756 WARNING  [psi4.optking.history:301] 	Change in internal coordinate of 1.27e+00 exceeds limit of 5.00e-01.
2025-12-23:10:35:38,756 WARNING  [psi4.optking.history:306] 	Skipping Hessian update for step 2.
2025-12-23:10:35:38,756 WARNING  [psi4.optking.history:301] 	Change in internal coordinate of 1.77e+00 exceeds limit of 5.00e-01.
2025-12-23:10:35:38,756 WARNING  [psi4.optking.history:306] 	Skipping Hessian update for step 1.
2025-12-23:10:35:38,756 INFO     [psi4.optking.history:317] 	Steps to be used in Hessian update:  4

2025-12-23:10:35:38,757 INFO     [psi4.optking.history:418] 	Updated Hessian (in au) 
 	   0.075040

2025-12-23:10:35:38,757 INFO     [psi4.optking.molsys:944] Projected (PHP) Hessian matrix
	   0.075040

2025-12-23:10:35:38,757 INFO     [psi4.optking.opt_helper:182] 
	         Geometry (au)                                       Gradient (au)
   0.0000000000   0.0000000000   3.5758735745		   0.0000000000  -0.0000000000  -0.0350825545
   0.0000000000   0.0000000000  -0.4620944400		  -0.0000000000   0.0000000000   0.0350941325

2025-12-23:10:35:38,757 INFO     [psi4.optking.stepAlgorithms:368] 	Current Step Report 
 
	Current energy:      -344.1628109145
	Energy change for the previous step:
		Actual       :        -0.0199732580
		Projected    :        -0.0134142411

2025-12-23:10:35:38,757 INFO     [psi4.optking.stepAlgorithms:371] 	Energy ratio =    1.48896
2025-12-23:10:35:38,757 INFO     [psi4.optking.stepAlgorithms:929] 	Using RFO solution 1.
2025-12-23:10:35:38,757 INFO     [psi4.optking.displace:100] 	Determining Cartesian step for fragment 1.
2025-12-23:10:35:38,757 INFO     [psi4.optking.displace:415] 	Successfully converged to displaced geometry.
2025-12-23:10:35:38,757 INFO     [psi4.optking.displace:416] 	RMS(dx):  0.000e+00 	Max(dx):  0.000e+00 	RMS(dq):  0.000e+00
2025-12-23:10:35:38,757 INFO     [psi4.optking.displace:172] 

	        --- Internal Coordinate Step in ANG or DEG, aJ/ANG or AJ/DEG ---
	-------------------------------------------------------------------------------
	           Coordinate      Previous         Force          Change          New 
	           ----------      --------        ------          ------        ------
	               R(1,2)       2.13680        0.28908        0.20889       2.34569
	-------------------------------------------------------------------------------

2025-12-23:10:35:38,757 INFO     [psi4.optking.stepAlgorithms:113] 	|target step| :    0.3947377443
2025-12-23:10:35:38,757 INFO     [psi4.optking.stepAlgorithms:114] 	gradient     :   -0.0350883435
2025-12-23:10:35:38,757 INFO     [psi4.optking.stepAlgorithms:115] 	hessian      :    0.0750395735
2025-12-23:10:35:38,757 INFO     [psi4.optking.stepAlgorithms:113] 	|target step| :    0.3947377443
2025-12-23:10:35:38,757 INFO     [psi4.optking.stepAlgorithms:114] 	gradient     :   -0.0350883435
2025-12-23:10:35:38,757 INFO     [psi4.optking.stepAlgorithms:115] 	hessian      :    0.0750395735
2025-12-23:10:35:38,757 INFO     [psi4.optking.stepAlgorithms:206] 	Norm of achieved step-size    0.3947377443
2025-12-23:10:35:38,757 INFO     [psi4.optking.stepAlgorithms:208] 	Norm of achieved step-size (cart):    0.2791217358
2025-12-23:10:35:38,758 INFO     [psi4.optking.opt_helper:164] Molsys:

	                            ===> Fragment 1 <== 

	 Z (Atomic Numbers)          Masses                          Geom                  
	       2.000000             4.002603          0.00000000  0.00000000  3.77324245   
	      15.000000            30.973762          0.00000000  0.00000000 -0.65946331   

	 - Coordinate -           - BOHR/RAD -       - ANG/DEG -
	 R(1,2)           =         4.432706           2.345687

2025-12-23:10:35:38,758 INFO     [psi4.optking.convcheck:76] Performing convergence check.
2025-12-23:10:35:38,758 INFO     [psi4.optking.convcheck:282] 
	                                 ==> Convergence Check <==                                  
    
	Measures of convergence in internal coordinates in au.
    
	Criteria marked as inactive (o), active & met (*), and active & unmet ( ).

	----------------------------------------------------------------------------------------------
	   Step    Total Energy     Delta E     Max Force     RMS Force      Max Disp      RMS Disp   
	----------------------------------------------------------------------------------------------
	  Convergence Criteria     1.00e-06 *    3.00e-04 *             o    1.20e-03 *             o
	----------------------------------------------------------------------------------------------
	     5    -344.16281091   -2.00e-02      3.51e-02      3.51e-02 o    3.95e-01      3.95e-01 o  ~
	----------------------------------------------------------------------------------------------


2025-12-23:10:35:38,758 INFO     [psi4.optking.stepAlgorithms:296] 	Convergence check returned False
2025-12-23:10:35:38,769 INFO     [psi4.driver.task_planner:259] PLANNING Atomic:  keywords={'DAMPING_PERCENTAGE': 1.0, 'GEOM_MAXITER': 500, 'SCF__GUESS': 'READ', 'GUESS': 'SAP', 'MAXITER': 500, 'REFERENCE': 'UKS', 'function_kwargs': {}}
2025-12-23:10:35:38,770 INFO     [psi4.driver.driver:638] Compute gradient(): method=b3lyp, basis=cc-pvdz, molecule=default, nre=6.767875341143643
2025-12-23:10:35:39,219 INFO     [psi4.driver.driver:641] Return gradient(): -344.1730954528425
2025-12-23:10:35:39,219 INFO     [psi4.driver.driver:642] [[ 0.00000000 -0.00000000 -0.01863390]
 [ 0.00000000  0.00000000  0.01862933]]
2025-12-23:10:35:39,221 INFO     [psi4.optking.history:269] 	Performing BFGS update.
2025-12-23:10:35:39,221 INFO     [psi4.optking.history:280] 	Using 4 previous steps for update.
2025-12-23:10:35:39,221 WARNING  [psi4.optking.history:301] 	Change in internal coordinate of 8.03e-01 exceeds limit of 5.00e-01.
2025-12-23:10:35:39,221 WARNING  [psi4.optking.history:306] 	Skipping Hessian update for step 4.
2025-12-23:10:35:39,221 WARNING  [psi4.optking.history:301] 	Change in internal coordinate of 1.23e+00 exceeds limit of 5.00e-01.
2025-12-23:10:35:39,221 WARNING  [psi4.optking.history:306] 	Skipping Hessian update for step 3.
2025-12-23:10:35:39,221 WARNING  [psi4.optking.history:301] 	Change in internal coordinate of 1.67e+00 exceeds limit of 5.00e-01.
2025-12-23:10:35:39,221 WARNING  [psi4.optking.history:306] 	Skipping Hessian update for step 2.
2025-12-23:10:35:39,221 WARNING  [psi4.optking.history:301] 	Change in internal coordinate of 2.17e+00 exceeds limit of 5.00e-01.
2025-12-23:10:35:39,221 WARNING  [psi4.optking.history:306] 	Skipping Hessian update for step 1.
2025-12-23:10:35:39,221 INFO     [psi4.optking.history:317] 	Steps to be used in Hessian update:  5

2025-12-23:10:35:39,221 INFO     [psi4.optking.history:418] 	Updated Hessian (in au) 
 	   0.041690

2025-12-23:10:35:39,221 INFO     [psi4.optking.molsys:944] Projected (PHP) Hessian matrix
	   0.041690

2025-12-23:10:35:39,221 INFO     [psi4.optking.opt_helper:182] 
	         Geometry (au)                                       Gradient (au)
   0.0000000000   0.0000000000   3.9254385695		   0.0000000000  -0.0000000000  -0.0186339024
   0.0000000000   0.0000000000  -0.5072671893		   0.0000000000   0.0000000000   0.0186293262

2025-12-23:10:35:39,221 INFO     [psi4.optking.stepAlgorithms:368] 	Current Step Report 
 
	Current energy:      -344.1730954528
	Energy change for the previous step:
		Actual       :        -0.0102845384
		Projected    :        -0.0069253468

2025-12-23:10:35:39,221 INFO     [psi4.optking.stepAlgorithms:371] 	Energy ratio =    1.48506
2025-12-23:10:35:39,222 INFO     [psi4.optking.stepAlgorithms:929] 	Using RFO solution 1.
2025-12-23:10:35:39,222 INFO     [psi4.optking.displace:100] 	Determining Cartesian step for fragment 1.
2025-12-23:10:35:39,222 INFO     [psi4.optking.displace:415] 	Successfully converged to displaced geometry.
2025-12-23:10:35:39,222 INFO     [psi4.optking.displace:416] 	RMS(dx):  2.564e-16 	Max(dx):  4.441e-16 	RMS(dq):  8.882e-16
2025-12-23:10:35:39,222 INFO     [psi4.optking.displace:172] 

	        --- Internal Coordinate Step in ANG or DEG, aJ/ANG or AJ/DEG ---
	-------------------------------------------------------------------------------
	           Coordinate      Previous         Force          Change          New 
	           ----------      --------        ------          ------        ------
	               R(1,2)       2.34569        0.15350        0.20202       2.54771
	-------------------------------------------------------------------------------

2025-12-23:10:35:39,222 INFO     [psi4.optking.stepAlgorithms:113] 	|target step| :    0.3817697735
2025-12-23:10:35:39,222 INFO     [psi4.optking.stepAlgorithms:114] 	gradient     :   -0.0186316143
2025-12-23:10:35:39,222 INFO     [psi4.optking.stepAlgorithms:115] 	hessian      :    0.0416902854
2025-12-23:10:35:39,222 INFO     [psi4.optking.stepAlgorithms:113] 	|target step| :    0.3817697735
2025-12-23:10:35:39,222 INFO     [psi4.optking.stepAlgorithms:114] 	gradient     :   -0.0186316143
2025-12-23:10:35:39,222 INFO     [psi4.optking.stepAlgorithms:115] 	hessian      :    0.0416902854
2025-12-23:10:35:39,222 INFO     [psi4.optking.stepAlgorithms:206] 	Norm of achieved step-size    0.3817697735
2025-12-23:10:35:39,222 INFO     [psi4.optking.stepAlgorithms:208] 	Norm of achieved step-size (cart):    0.2699519957
2025-12-23:10:35:39,222 INFO     [psi4.optking.opt_helper:164] Molsys:

	                            ===> Fragment 1 <== 

	 Z (Atomic Numbers)          Masses                          Geom                  
	       2.000000             4.002603          0.00000000  0.00000000  4.11632346   
	      15.000000            30.973762          0.00000000  0.00000000 -0.69815208   

	 - Coordinate -           - BOHR/RAD -       - ANG/DEG -
	 R(1,2)           =         4.814476           2.547711

2025-12-23:10:35:39,222 INFO     [psi4.optking.convcheck:76] Performing convergence check.
2025-12-23:10:35:39,223 INFO     [psi4.optking.convcheck:282] 
	                                 ==> Convergence Check <==                                  
    
	Measures of convergence in internal coordinates in au.
    
	Criteria marked as inactive (o), active & met (*), and active & unmet ( ).

	----------------------------------------------------------------------------------------------
	   Step    Total Energy     Delta E     Max Force     RMS Force      Max Disp      RMS Disp   
	----------------------------------------------------------------------------------------------
	  Convergence Criteria     1.00e-06 *    3.00e-04 *             o    1.20e-03 *             o
	----------------------------------------------------------------------------------------------
	     6    -344.17309545   -1.03e-02      1.86e-02      1.86e-02 o    3.82e-01      3.82e-01 o  ~
	----------------------------------------------------------------------------------------------


2025-12-23:10:35:39,223 INFO     [psi4.optking.stepAlgorithms:296] 	Convergence check returned False
2025-12-23:10:35:39,233 INFO     [psi4.driver.task_planner:259] PLANNING Atomic:  keywords={'DAMPING_PERCENTAGE': 1.0, 'GEOM_MAXITER': 500, 'SCF__GUESS': 'READ', 'GUESS': 'SAP', 'MAXITER': 500, 'REFERENCE': 'UKS', 'function_kwargs': {}}
2025-12-23:10:35:39,235 INFO     [psi4.driver.driver:638] Compute gradient(): method=b3lyp, basis=cc-pvdz, molecule=default, nre=6.231208321266392
2025-12-23:10:35:39,720 INFO     [psi4.driver.driver:641] Return gradient(): -344.17835645519466
2025-12-23:10:35:39,721 INFO     [psi4.driver.driver:642] [[ 0.00000000 -0.00000000 -0.00981483]
 [-0.00000000 -0.00000000  0.00980324]]
2025-12-23:10:35:39,722 INFO     [psi4.optking.history:269] 	Performing BFGS update.
2025-12-23:10:35:39,722 INFO     [psi4.optking.history:280] 	Using 4 previous steps for update.
2025-12-23:10:35:39,722 WARNING  [psi4.optking.history:301] 	Change in internal coordinate of 7.77e-01 exceeds limit of 5.00e-01.
2025-12-23:10:35:39,722 WARNING  [psi4.optking.history:306] 	Skipping Hessian update for step 5.
2025-12-23:10:35:39,722 WARNING  [psi4.optking.history:301] 	Change in internal coordinate of 1.18e+00 exceeds limit of 5.00e-01.
2025-12-23:10:35:39,722 WARNING  [psi4.optking.history:306] 	Skipping Hessian update for step 4.
2025-12-23:10:35:39,722 WARNING  [psi4.optking.history:301] 	Change in internal coordinate of 1.61e+00 exceeds limit of 5.00e-01.
2025-12-23:10:35:39,722 WARNING  [psi4.optking.history:306] 	Skipping Hessian update for step 3.
2025-12-23:10:35:39,722 WARNING  [psi4.optking.history:301] 	Change in internal coordinate of 2.05e+00 exceeds limit of 5.00e-01.
2025-12-23:10:35:39,723 WARNING  [psi4.optking.history:306] 	Skipping Hessian update for step 2.
2025-12-23:10:35:39,723 WARNING  [psi4.optking.history:301] 	Change in internal coordinate of 2.55e+00 exceeds limit of 5.00e-01.
2025-12-23:10:35:39,723 WARNING  [psi4.optking.history:306] 	Skipping Hessian update for step 1.
2025-12-23:10:35:39,723 INFO     [psi4.optking.history:317] 	Steps to be used in Hessian update:  6

2025-12-23:10:35:39,723 INFO     [psi4.optking.history:418] 	Updated Hessian (in au) 
 	   0.023110

2025-12-23:10:35:39,723 INFO     [psi4.optking.molsys:944] Projected (PHP) Hessian matrix
	   0.023110

2025-12-23:10:35:39,723 INFO     [psi4.optking.opt_helper:182] 
	         Geometry (au)                                       Gradient (au)
   0.0000000000   0.0000000000   4.2635196142		   0.0000000000  -0.0000000000  -0.0098148344
   0.0000000000   0.0000000000  -0.5509559182		  -0.0000000000  -0.0000000000   0.0098032352

2025-12-23:10:35:39,723 INFO     [psi4.optking.stepAlgorithms:368] 	Current Step Report 
 
	Current energy:      -344.1783564552
	Energy change for the previous step:
		Actual       :        -0.0052610024
		Projected    :        -0.0035564936

2025-12-23:10:35:39,723 INFO     [psi4.optking.stepAlgorithms:371] 	Energy ratio =    1.47927
2025-12-23:10:35:39,723 INFO     [psi4.optking.stepAlgorithms:929] 	Using RFO solution 1.
2025-12-23:10:35:39,723 INFO     [psi4.optking.displace:100] 	Determining Cartesian step for fragment 1.
2025-12-23:10:35:39,723 INFO     [psi4.optking.displace:415] 	Successfully converged to displaced geometry.
2025-12-23:10:35:39,723 INFO     [psi4.optking.displace:416] 	RMS(dx):  0.000e+00 	Max(dx):  0.000e+00 	RMS(dq):  0.000e+00
2025-12-23:10:35:39,723 INFO     [psi4.optking.displace:172] 

	        --- Internal Coordinate Step in ANG or DEG, aJ/ANG or AJ/DEG ---
	-------------------------------------------------------------------------------
	           Coordinate      Previous         Force          Change          New 
	           ----------      --------        ------          ------        ------
	               R(1,2)       2.54771        0.08081        0.19432       2.74203
	-------------------------------------------------------------------------------

2025-12-23:10:35:39,723 INFO     [psi4.optking.stepAlgorithms:113] 	|target step| :    0.3672181024
2025-12-23:10:35:39,724 INFO     [psi4.optking.stepAlgorithms:114] 	gradient     :   -0.0098090348
2025-12-23:10:35:39,724 INFO     [psi4.optking.stepAlgorithms:115] 	hessian      :    0.0231096858
2025-12-23:10:35:39,724 INFO     [psi4.optking.stepAlgorithms:113] 	|target step| :    0.3672181024
2025-12-23:10:35:39,724 INFO     [psi4.optking.stepAlgorithms:114] 	gradient     :   -0.0098090348
2025-12-23:10:35:39,724 INFO     [psi4.optking.stepAlgorithms:115] 	hessian      :    0.0231096858
2025-12-23:10:35:39,724 INFO     [psi4.optking.stepAlgorithms:206] 	Norm of achieved step-size    0.3672181024
2025-12-23:10:35:39,724 INFO     [psi4.optking.stepAlgorithms:208] 	Norm of achieved step-size (cart):    0.2596624104
2025-12-23:10:35:39,724 INFO     [psi4.optking.opt_helper:164] Molsys:

	                            ===> Fragment 1 <== 

	 Z (Atomic Numbers)          Masses                          Geom                  
	       2.000000             4.002603          0.00000000  0.00000000  4.44712867   
	      15.000000            30.973762          0.00000000  0.00000000 -0.73456497   

	 - Coordinate -           - BOHR/RAD -       - ANG/DEG -
	 R(1,2)           =         5.181694           2.742034

2025-12-23:10:35:39,724 INFO     [psi4.optking.convcheck:76] Performing convergence check.
2025-12-23:10:35:39,724 INFO     [psi4.optking.convcheck:282] 
	                                 ==> Convergence Check <==                                  
    
	Measures of convergence in internal coordinates in au.
    
	Criteria marked as inactive (o), active & met (*), and active & unmet ( ).

	----------------------------------------------------------------------------------------------
	   Step    Total Energy     Delta E     Max Force     RMS Force      Max Disp      RMS Disp   
	----------------------------------------------------------------------------------------------
	  Convergence Criteria     1.00e-06 *    3.00e-04 *             o    1.20e-03 *             o
	----------------------------------------------------------------------------------------------
	     7    -344.17835646   -5.26e-03      9.81e-03      9.81e-03 o    3.67e-01      3.67e-01 o  ~
	----------------------------------------------------------------------------------------------


2025-12-23:10:35:39,724 INFO     [psi4.optking.stepAlgorithms:296] 	Convergence check returned False
2025-12-23:10:35:39,735 INFO     [psi4.driver.task_planner:259] PLANNING Atomic:  keywords={'DAMPING_PERCENTAGE': 1.0, 'GEOM_MAXITER': 500, 'SCF__GUESS': 'READ', 'GUESS': 'SAP', 'MAXITER': 500, 'REFERENCE': 'UKS', 'function_kwargs': {}}
2025-12-23:10:35:39,736 INFO     [psi4.driver.driver:638] Compute gradient(): method=b3lyp, basis=cc-pvdz, molecule=default, nre=5.789612839802627
2025-12-23:10:35:40,185 INFO     [psi4.driver.driver:641] Return gradient(): -344.18100812042394
2025-12-23:10:35:40,185 INFO     [psi4.driver.driver:642] [[ 0.00000000  0.00000000 -0.00511906]
 [-0.00000000  0.00000000  0.00510609]]
2025-12-23:10:35:40,187 INFO     [psi4.optking.history:269] 	Performing BFGS update.
2025-12-23:10:35:40,187 INFO     [psi4.optking.history:280] 	Using 4 previous steps for update.
2025-12-23:10:35:40,187 WARNING  [psi4.optking.history:301] 	Change in internal coordinate of 7.49e-01 exceeds limit of 5.00e-01.
2025-12-23:10:35:40,187 WARNING  [psi4.optking.history:306] 	Skipping Hessian update for step 6.
2025-12-23:10:35:40,187 WARNING  [psi4.optking.history:301] 	Change in internal coordinate of 1.14e+00 exceeds limit of 5.00e-01.
2025-12-23:10:35:40,187 WARNING  [psi4.optking.history:306] 	Skipping Hessian update for step 5.
2025-12-23:10:35:40,187 WARNING  [psi4.optking.history:301] 	Change in internal coordinate of 1.55e+00 exceeds limit of 5.00e-01.
2025-12-23:10:35:40,187 WARNING  [psi4.optking.history:306] 	Skipping Hessian update for step 4.
2025-12-23:10:35:40,187 WARNING  [psi4.optking.history:301] 	Change in internal coordinate of 1.98e+00 exceeds limit of 5.00e-01.
2025-12-23:10:35:40,187 WARNING  [psi4.optking.history:306] 	Skipping Hessian update for step 3.
2025-12-23:10:35:40,187 WARNING  [psi4.optking.history:301] 	Change in internal coordinate of 2.41e+00 exceeds limit of 5.00e-01.
2025-12-23:10:35:40,187 WARNING  [psi4.optking.history:306] 	Skipping Hessian update for step 2.
2025-12-23:10:35:40,187 WARNING  [psi4.optking.history:301] 	Change in internal coordinate of 2.91e+00 exceeds limit of 5.00e-01.
2025-12-23:10:35:40,187 WARNING  [psi4.optking.history:306] 	Skipping Hessian update for step 1.
2025-12-23:10:35:40,187 INFO     [psi4.optking.history:317] 	Steps to be used in Hessian update:  7

2025-12-23:10:35:40,187 INFO     [psi4.optking.history:418] 	Updated Hessian (in au) 
 	   0.012789

2025-12-23:10:35:40,187 INFO     [psi4.optking.molsys:944] Projected (PHP) Hessian matrix
	   0.012789

2025-12-23:10:35:40,187 INFO     [psi4.optking.opt_helper:182] 
	         Geometry (au)                                       Gradient (au)
   0.0000000000   0.0000000000   4.5887142427		   0.0000000000   0.0000000000  -0.0051190564
   0.0000000000   0.0000000000  -0.5929793921		  -0.0000000000   0.0000000000   0.0051060864

2025-12-23:10:35:40,188 INFO     [psi4.optking.stepAlgorithms:368] 	Current Step Report 
 
	Current energy:      -344.1810081204
	Energy change for the previous step:
		Actual       :        -0.0026516652
		Projected    :        -0.0018010276

2025-12-23:10:35:40,188 INFO     [psi4.optking.stepAlgorithms:371] 	Energy ratio =    1.47231
2025-12-23:10:35:40,188 INFO     [psi4.optking.stepAlgorithms:929] 	Using RFO solution 1.
2025-12-23:10:35:40,188 INFO     [psi4.optking.displace:100] 	Determining Cartesian step for fragment 1.
2025-12-23:10:35:40,188 INFO     [psi4.optking.displace:415] 	Successfully converged to displaced geometry.
2025-12-23:10:35:40,188 INFO     [psi4.optking.displace:416] 	RMS(dx):  2.564e-16 	Max(dx):  4.441e-16 	RMS(dq):  0.000e+00
2025-12-23:10:35:40,188 INFO     [psi4.optking.displace:172] 

	        --- Internal Coordinate Step in ANG or DEG, aJ/ANG or AJ/DEG ---
	-------------------------------------------------------------------------------
	           Coordinate      Previous         Force          Change          New 
	           ----------      --------        ------          ------        ------
	               R(1,2)       2.74203        0.04212        0.18554       2.92757
	-------------------------------------------------------------------------------

2025-12-23:10:35:40,188 INFO     [psi4.optking.stepAlgorithms:113] 	|target step| :    0.3506123882
2025-12-23:10:35:40,188 INFO     [psi4.optking.stepAlgorithms:114] 	gradient     :   -0.0051125714
2025-12-23:10:35:40,188 INFO     [psi4.optking.stepAlgorithms:115] 	hessian      :    0.0127893025
2025-12-23:10:35:40,188 INFO     [psi4.optking.stepAlgorithms:113] 	|target step| :    0.3506123882
2025-12-23:10:35:40,188 INFO     [psi4.optking.stepAlgorithms:114] 	gradient     :   -0.0051125714
2025-12-23:10:35:40,188 INFO     [psi4.optking.stepAlgorithms:115] 	hessian      :    0.0127893025
2025-12-23:10:35:40,188 INFO     [psi4.optking.stepAlgorithms:206] 	Norm of achieved step-size    0.3506123882
2025-12-23:10:35:40,188 INFO     [psi4.optking.stepAlgorithms:208] 	Norm of achieved step-size (cart):    0.2479203973
2025-12-23:10:35:40,188 INFO     [psi4.optking.opt_helper:164] Molsys:

	                            ===> Fragment 1 <== 

	 Z (Atomic Numbers)          Masses                          Geom                  
	       2.000000             4.002603          0.00000000  0.00000000  4.76402044   
	      15.000000            30.973762          0.00000000  0.00000000 -0.76828559   

	 - Coordinate -           - BOHR/RAD -       - ANG/DEG -
	 R(1,2)           =         5.532306           2.927570

2025-12-23:10:35:40,189 INFO     [psi4.optking.convcheck:76] Performing convergence check.
2025-12-23:10:35:40,189 INFO     [psi4.optking.convcheck:282] 
	                                 ==> Convergence Check <==                                  
    
	Measures of convergence in internal coordinates in au.
    
	Criteria marked as inactive (o), active & met (*), and active & unmet ( ).

	----------------------------------------------------------------------------------------------
	   Step    Total Energy     Delta E     Max Force     RMS Force      Max Disp      RMS Disp   
	----------------------------------------------------------------------------------------------
	  Convergence Criteria     1.00e-06 *    3.00e-04 *             o    1.20e-03 *             o
	----------------------------------------------------------------------------------------------
	     8    -344.18100812   -2.65e-03      5.11e-03      5.11e-03 o    3.51e-01      3.51e-01 o  ~
	----------------------------------------------------------------------------------------------


2025-12-23:10:35:40,189 INFO     [psi4.optking.stepAlgorithms:296] 	Convergence check returned False
2025-12-23:10:35:40,200 INFO     [psi4.driver.task_planner:259] PLANNING Atomic:  keywords={'DAMPING_PERCENTAGE': 1.0, 'GEOM_MAXITER': 500, 'SCF__GUESS': 'READ', 'GUESS': 'SAP', 'MAXITER': 500, 'REFERENCE': 'UKS', 'function_kwargs': {}}
2025-12-23:10:35:40,201 INFO     [psi4.driver.driver:638] Compute gradient(): method=b3lyp, basis=cc-pvdz, molecule=default, nre=5.422693516048857
2025-12-23:10:35:40,604 INFO     [psi4.driver.driver:641] Return gradient(): -344.18232162811967
2025-12-23:10:35:40,604 INFO     [psi4.driver.driver:642] [[ 0.00000000  0.00000000 -0.00264368]
 [ 0.00000000  0.00000000  0.00263113]]
2025-12-23:10:35:40,606 INFO     [psi4.optking.history:269] 	Performing BFGS update.
2025-12-23:10:35:40,606 INFO     [psi4.optking.history:280] 	Using 4 previous steps for update.
2025-12-23:10:35:40,606 WARNING  [psi4.optking.history:301] 	Change in internal coordinate of 7.18e-01 exceeds limit of 5.00e-01.
2025-12-23:10:35:40,606 WARNING  [psi4.optking.history:306] 	Skipping Hessian update for step 7.
2025-12-23:10:35:40,606 WARNING  [psi4.optking.history:301] 	Change in internal coordinate of 1.10e+00 exceeds limit of 5.00e-01.
2025-12-23:10:35:40,606 WARNING  [psi4.optking.history:306] 	Skipping Hessian update for step 6.
2025-12-23:10:35:40,606 WARNING  [psi4.optking.history:301] 	Change in internal coordinate of 1.49e+00 exceeds limit of 5.00e-01.
2025-12-23:10:35:40,606 WARNING  [psi4.optking.history:306] 	Skipping Hessian update for step 5.
2025-12-23:10:35:40,606 WARNING  [psi4.optking.history:301] 	Change in internal coordinate of 1.90e+00 exceeds limit of 5.00e-01.
2025-12-23:10:35:40,606 WARNING  [psi4.optking.history:306] 	Skipping Hessian update for step 4.
2025-12-23:10:35:40,606 WARNING  [psi4.optking.history:301] 	Change in internal coordinate of 2.33e+00 exceeds limit of 5.00e-01.
2025-12-23:10:35:40,606 WARNING  [psi4.optking.history:306] 	Skipping Hessian update for step 3.
2025-12-23:10:35:40,606 WARNING  [psi4.optking.history:301] 	Change in internal coordinate of 2.76e+00 exceeds limit of 5.00e-01.
2025-12-23:10:35:40,606 WARNING  [psi4.optking.history:306] 	Skipping Hessian update for step 2.
2025-12-23:10:35:40,606 WARNING  [psi4.optking.history:301] 	Change in internal coordinate of 3.26e+00 exceeds limit of 5.00e-01.
2025-12-23:10:35:40,606 WARNING  [psi4.optking.history:306] 	Skipping Hessian update for step 1.
2025-12-23:10:35:40,606 INFO     [psi4.optking.history:317] 	Steps to be used in Hessian update:  8

2025-12-23:10:35:40,607 INFO     [psi4.optking.history:418] 	Updated Hessian (in au) 
 	   0.007060

2025-12-23:10:35:40,607 INFO     [psi4.optking.molsys:944] Projected (PHP) Hessian matrix
	   0.007060

2025-12-23:10:35:40,607 INFO     [psi4.optking.opt_helper:182] 
	         Geometry (au)                                       Gradient (au)
   0.0000000000   0.0000000000   4.8992034713		   0.0000000000   0.0000000000  -0.0026436778
   0.0000000000   0.0000000000  -0.6331025517		   0.0000000000   0.0000000000   0.0026311267

2025-12-23:10:35:40,607 INFO     [psi4.optking.stepAlgorithms:368] 	Current Step Report 
 
	Current energy:      -344.1823216281
	Energy change for the previous step:
		Actual       :        -0.0013135077
		Projected    :        -0.0008962654

2025-12-23:10:35:40,607 INFO     [psi4.optking.stepAlgorithms:371] 	Energy ratio =    1.46553
2025-12-23:10:35:40,607 INFO     [psi4.optking.stepAlgorithms:929] 	Using RFO solution 1.
2025-12-23:10:35:40,607 INFO     [psi4.optking.displace:100] 	Determining Cartesian step for fragment 1.
2025-12-23:10:35:40,607 INFO     [psi4.optking.displace:415] 	Successfully converged to displaced geometry.
2025-12-23:10:35:40,607 INFO     [psi4.optking.displace:416] 	RMS(dx):  0.000e+00 	Max(dx):  0.000e+00 	RMS(dq):  0.000e+00
2025-12-23:10:35:40,607 INFO     [psi4.optking.displace:172] 

	        --- Internal Coordinate Step in ANG or DEG, aJ/ANG or AJ/DEG ---
	-------------------------------------------------------------------------------
	           Coordinate      Previous         Force          Change          New 
	           ----------      --------        ------          ------        ------
	               R(1,2)       2.92757        0.02173        0.17586       3.10343
	-------------------------------------------------------------------------------

2025-12-23:10:35:40,607 INFO     [psi4.optking.stepAlgorithms:113] 	|target step| :    0.3323317614
2025-12-23:10:35:40,607 INFO     [psi4.optking.stepAlgorithms:114] 	gradient     :   -0.0026374023
2025-12-23:10:35:40,607 INFO     [psi4.optking.stepAlgorithms:115] 	hessian      :    0.0070595599
2025-12-23:10:35:40,607 INFO     [psi4.optking.stepAlgorithms:113] 	|target step| :    0.3323317614
2025-12-23:10:35:40,607 INFO     [psi4.optking.stepAlgorithms:114] 	gradient     :   -0.0026374023
2025-12-23:10:35:40,607 INFO     [psi4.optking.stepAlgorithms:115] 	hessian      :    0.0070595599
2025-12-23:10:35:40,607 INFO     [psi4.optking.stepAlgorithms:206] 	Norm of achieved step-size    0.3323317614
2025-12-23:10:35:40,607 INFO     [psi4.optking.stepAlgorithms:208] 	Norm of achieved step-size (cart):    0.2349940421
2025-12-23:10:35:40,608 INFO     [psi4.optking.opt_helper:164] Molsys:

	                            ===> Fragment 1 <== 

	 Z (Atomic Numbers)          Masses                          Geom                  
	       2.000000             4.002603          0.00000000  0.00000000  5.06536935   
	      15.000000            30.973762          0.00000000  0.00000000 -0.79926843   

	 - Coordinate -           - BOHR/RAD -       - ANG/DEG -
	 R(1,2)           =         5.864638           3.103433

2025-12-23:10:35:40,608 INFO     [psi4.optking.convcheck:76] Performing convergence check.
2025-12-23:10:35:40,608 INFO     [psi4.optking.convcheck:282] 
	                                 ==> Convergence Check <==                                  
    
	Measures of convergence in internal coordinates in au.
    
	Criteria marked as inactive (o), active & met (*), and active & unmet ( ).

	----------------------------------------------------------------------------------------------
	   Step    Total Energy     Delta E     Max Force     RMS Force      Max Disp      RMS Disp   
	----------------------------------------------------------------------------------------------
	  Convergence Criteria     1.00e-06 *    3.00e-04 *             o    1.20e-03 *             o
	----------------------------------------------------------------------------------------------
	     9    -344.18232163   -1.31e-03      2.64e-03      2.64e-03 o    3.32e-01      3.32e-01 o  ~
	----------------------------------------------------------------------------------------------


2025-12-23:10:35:40,608 INFO     [psi4.optking.stepAlgorithms:296] 	Convergence check returned False
2025-12-23:10:35:40,618 INFO     [psi4.driver.task_planner:259] PLANNING Atomic:  keywords={'DAMPING_PERCENTAGE': 1.0, 'GEOM_MAXITER': 500, 'SCF__GUESS': 'READ', 'GUESS': 'SAP', 'MAXITER': 500, 'REFERENCE': 'UKS', 'function_kwargs': {}}
2025-12-23:10:35:40,619 INFO     [psi4.driver.driver:638] Compute gradient(): method=b3lyp, basis=cc-pvdz, molecule=default, nre=5.115405435496673
2025-12-23:10:35:41,80 INFO     [psi4.driver.driver:641] Return gradient(): -344.18296148421643
2025-12-23:10:35:41,80 INFO     [psi4.driver.driver:642] [[ 0.00000000 -0.00000000 -0.00134977]
 [-0.00000000  0.00000000  0.00134033]]
2025-12-23:10:35:41,82 INFO     [psi4.optking.history:269] 	Performing BFGS update.
2025-12-23:10:35:41,82 INFO     [psi4.optking.history:280] 	Using 4 previous steps for update.
2025-12-23:10:35:41,82 WARNING  [psi4.optking.history:301] 	Change in internal coordinate of 6.83e-01 exceeds limit of 5.00e-01.
2025-12-23:10:35:41,82 WARNING  [psi4.optking.history:306] 	Skipping Hessian update for step 8.
2025-12-23:10:35:41,82 WARNING  [psi4.optking.history:301] 	Change in internal coordinate of 1.05e+00 exceeds limit of 5.00e-01.
2025-12-23:10:35:41,82 WARNING  [psi4.optking.history:306] 	Skipping Hessian update for step 7.
2025-12-23:10:35:41,82 WARNING  [psi4.optking.history:301] 	Change in internal coordinate of 1.43e+00 exceeds limit of 5.00e-01.
2025-12-23:10:35:41,82 WARNING  [psi4.optking.history:306] 	Skipping Hessian update for step 6.
2025-12-23:10:35:41,82 WARNING  [psi4.optking.history:301] 	Change in internal coordinate of 1.83e+00 exceeds limit of 5.00e-01.
2025-12-23:10:35:41,82 WARNING  [psi4.optking.history:306] 	Skipping Hessian update for step 5.
2025-12-23:10:35:41,82 WARNING  [psi4.optking.history:301] 	Change in internal coordinate of 2.23e+00 exceeds limit of 5.00e-01.
2025-12-23:10:35:41,82 WARNING  [psi4.optking.history:306] 	Skipping Hessian update for step 4.
2025-12-23:10:35:41,82 WARNING  [psi4.optking.history:301] 	Change in internal coordinate of 2.66e+00 exceeds limit of 5.00e-01.
2025-12-23:10:35:41,83 WARNING  [psi4.optking.history:306] 	Skipping Hessian update for step 3.
2025-12-23:10:35:41,83 WARNING  [psi4.optking.history:301] 	Change in internal coordinate of 3.10e+00 exceeds limit of 5.00e-01.
2025-12-23:10:35:41,83 WARNING  [psi4.optking.history:306] 	Skipping Hessian update for step 2.
2025-12-23:10:35:41,83 WARNING  [psi4.optking.history:301] 	Change in internal coordinate of 3.60e+00 exceeds limit of 5.00e-01.
2025-12-23:10:35:41,83 WARNING  [psi4.optking.history:306] 	Skipping Hessian update for step 1.
2025-12-23:10:35:41,83 INFO     [psi4.optking.history:317] 	Steps to be used in Hessian update:  9

2025-12-23:10:35:41,83 INFO     [psi4.optking.history:418] 	Updated Hessian (in au) 
 	   0.003889

2025-12-23:10:35:41,83 INFO     [psi4.optking.molsys:944] Projected (PHP) Hessian matrix
	   0.003889

2025-12-23:10:35:41,83 INFO     [psi4.optking.opt_helper:182] 
	         Geometry (au)                                       Gradient (au)
   0.0000000000   0.0000000000   5.1935040600		   0.0000000000  -0.0000000000  -0.0013497733
   0.0000000000   0.0000000000  -0.6711337245		  -0.0000000000   0.0000000000   0.0013403315

2025-12-23:10:35:41,83 INFO     [psi4.optking.stepAlgorithms:368] 	Current Step Report 
 
	Current energy:      -344.1829614842
	Energy change for the previous step:
		Actual       :        -0.0006398561
		Projected    :        -0.0004382463

2025-12-23:10:35:41,83 INFO     [psi4.optking.stepAlgorithms:371] 	Energy ratio =    1.46004
2025-12-23:10:35:41,83 INFO     [psi4.optking.stepAlgorithms:929] 	Using RFO solution 1.
2025-12-23:10:35:41,83 INFO     [psi4.optking.displace:100] 	Determining Cartesian step for fragment 1.
2025-12-23:10:35:41,83 INFO     [psi4.optking.displace:415] 	Successfully converged to displaced geometry.
2025-12-23:10:35:41,83 INFO     [psi4.optking.displace:416] 	RMS(dx):  2.564e-16 	Max(dx):  4.441e-16 	RMS(dq):  0.000e+00
2025-12-23:10:35:41,83 INFO     [psi4.optking.displace:172] 

	        --- Internal Coordinate Step in ANG or DEG, aJ/ANG or AJ/DEG ---
	-------------------------------------------------------------------------------
	           Coordinate      Previous         Force          Change          New 
	           ----------      --------        ------          ------        ------
	               R(1,2)       3.10343        0.01108        0.16520       3.26863
	-------------------------------------------------------------------------------

2025-12-23:10:35:41,83 INFO     [psi4.optking.stepAlgorithms:113] 	|target step| :    0.3121765132
2025-12-23:10:35:41,84 INFO     [psi4.optking.stepAlgorithms:114] 	gradient     :   -0.0013450524
2025-12-23:10:35:41,84 INFO     [psi4.optking.stepAlgorithms:115] 	hessian      :    0.0038887341
2025-12-23:10:35:41,84 INFO     [psi4.optking.stepAlgorithms:113] 	|target step| :    0.3121765132
2025-12-23:10:35:41,84 INFO     [psi4.optking.stepAlgorithms:114] 	gradient     :   -0.0013450524
2025-12-23:10:35:41,84 INFO     [psi4.optking.stepAlgorithms:115] 	hessian      :    0.0038887341
2025-12-23:10:35:41,84 INFO     [psi4.optking.stepAlgorithms:206] 	Norm of achieved step-size    0.3121765132
2025-12-23:10:35:41,84 INFO     [psi4.optking.stepAlgorithms:208] 	Norm of achieved step-size (cart):    0.2207421294
2025-12-23:10:35:41,84 INFO     [psi4.optking.opt_helper:164] Molsys:

	                            ===> Fragment 1 <== 

	 Z (Atomic Numbers)          Masses                          Geom                  
	       2.000000             4.002603          0.00000000  0.00000000  5.34959232   
	      15.000000            30.973762          0.00000000  0.00000000 -0.82722198   

	 - Coordinate -           - BOHR/RAD -       - ANG/DEG -
	 R(1,2)           =         6.176814           3.268629

2025-12-23:10:35:41,84 INFO     [psi4.optking.convcheck:76] Performing convergence check.
2025-12-23:10:35:41,84 INFO     [psi4.optking.convcheck:282] 
	                                 ==> Convergence Check <==                                  
    
	Measures of convergence in internal coordinates in au.
    
	Criteria marked as inactive (o), active & met (*), and active & unmet ( ).

	----------------------------------------------------------------------------------------------
	   Step    Total Energy     Delta E     Max Force     RMS Force      Max Disp      RMS Disp   
	----------------------------------------------------------------------------------------------
	  Convergence Criteria     1.00e-06 *    3.00e-04 *             o    1.20e-03 *             o
	----------------------------------------------------------------------------------------------
	    10    -344.18296148   -6.40e-04      1.35e-03      1.35e-03 o    3.12e-01      3.12e-01 o  ~
	----------------------------------------------------------------------------------------------


2025-12-23:10:35:41,84 INFO     [psi4.optking.stepAlgorithms:296] 	Convergence check returned False
2025-12-23:10:35:41,95 INFO     [psi4.driver.task_planner:259] PLANNING Atomic:  keywords={'DAMPING_PERCENTAGE': 1.0, 'GEOM_MAXITER': 500, 'SCF__GUESS': 'READ', 'GUESS': 'SAP', 'MAXITER': 500, 'REFERENCE': 'UKS', 'function_kwargs': {}}
2025-12-23:10:35:41,96 INFO     [psi4.driver.driver:638] Compute gradient(): method=b3lyp, basis=cc-pvdz, molecule=default, nre=4.856872580950242
2025-12-23:10:35:41,543 INFO     [psi4.driver.driver:641] Return gradient(): -344.18326750770336
2025-12-23:10:35:41,543 INFO     [psi4.driver.driver:642] [[ 0.00000000 -0.00000000 -0.00067780]
 [ 0.00000000  0.00000000  0.00067504]]
2025-12-23:10:35:41,545 INFO     [psi4.optking.history:269] 	Performing BFGS update.
2025-12-23:10:35:41,545 INFO     [psi4.optking.history:280] 	Using 4 previous steps for update.
2025-12-23:10:35:41,545 WARNING  [psi4.optking.history:301] 	Change in internal coordinate of 6.45e-01 exceeds limit of 5.00e-01.
2025-12-23:10:35:41,545 WARNING  [psi4.optking.history:306] 	Skipping Hessian update for step 9.
2025-12-23:10:35:41,545 WARNING  [psi4.optking.history:301] 	Change in internal coordinate of 9.95e-01 exceeds limit of 5.00e-01.
2025-12-23:10:35:41,545 WARNING  [psi4.optking.history:306] 	Skipping Hessian update for step 8.
2025-12-23:10:35:41,545 WARNING  [psi4.optking.history:301] 	Change in internal coordinate of 1.36e+00 exceeds limit of 5.00e-01.
2025-12-23:10:35:41,545 WARNING  [psi4.optking.history:306] 	Skipping Hessian update for step 7.
2025-12-23:10:35:41,545 WARNING  [psi4.optking.history:301] 	Change in internal coordinate of 1.74e+00 exceeds limit of 5.00e-01.
2025-12-23:10:35:41,545 WARNING  [psi4.optking.history:306] 	Skipping Hessian update for step 6.
2025-12-23:10:35:41,545 WARNING  [psi4.optking.history:301] 	Change in internal coordinate of 2.14e+00 exceeds limit of 5.00e-01.
2025-12-23:10:35:41,545 WARNING  [psi4.optking.history:306] 	Skipping Hessian update for step 5.
2025-12-23:10:35:41,545 WARNING  [psi4.optking.history:301] 	Change in internal coordinate of 2.55e+00 exceeds limit of 5.00e-01.
2025-12-23:10:35:41,545 WARNING  [psi4.optking.history:306] 	Skipping Hessian update for step 4.
2025-12-23:10:35:41,545 WARNING  [psi4.optking.history:301] 	Change in internal coordinate of 2.98e+00 exceeds limit of 5.00e-01.
2025-12-23:10:35:41,545 WARNING  [psi4.optking.history:306] 	Skipping Hessian update for step 3.
2025-12-23:10:35:41,546 WARNING  [psi4.optking.history:301] 	Change in internal coordinate of 3.41e+00 exceeds limit of 5.00e-01.
2025-12-23:10:35:41,546 WARNING  [psi4.optking.history:306] 	Skipping Hessian update for step 2.
2025-12-23:10:35:41,546 WARNING  [psi4.optking.history:301] 	Change in internal coordinate of 3.91e+00 exceeds limit of 5.00e-01.
2025-12-23:10:35:41,546 WARNING  [psi4.optking.history:306] 	Skipping Hessian update for step 1.
2025-12-23:10:35:41,546 INFO     [psi4.optking.history:317] 	Steps to be used in Hessian update:  10

2025-12-23:10:35:41,546 INFO     [psi4.optking.history:418] 	Updated Hessian (in au) 
 	   0.002142

2025-12-23:10:35:41,546 INFO     [psi4.optking.molsys:944] Projected (PHP) Hessian matrix
	   0.002142

2025-12-23:10:35:41,546 INFO     [psi4.optking.opt_helper:182] 
	         Geometry (au)                                       Gradient (au)
   0.0000000000   0.0000000000   5.4699559140		   0.0000000000  -0.0000000000  -0.0006778039
   0.0000000000   0.0000000000  -0.7068583836		   0.0000000000   0.0000000000   0.0006750364

2025-12-23:10:35:41,546 INFO     [psi4.optking.stepAlgorithms:368] 	Current Step Report 
 
	Current energy:      -344.1832675077
	Energy change for the previous step:
		Actual       :        -0.0003060235
		Projected    :        -0.0002099469

2025-12-23:10:35:41,546 INFO     [psi4.optking.stepAlgorithms:371] 	Energy ratio =    1.45762
2025-12-23:10:35:41,546 INFO     [psi4.optking.stepAlgorithms:929] 	Using RFO solution 1.
2025-12-23:10:35:41,546 INFO     [psi4.optking.displace:100] 	Determining Cartesian step for fragment 1.
2025-12-23:10:35:41,546 INFO     [psi4.optking.displace:415] 	Successfully converged to displaced geometry.
2025-12-23:10:35:41,546 INFO     [psi4.optking.displace:416] 	RMS(dx):  2.564e-16 	Max(dx):  4.441e-16 	RMS(dq):  8.882e-16
2025-12-23:10:35:41,546 INFO     [psi4.optking.displace:172] 

	        --- Internal Coordinate Step in ANG or DEG, aJ/ANG or AJ/DEG ---
	-------------------------------------------------------------------------------
	           Coordinate      Previous         Force          Change          New 
	           ----------      --------        ------          ------        ------
	               R(1,2)       3.26863        0.00557        0.15313       3.42176
	-------------------------------------------------------------------------------

2025-12-23:10:35:41,547 INFO     [psi4.optking.stepAlgorithms:113] 	|target step| :    0.2893683202
2025-12-23:10:35:41,547 INFO     [psi4.optking.stepAlgorithms:114] 	gradient     :   -0.0006764201
2025-12-23:10:35:41,547 INFO     [psi4.optking.stepAlgorithms:115] 	hessian      :    0.0021418404
2025-12-23:10:35:41,547 INFO     [psi4.optking.stepAlgorithms:113] 	|target step| :    0.2893683202
2025-12-23:10:35:41,547 INFO     [psi4.optking.stepAlgorithms:114] 	gradient     :   -0.0006764201
2025-12-23:10:35:41,547 INFO     [psi4.optking.stepAlgorithms:115] 	hessian      :    0.0021418404
2025-12-23:10:35:41,547 INFO     [psi4.optking.stepAlgorithms:206] 	Norm of achieved step-size    0.2893683202
2025-12-23:10:35:41,547 INFO     [psi4.optking.stepAlgorithms:208] 	Norm of achieved step-size (cart):    0.2046143014
2025-12-23:10:35:41,547 INFO     [psi4.optking.opt_helper:164] Molsys:

	                            ===> Fragment 1 <== 

	 Z (Atomic Numbers)          Masses                          Geom                  
	       2.000000             4.002603          0.00000000  0.00000000  5.61464007   
	      15.000000            30.973762          0.00000000  0.00000000 -0.85154254   

	 - Coordinate -           - BOHR/RAD -       - ANG/DEG -
	 R(1,2)           =         6.466183           3.421756

2025-12-23:10:35:41,547 INFO     [psi4.optking.convcheck:76] Performing convergence check.
2025-12-23:10:35:41,547 INFO     [psi4.optking.convcheck:282] 
	                                 ==> Convergence Check <==                                  
    
	Measures of convergence in internal coordinates in au.
    
	Criteria marked as inactive (o), active & met (*), and active & unmet ( ).

	----------------------------------------------------------------------------------------------
	   Step    Total Energy     Delta E     Max Force     RMS Force      Max Disp      RMS Disp   
	----------------------------------------------------------------------------------------------
	  Convergence Criteria     1.00e-06 *    3.00e-04 *             o    1.20e-03 *             o
	----------------------------------------------------------------------------------------------
	    11    -344.18326751   -3.06e-04      6.76e-04      6.76e-04 o    2.89e-01      2.89e-01 o  ~
	----------------------------------------------------------------------------------------------


2025-12-23:10:35:41,547 INFO     [psi4.optking.stepAlgorithms:296] 	Convergence check returned False
2025-12-23:10:35:41,557 INFO     [psi4.driver.task_planner:259] PLANNING Atomic:  keywords={'DAMPING_PERCENTAGE': 1.0, 'GEOM_MAXITER': 500, 'SCF__GUESS': 'READ', 'GUESS': 'SAP', 'MAXITER': 500, 'REFERENCE': 'UKS', 'function_kwargs': {}}
2025-12-23:10:35:41,558 INFO     [psi4.driver.driver:638] Compute gradient(): method=b3lyp, basis=cc-pvdz, molecule=default, nre=4.63952253951149
2025-12-23:10:35:42,4 INFO     [psi4.driver.driver:641] Return gradient(): -344.1834103887327
2025-12-23:10:35:42,5 INFO     [psi4.driver.driver:642] [[ 0.00000000 -0.00000000 -0.00033506]
 [-0.00000000 -0.00000000  0.00033460]]
2025-12-23:10:35:42,6 INFO     [psi4.optking.history:269] 	Performing BFGS update.
2025-12-23:10:35:42,6 INFO     [psi4.optking.history:280] 	Using 4 previous steps for update.
2025-12-23:10:35:42,6 WARNING  [psi4.optking.history:301] 	Change in internal coordinate of 6.02e-01 exceeds limit of 5.00e-01.
2025-12-23:10:35:42,6 WARNING  [psi4.optking.history:306] 	Skipping Hessian update for step 10.
2025-12-23:10:35:42,6 WARNING  [psi4.optking.history:301] 	Change in internal coordinate of 9.34e-01 exceeds limit of 5.00e-01.
2025-12-23:10:35:42,7 WARNING  [psi4.optking.history:306] 	Skipping Hessian update for step 9.
2025-12-23:10:35:42,7 WARNING  [psi4.optking.history:301] 	Change in internal coordinate of 1.28e+00 exceeds limit of 5.00e-01.
2025-12-23:10:35:42,7 WARNING  [psi4.optking.history:306] 	Skipping Hessian update for step 8.
2025-12-23:10:35:42,7 WARNING  [psi4.optking.history:301] 	Change in internal coordinate of 1.65e+00 exceeds limit of 5.00e-01.
2025-12-23:10:35:42,7 WARNING  [psi4.optking.history:306] 	Skipping Hessian update for step 7.
2025-12-23:10:35:42,7 WARNING  [psi4.optking.history:301] 	Change in internal coordinate of 2.03e+00 exceeds limit of 5.00e-01.
2025-12-23:10:35:42,7 WARNING  [psi4.optking.history:306] 	Skipping Hessian update for step 6.
2025-12-23:10:35:42,7 WARNING  [psi4.optking.history:301] 	Change in internal coordinate of 2.43e+00 exceeds limit of 5.00e-01.
2025-12-23:10:35:42,7 WARNING  [psi4.optking.history:306] 	Skipping Hessian update for step 5.
2025-12-23:10:35:42,7 WARNING  [psi4.optking.history:301] 	Change in internal coordinate of 2.84e+00 exceeds limit of 5.00e-01.
2025-12-23:10:35:42,7 WARNING  [psi4.optking.history:306] 	Skipping Hessian update for step 4.
2025-12-23:10:35:42,7 WARNING  [psi4.optking.history:301] 	Change in internal coordinate of 3.26e+00 exceeds limit of 5.00e-01.
2025-12-23:10:35:42,7 WARNING  [psi4.optking.history:306] 	Skipping Hessian update for step 3.
2025-12-23:10:35:42,7 WARNING  [psi4.optking.history:301] 	Change in internal coordinate of 3.70e+00 exceeds limit of 5.00e-01.
2025-12-23:10:35:42,7 WARNING  [psi4.optking.history:306] 	Skipping Hessian update for step 2.
2025-12-23:10:35:42,7 WARNING  [psi4.optking.history:301] 	Change in internal coordinate of 4.20e+00 exceeds limit of 5.00e-01.
2025-12-23:10:35:42,7 WARNING  [psi4.optking.history:306] 	Skipping Hessian update for step 1.
2025-12-23:10:35:42,7 INFO     [psi4.optking.history:317] 	Steps to be used in Hessian update:  11

2025-12-23:10:35:42,7 INFO     [psi4.optking.history:418] 	Updated Hessian (in au) 
 	   0.001180

2025-12-23:10:35:42,7 INFO     [psi4.optking.molsys:944] Projected (PHP) Hessian matrix
	   0.001180

2025-12-23:10:35:42,7 INFO     [psi4.optking.opt_helper:182] 
	         Geometry (au)                                       Gradient (au)
   0.0000000000   0.0000000000   5.7262096846		   0.0000000000  -0.0000000000  -0.0003350550
   0.0000000000   0.0000000000  -0.7399729332		  -0.0000000000  -0.0000000000   0.0003345979

2025-12-23:10:35:42,7 INFO     [psi4.optking.stepAlgorithms:368] 	Current Step Report 
 
	Current energy:      -344.1834103887
	Energy change for the previous step:
		Actual       :        -0.0001428810
		Projected    :        -0.0000978673

2025-12-23:10:35:42,7 INFO     [psi4.optking.stepAlgorithms:371] 	Energy ratio =    1.45995
2025-12-23:10:35:42,7 INFO     [psi4.optking.stepAlgorithms:929] 	Using RFO solution 1.
2025-12-23:10:35:42,7 INFO     [psi4.optking.displace:100] 	Determining Cartesian step for fragment 1.
2025-12-23:10:35:42,8 INFO     [psi4.optking.displace:415] 	Successfully converged to displaced geometry.
2025-12-23:10:35:42,8 INFO     [psi4.optking.displace:416] 	RMS(dx):  0.000e+00 	Max(dx):  0.000e+00 	RMS(dq):  0.000e+00
2025-12-23:10:35:42,8 INFO     [psi4.optking.displace:172] 

	        --- Internal Coordinate Step in ANG or DEG, aJ/ANG or AJ/DEG ---
	-------------------------------------------------------------------------------
	           Coordinate      Previous         Force          Change          New 
	           ----------      --------        ------          ------        ------
	               R(1,2)       3.42176        0.00276        0.13964       3.56140
	-------------------------------------------------------------------------------

2025-12-23:10:35:42,8 INFO     [psi4.optking.stepAlgorithms:113] 	|target step| :    0.2638847326
2025-12-23:10:35:42,8 INFO     [psi4.optking.stepAlgorithms:114] 	gradient     :   -0.0003348265
2025-12-23:10:35:42,8 INFO     [psi4.optking.stepAlgorithms:115] 	hessian      :    0.0011804805
2025-12-23:10:35:42,8 INFO     [psi4.optking.stepAlgorithms:113] 	|target step| :    0.2638847326
2025-12-23:10:35:42,8 INFO     [psi4.optking.stepAlgorithms:114] 	gradient     :   -0.0003348265
2025-12-23:10:35:42,8 INFO     [psi4.optking.stepAlgorithms:115] 	hessian      :    0.0011804805
2025-12-23:10:35:42,8 INFO     [psi4.optking.stepAlgorithms:206] 	Norm of achieved step-size    0.2638847326
2025-12-23:10:35:42,8 INFO     [psi4.optking.stepAlgorithms:208] 	Norm of achieved step-size (cart):    0.1865946839
2025-12-23:10:35:42,8 INFO     [psi4.optking.opt_helper:164] Molsys:

	                            ===> Fragment 1 <== 

	 Z (Atomic Numbers)          Masses                          Geom                  
	       2.000000             4.002603          0.00000000  0.00000000  5.85815205   
	      15.000000            30.973762          0.00000000  0.00000000 -0.87191530   

	 - Coordinate -           - BOHR/RAD -       - ANG/DEG -
	 R(1,2)           =         6.730067           3.561398

2025-12-23:10:35:42,8 INFO     [psi4.optking.convcheck:76] Performing convergence check.
2025-12-23:10:35:42,8 INFO     [psi4.optking.convcheck:282] 
	                                 ==> Convergence Check <==                                  
    
	Measures of convergence in internal coordinates in au.
    
	Criteria marked as inactive (o), active & met (*), and active & unmet ( ).

	----------------------------------------------------------------------------------------------
	   Step    Total Energy     Delta E     Max Force     RMS Force      Max Disp      RMS Disp   
	----------------------------------------------------------------------------------------------
	  Convergence Criteria     1.00e-06 *    3.00e-04 *             o    1.20e-03 *             o
	----------------------------------------------------------------------------------------------
	    12    -344.18341039   -1.43e-04      3.35e-04      3.35e-04 o    2.64e-01      2.64e-01 o  ~
	----------------------------------------------------------------------------------------------


2025-12-23:10:35:42,8 INFO     [psi4.optking.stepAlgorithms:296] 	Convergence check returned False
2025-12-23:10:35:42,19 INFO     [psi4.driver.task_planner:259] PLANNING Atomic:  keywords={'DAMPING_PERCENTAGE': 1.0, 'GEOM_MAXITER': 500, 'SCF__GUESS': 'READ', 'GUESS': 'SAP', 'MAXITER': 500, 'REFERENCE': 'UKS', 'function_kwargs': {}}
2025-12-23:10:35:42,20 INFO     [psi4.driver.driver:638] Compute gradient(): method=b3lyp, basis=cc-pvdz, molecule=default, nre=4.457607693655976
2025-12-23:10:35:42,438 INFO     [psi4.driver.driver:641] Return gradient(): -344.1834747578146
2025-12-23:10:35:42,438 INFO     [psi4.driver.driver:642] [[ 0.00000000  0.00000000 -0.00016018]
 [-0.00000000  0.00000000  0.00016295]]
2025-12-23:10:35:42,440 INFO     [psi4.optking.history:269] 	Performing BFGS update.
2025-12-23:10:35:42,440 INFO     [psi4.optking.history:280] 	Using 4 previous steps for update.
2025-12-23:10:35:42,440 WARNING  [psi4.optking.history:301] 	Change in internal coordinate of 5.53e-01 exceeds limit of 5.00e-01.
2025-12-23:10:35:42,440 WARNING  [psi4.optking.history:306] 	Skipping Hessian update for step 11.
2025-12-23:10:35:42,440 WARNING  [psi4.optking.history:301] 	Change in internal coordinate of 8.65e-01 exceeds limit of 5.00e-01.
2025-12-23:10:35:42,440 WARNING  [psi4.optking.history:306] 	Skipping Hessian update for step 10.
2025-12-23:10:35:42,440 WARNING  [psi4.optking.history:301] 	Change in internal coordinate of 1.20e+00 exceeds limit of 5.00e-01.
2025-12-23:10:35:42,440 WARNING  [psi4.optking.history:306] 	Skipping Hessian update for step 9.
2025-12-23:10:35:42,440 WARNING  [psi4.optking.history:301] 	Change in internal coordinate of 1.55e+00 exceeds limit of 5.00e-01.
2025-12-23:10:35:42,440 WARNING  [psi4.optking.history:306] 	Skipping Hessian update for step 8.
2025-12-23:10:35:42,440 WARNING  [psi4.optking.history:301] 	Change in internal coordinate of 1.92e+00 exceeds limit of 5.00e-01.
2025-12-23:10:35:42,440 WARNING  [psi4.optking.history:306] 	Skipping Hessian update for step 7.
2025-12-23:10:35:42,440 WARNING  [psi4.optking.history:301] 	Change in internal coordinate of 2.30e+00 exceeds limit of 5.00e-01.
2025-12-23:10:35:42,440 WARNING  [psi4.optking.history:306] 	Skipping Hessian update for step 6.
2025-12-23:10:35:42,440 WARNING  [psi4.optking.history:301] 	Change in internal coordinate of 2.69e+00 exceeds limit of 5.00e-01.
2025-12-23:10:35:42,440 WARNING  [psi4.optking.history:306] 	Skipping Hessian update for step 5.
2025-12-23:10:35:42,440 WARNING  [psi4.optking.history:301] 	Change in internal coordinate of 3.10e+00 exceeds limit of 5.00e-01.
2025-12-23:10:35:42,441 WARNING  [psi4.optking.history:306] 	Skipping Hessian update for step 4.
2025-12-23:10:35:42,441 WARNING  [psi4.optking.history:301] 	Change in internal coordinate of 3.53e+00 exceeds limit of 5.00e-01.
2025-12-23:10:35:42,441 WARNING  [psi4.optking.history:306] 	Skipping Hessian update for step 3.
2025-12-23:10:35:42,441 WARNING  [psi4.optking.history:301] 	Change in internal coordinate of 3.96e+00 exceeds limit of 5.00e-01.
2025-12-23:10:35:42,441 WARNING  [psi4.optking.history:306] 	Skipping Hessian update for step 2.
2025-12-23:10:35:42,441 WARNING  [psi4.optking.history:301] 	Change in internal coordinate of 4.46e+00 exceeds limit of 5.00e-01.
2025-12-23:10:35:42,441 WARNING  [psi4.optking.history:306] 	Skipping Hessian update for step 1.
2025-12-23:10:35:42,441 INFO     [psi4.optking.history:317] 	Steps to be used in Hessian update:  12

2025-12-23:10:35:42,441 INFO     [psi4.optking.history:418] 	Updated Hessian (in au) 
 	   0.000657

2025-12-23:10:35:42,441 INFO     [psi4.optking.molsys:944] Projected (PHP) Hessian matrix
	   0.000657

2025-12-23:10:35:42,441 INFO     [psi4.optking.opt_helper:182] 
	         Geometry (au)                                       Gradient (au)
   0.0000000000   0.0000000000   5.9598961424		   0.0000000000   0.0000000000  -0.0001601801
   0.0000000000   0.0000000000  -0.7701712080		  -0.0000000000   0.0000000000   0.0001629471

2025-12-23:10:35:42,441 INFO     [psi4.optking.stepAlgorithms:368] 	Current Step Report 
 
	Current energy:      -344.1834747578
	Energy change for the previous step:
		Actual       :        -0.0000643691
		Projected    :        -0.0000441778

2025-12-23:10:35:42,441 INFO     [psi4.optking.stepAlgorithms:371] 	Energy ratio =    1.45705
2025-12-23:10:35:42,441 INFO     [psi4.optking.stepAlgorithms:929] 	Using RFO solution 1.
2025-12-23:10:35:42,441 INFO     [psi4.optking.displace:100] 	Determining Cartesian step for fragment 1.
2025-12-23:10:35:42,442 INFO     [psi4.optking.displace:415] 	Successfully converged to displaced geometry.
2025-12-23:10:35:42,442 INFO     [psi4.optking.displace:416] 	RMS(dx):  2.564e-16 	Max(dx):  4.441e-16 	RMS(dq):  0.000e+00
2025-12-23:10:35:42,442 INFO     [psi4.optking.displace:172] 

	        --- Internal Coordinate Step in ANG or DEG, aJ/ANG or AJ/DEG ---
	-------------------------------------------------------------------------------
	           Coordinate      Previous         Force          Change          New 
	           ----------      --------        ------          ------        ------
	               R(1,2)       3.56140        0.00133        0.12316       3.68456
	-------------------------------------------------------------------------------

2025-12-23:10:35:42,442 INFO     [psi4.optking.stepAlgorithms:113] 	|target step| :    0.2327377156
2025-12-23:10:35:42,442 INFO     [psi4.optking.stepAlgorithms:114] 	gradient     :   -0.0001615636
2025-12-23:10:35:42,442 INFO     [psi4.optking.stepAlgorithms:115] 	hessian      :    0.0006565855
2025-12-23:10:35:42,442 INFO     [psi4.optking.stepAlgorithms:113] 	|target step| :    0.2327377156
2025-12-23:10:35:42,442 INFO     [psi4.optking.stepAlgorithms:114] 	gradient     :   -0.0001615636
2025-12-23:10:35:42,442 INFO     [psi4.optking.stepAlgorithms:115] 	hessian      :    0.0006565855
2025-12-23:10:35:42,442 INFO     [psi4.optking.stepAlgorithms:206] 	Norm of achieved step-size    0.2327377156
2025-12-23:10:35:42,442 INFO     [psi4.optking.stepAlgorithms:208] 	Norm of achieved step-size (cart):    0.1645704169
2025-12-23:10:35:42,442 INFO     [psi4.optking.opt_helper:164] Molsys:

	                            ===> Fragment 1 <== 

	 Z (Atomic Numbers)          Masses                          Geom                  
	       2.000000             4.002603          0.00000000  0.00000000  6.07626500   
	      15.000000            30.973762          0.00000000  0.00000000 -0.88654007   

	 - Coordinate -           - BOHR/RAD -       - ANG/DEG -
	 R(1,2)           =         6.962805           3.684558

2025-12-23:10:35:42,442 INFO     [psi4.optking.convcheck:76] Performing convergence check.
2025-12-23:10:35:42,442 INFO     [psi4.optking.convcheck:282] 
	                                 ==> Convergence Check <==                                  
    
	Measures of convergence in internal coordinates in au.
    
	Criteria marked as inactive (o), active & met (*), and active & unmet ( ).

	----------------------------------------------------------------------------------------------
	   Step    Total Energy     Delta E     Max Force     RMS Force      Max Disp      RMS Disp   
	----------------------------------------------------------------------------------------------
	  Convergence Criteria     1.00e-06 *    3.00e-04 *             o    1.20e-03 *             o
	----------------------------------------------------------------------------------------------
	    13    -344.18347476   -6.44e-05      1.62e-04 *    1.62e-04 o    2.33e-01      2.33e-01 o  ~
	----------------------------------------------------------------------------------------------


2025-12-23:10:35:42,442 INFO     [psi4.optking.stepAlgorithms:296] 	Convergence check returned False
2025-12-23:10:35:42,453 INFO     [psi4.driver.task_planner:259] PLANNING Atomic:  keywords={'DAMPING_PERCENTAGE': 1.0, 'GEOM_MAXITER': 500, 'SCF__GUESS': 'READ', 'GUESS': 'SAP', 'MAXITER': 500, 'REFERENCE': 'UKS', 'function_kwargs': {}}
2025-12-23:10:35:42,454 INFO     [psi4.driver.driver:638] Compute gradient(): method=b3lyp, basis=cc-pvdz, molecule=default, nre=4.308608343305895
2025-12-23:10:35:42,854 INFO     [psi4.driver.driver:641] Return gradient(): -344.183502724693
2025-12-23:10:35:42,854 INFO     [psi4.driver.driver:642] [[ 0.00000000  0.00000000 -0.00007313]
 [-0.00000000  0.00000000  0.00008037]]
2025-12-23:10:35:42,856 INFO     [psi4.optking.history:269] 	Performing BFGS update.
2025-12-23:10:35:42,856 INFO     [psi4.optking.history:280] 	Using 4 previous steps for update.
2025-12-23:10:35:42,856 WARNING  [psi4.optking.history:301] 	Change in internal coordinate of 7.86e-01 exceeds limit of 5.00e-01.
2025-12-23:10:35:42,856 WARNING  [psi4.optking.history:306] 	Skipping Hessian update for step 11.
2025-12-23:10:35:42,856 WARNING  [psi4.optking.history:301] 	Change in internal coordinate of 1.10e+00 exceeds limit of 5.00e-01.
2025-12-23:10:35:42,856 WARNING  [psi4.optking.history:306] 	Skipping Hessian update for step 10.
2025-12-23:10:35:42,856 WARNING  [psi4.optking.history:301] 	Change in internal coordinate of 1.43e+00 exceeds limit of 5.00e-01.
2025-12-23:10:35:42,856 WARNING  [psi4.optking.history:306] 	Skipping Hessian update for step 9.
2025-12-23:10:35:42,856 WARNING  [psi4.optking.history:301] 	Change in internal coordinate of 1.78e+00 exceeds limit of 5.00e-01.
2025-12-23:10:35:42,856 WARNING  [psi4.optking.history:306] 	Skipping Hessian update for step 8.
2025-12-23:10:35:42,856 WARNING  [psi4.optking.history:301] 	Change in internal coordinate of 2.15e+00 exceeds limit of 5.00e-01.
2025-12-23:10:35:42,856 WARNING  [psi4.optking.history:306] 	Skipping Hessian update for step 7.
2025-12-23:10:35:42,856 WARNING  [psi4.optking.history:301] 	Change in internal coordinate of 2.53e+00 exceeds limit of 5.00e-01.
2025-12-23:10:35:42,856 WARNING  [psi4.optking.history:306] 	Skipping Hessian update for step 6.
2025-12-23:10:35:42,856 WARNING  [psi4.optking.history:301] 	Change in internal coordinate of 2.92e+00 exceeds limit of 5.00e-01.
2025-12-23:10:35:42,856 WARNING  [psi4.optking.history:306] 	Skipping Hessian update for step 5.
2025-12-23:10:35:42,856 WARNING  [psi4.optking.history:301] 	Change in internal coordinate of 3.33e+00 exceeds limit of 5.00e-01.
2025-12-23:10:35:42,856 WARNING  [psi4.optking.history:306] 	Skipping Hessian update for step 4.
2025-12-23:10:35:42,856 WARNING  [psi4.optking.history:301] 	Change in internal coordinate of 3.76e+00 exceeds limit of 5.00e-01.
2025-12-23:10:35:42,856 WARNING  [psi4.optking.history:306] 	Skipping Hessian update for step 3.
2025-12-23:10:35:42,856 WARNING  [psi4.optking.history:301] 	Change in internal coordinate of 4.20e+00 exceeds limit of 5.00e-01.
2025-12-23:10:35:42,856 WARNING  [psi4.optking.history:306] 	Skipping Hessian update for step 2.
2025-12-23:10:35:42,856 WARNING  [psi4.optking.history:301] 	Change in internal coordinate of 4.70e+00 exceeds limit of 5.00e-01.
2025-12-23:10:35:42,856 WARNING  [psi4.optking.history:306] 	Skipping Hessian update for step 1.
2025-12-23:10:35:42,856 INFO     [psi4.optking.history:317] 	Steps to be used in Hessian update:  13 12

2025-12-23:10:35:42,857 INFO     [psi4.optking.history:418] 	Updated Hessian (in au) 
 	   0.000520

2025-12-23:10:35:42,857 INFO     [psi4.optking.molsys:944] Projected (PHP) Hessian matrix
	   0.000520

2025-12-23:10:35:42,857 INFO     [psi4.optking.opt_helper:182] 
	         Geometry (au)                                       Gradient (au)
   0.0000000000   0.0000000000   6.1659999659		   0.0000000000   0.0000000000  -0.0000731251
   0.0000000000   0.0000000000  -0.7968051001		  -0.0000000000   0.0000000000   0.0000803695

2025-12-23:10:35:42,857 INFO     [psi4.optking.stepAlgorithms:368] 	Current Step Report 
 
	Current energy:      -344.1835027247
	Energy change for the previous step:
		Actual       :        -0.0000279669
		Projected    :        -0.0000188010

2025-12-23:10:35:42,857 INFO     [psi4.optking.stepAlgorithms:371] 	Energy ratio =    1.48752
2025-12-23:10:35:42,857 INFO     [psi4.optking.stepAlgorithms:929] 	Using RFO solution 1.
2025-12-23:10:35:42,857 INFO     [psi4.optking.displace:100] 	Determining Cartesian step for fragment 1.
2025-12-23:10:35:42,857 INFO     [psi4.optking.displace:415] 	Successfully converged to displaced geometry.
2025-12-23:10:35:42,857 INFO     [psi4.optking.displace:416] 	RMS(dx):  2.564e-16 	Max(dx):  4.441e-16 	RMS(dq):  8.882e-16
2025-12-23:10:35:42,857 INFO     [psi4.optking.displace:172] 

	        --- Internal Coordinate Step in ANG or DEG, aJ/ANG or AJ/DEG ---
	-------------------------------------------------------------------------------
	           Coordinate      Previous         Force          Change          New 
	           ----------      --------        ------          ------        ------
	               R(1,2)       3.68456        0.00063        0.07652       3.76108
	-------------------------------------------------------------------------------

2025-12-23:10:35:42,857 INFO     [psi4.optking.stepAlgorithms:113] 	|target step| :    0.1445971621
2025-12-23:10:35:42,857 INFO     [psi4.optking.stepAlgorithms:114] 	gradient     :   -0.0000767473
2025-12-23:10:35:42,857 INFO     [psi4.optking.stepAlgorithms:115] 	hessian      :    0.0005196688
2025-12-23:10:35:42,857 INFO     [psi4.optking.stepAlgorithms:113] 	|target step| :    0.1445971621
2025-12-23:10:35:42,857 INFO     [psi4.optking.stepAlgorithms:114] 	gradient     :   -0.0000767473
2025-12-23:10:35:42,857 INFO     [psi4.optking.stepAlgorithms:115] 	hessian      :    0.0005196688
2025-12-23:10:35:42,857 INFO     [psi4.optking.stepAlgorithms:206] 	Norm of achieved step-size    0.1445971621
2025-12-23:10:35:42,857 INFO     [psi4.optking.stepAlgorithms:208] 	Norm of achieved step-size (cart):    0.1022456338
2025-12-23:10:35:42,858 INFO     [psi4.optking.opt_helper:164] Molsys:

	                            ===> Fragment 1 <== 

	 Z (Atomic Numbers)          Masses                          Geom                  
	       2.000000             4.002603          0.00000000  0.00000000  6.23829855   
	      15.000000            30.973762          0.00000000  0.00000000 -0.86910368   

	 - Coordinate -           - BOHR/RAD -       - ANG/DEG -
	 R(1,2)           =         7.107402           3.761075

2025-12-23:10:35:42,858 INFO     [psi4.optking.convcheck:76] Performing convergence check.
2025-12-23:10:35:42,858 INFO     [psi4.optking.convcheck:282] 
	                                 ==> Convergence Check <==                                  
    
	Measures of convergence in internal coordinates in au.
    
	Criteria marked as inactive (o), active & met (*), and active & unmet ( ).

	----------------------------------------------------------------------------------------------
	   Step    Total Energy     Delta E     Max Force     RMS Force      Max Disp      RMS Disp   
	----------------------------------------------------------------------------------------------
	  Convergence Criteria     1.00e-06 *    3.00e-04 *             o    1.20e-03 *             o
	----------------------------------------------------------------------------------------------
	    14    -344.18350272   -2.80e-05      7.67e-05 *    7.67e-05 o    1.45e-01      1.45e-01 o  ~
	----------------------------------------------------------------------------------------------


2025-12-23:10:35:42,858 INFO     [psi4.optking.stepAlgorithms:296] 	Convergence check returned False
2025-12-23:10:35:42,868 INFO     [psi4.driver.task_planner:259] PLANNING Atomic:  keywords={'DAMPING_PERCENTAGE': 1.0, 'GEOM_MAXITER': 500, 'SCF__GUESS': 'READ', 'GUESS': 'SAP', 'MAXITER': 500, 'REFERENCE': 'UKS', 'function_kwargs': {}}
2025-12-23:10:35:42,870 INFO     [psi4.driver.driver:638] Compute gradient(): method=b3lyp, basis=cc-pvdz, molecule=default, nre=4.220951486562147
2025-12-23:10:35:43,275 INFO     [psi4.driver.driver:641] Return gradient(): -344.1835116488496
2025-12-23:10:35:43,275 INFO     [psi4.driver.driver:642] [[ 0.00000000  0.00000000 -0.00004039]
 [ 0.00000000  0.00000000  0.00004919]]
2025-12-23:10:35:43,277 INFO     [psi4.optking.history:269] 	Performing BFGS update.
2025-12-23:10:35:43,277 INFO     [psi4.optking.history:280] 	Using 4 previous steps for update.
2025-12-23:10:35:43,277 WARNING  [psi4.optking.history:301] 	Change in internal coordinate of 6.41e-01 exceeds limit of 5.00e-01.
2025-12-23:10:35:43,277 WARNING  [psi4.optking.history:306] 	Skipping Hessian update for step 12.
2025-12-23:10:35:43,277 WARNING  [psi4.optking.history:301] 	Change in internal coordinate of 9.31e-01 exceeds limit of 5.00e-01.
2025-12-23:10:35:43,277 WARNING  [psi4.optking.history:306] 	Skipping Hessian update for step 11.
2025-12-23:10:35:43,277 WARNING  [psi4.optking.history:301] 	Change in internal coordinate of 1.24e+00 exceeds limit of 5.00e-01.
2025-12-23:10:35:43,277 WARNING  [psi4.optking.history:306] 	Skipping Hessian update for step 10.
2025-12-23:10:35:43,277 WARNING  [psi4.optking.history:301] 	Change in internal coordinate of 1.58e+00 exceeds limit of 5.00e-01.
2025-12-23:10:35:43,277 WARNING  [psi4.optking.history:306] 	Skipping Hessian update for step 9.
2025-12-23:10:35:43,277 WARNING  [psi4.optking.history:301] 	Change in internal coordinate of 1.93e+00 exceeds limit of 5.00e-01.
2025-12-23:10:35:43,277 WARNING  [psi4.optking.history:306] 	Skipping Hessian update for step 8.
2025-12-23:10:35:43,277 WARNING  [psi4.optking.history:301] 	Change in internal coordinate of 2.29e+00 exceeds limit of 5.00e-01.
2025-12-23:10:35:43,277 WARNING  [psi4.optking.history:306] 	Skipping Hessian update for step 7.
2025-12-23:10:35:43,277 WARNING  [psi4.optking.history:301] 	Change in internal coordinate of 2.67e+00 exceeds limit of 5.00e-01.
2025-12-23:10:35:43,277 WARNING  [psi4.optking.history:306] 	Skipping Hessian update for step 6.
2025-12-23:10:35:43,277 WARNING  [psi4.optking.history:301] 	Change in internal coordinate of 3.07e+00 exceeds limit of 5.00e-01.
2025-12-23:10:35:43,277 WARNING  [psi4.optking.history:306] 	Skipping Hessian update for step 5.
2025-12-23:10:35:43,277 WARNING  [psi4.optking.history:301] 	Change in internal coordinate of 3.48e+00 exceeds limit of 5.00e-01.
2025-12-23:10:35:43,277 WARNING  [psi4.optking.history:306] 	Skipping Hessian update for step 4.
2025-12-23:10:35:43,277 WARNING  [psi4.optking.history:301] 	Change in internal coordinate of 3.91e+00 exceeds limit of 5.00e-01.
2025-12-23:10:35:43,277 WARNING  [psi4.optking.history:306] 	Skipping Hessian update for step 3.
2025-12-23:10:35:43,277 WARNING  [psi4.optking.history:301] 	Change in internal coordinate of 4.34e+00 exceeds limit of 5.00e-01.
2025-12-23:10:35:43,277 WARNING  [psi4.optking.history:306] 	Skipping Hessian update for step 2.
2025-12-23:10:35:43,277 WARNING  [psi4.optking.history:301] 	Change in internal coordinate of 4.84e+00 exceeds limit of 5.00e-01.
2025-12-23:10:35:43,277 WARNING  [psi4.optking.history:306] 	Skipping Hessian update for step 1.
2025-12-23:10:35:43,277 INFO     [psi4.optking.history:317] 	Steps to be used in Hessian update:  14 13

2025-12-23:10:35:43,277 INFO     [psi4.optking.history:418] 	Updated Hessian (in au) 
 	   0.000309

2025-12-23:10:35:43,278 INFO     [psi4.optking.molsys:944] Projected (PHP) Hessian matrix
	   0.000309

2025-12-23:10:35:43,278 INFO     [psi4.optking.opt_helper:182] 
	         Geometry (au)                                       Gradient (au)
   0.0000000000   0.0000000000   6.2940498090		   0.0000000000   0.0000000000  -0.0000403936
   0.0000000000   0.0000000000  -0.8133524190		   0.0000000000   0.0000000000   0.0000491856

2025-12-23:10:35:43,278 INFO     [psi4.optking.stepAlgorithms:368] 	Current Step Report 
 
	Current energy:      -344.1835116488
	Energy change for the previous step:
		Actual       :        -0.0000089242
		Projected    :        -0.0000055487

2025-12-23:10:35:43,278 INFO     [psi4.optking.stepAlgorithms:371] 	Energy ratio =    1.60833
2025-12-23:10:35:43,278 INFO     [psi4.optking.stepAlgorithms:929] 	Using RFO solution 1.
2025-12-23:10:35:43,278 INFO     [psi4.optking.displace:100] 	Determining Cartesian step for fragment 1.
2025-12-23:10:35:43,278 INFO     [psi4.optking.displace:415] 	Successfully converged to displaced geometry.
2025-12-23:10:35:43,278 INFO     [psi4.optking.displace:416] 	RMS(dx):  2.564e-16 	Max(dx):  4.441e-16 	RMS(dq):  0.000e+00
2025-12-23:10:35:43,278 INFO     [psi4.optking.displace:172] 

	        --- Internal Coordinate Step in ANG or DEG, aJ/ANG or AJ/DEG ---
	-------------------------------------------------------------------------------
	           Coordinate      Previous         Force          Change          New 
	           ----------      --------        ------          ------        ------
	               R(1,2)       3.76108        0.00037        0.07505       3.83612
	-------------------------------------------------------------------------------

2025-12-23:10:35:43,278 INFO     [psi4.optking.stepAlgorithms:113] 	|target step| :    0.1418188091
2025-12-23:10:35:43,278 INFO     [psi4.optking.stepAlgorithms:114] 	gradient     :   -0.0000447896
2025-12-23:10:35:43,278 INFO     [psi4.optking.stepAlgorithms:115] 	hessian      :    0.0003094705
2025-12-23:10:35:43,278 INFO     [psi4.optking.stepAlgorithms:113] 	|target step| :    0.1418188091
2025-12-23:10:35:43,278 INFO     [psi4.optking.stepAlgorithms:114] 	gradient     :   -0.0000447896
2025-12-23:10:35:43,278 INFO     [psi4.optking.stepAlgorithms:115] 	hessian      :    0.0003094705
2025-12-23:10:35:43,278 INFO     [psi4.optking.stepAlgorithms:206] 	Norm of achieved step-size    0.1418188091
2025-12-23:10:35:43,278 INFO     [psi4.optking.stepAlgorithms:208] 	Norm of achieved step-size (cart):    0.1002810416
2025-12-23:10:35:43,278 INFO     [psi4.optking.opt_helper:164] Molsys:

	                            ===> Fragment 1 <== 

	 Z (Atomic Numbers)          Masses                          Geom                  
	       2.000000             4.002603          0.00000000  0.00000000  6.36495921   
	      15.000000            30.973762          0.00000000  0.00000000 -0.88426182   

	 - Coordinate -           - BOHR/RAD -       - ANG/DEG -
	 R(1,2)           =         7.249221           3.836123

2025-12-23:10:35:43,279 INFO     [psi4.optking.convcheck:76] Performing convergence check.
2025-12-23:10:35:43,279 INFO     [psi4.optking.convcheck:282] 
	                                 ==> Convergence Check <==                                  
    
	Measures of convergence in internal coordinates in au.
    
	Criteria marked as inactive (o), active & met (*), and active & unmet ( ).

	----------------------------------------------------------------------------------------------
	   Step    Total Energy     Delta E     Max Force     RMS Force      Max Disp      RMS Disp   
	----------------------------------------------------------------------------------------------
	  Convergence Criteria     1.00e-06 *    3.00e-04 *             o    1.20e-03 *             o
	----------------------------------------------------------------------------------------------
	    15    -344.18351165   -8.92e-06      4.48e-05 *    4.48e-05 o    1.42e-01      1.42e-01 o  ~
	----------------------------------------------------------------------------------------------


2025-12-23:10:35:43,279 INFO     [psi4.optking.stepAlgorithms:296] 	Convergence check returned False
2025-12-23:10:35:43,290 INFO     [psi4.driver.task_planner:259] PLANNING Atomic:  keywords={'DAMPING_PERCENTAGE': 1.0, 'GEOM_MAXITER': 500, 'SCF__GUESS': 'READ', 'GUESS': 'SAP', 'MAXITER': 500, 'REFERENCE': 'UKS', 'function_kwargs': {}}
2025-12-23:10:35:43,292 INFO     [psi4.driver.driver:638] Compute gradient(): method=b3lyp, basis=cc-pvdz, molecule=default, nre=4.138375674612733
2025-12-23:10:35:43,738 INFO     [psi4.driver.driver:641] Return gradient(): -344.18351661517517
2025-12-23:10:35:43,738 INFO     [psi4.driver.driver:642] [[ 0.00000000 -0.00000000 -0.00002291]
 [ 0.00000000  0.00000000  0.00002776]]
2025-12-23:10:35:43,740 INFO     [psi4.optking.history:269] 	Performing BFGS update.
2025-12-23:10:35:43,740 INFO     [psi4.optking.history:280] 	Using 4 previous steps for update.
2025-12-23:10:35:43,740 WARNING  [psi4.optking.history:301] 	Change in internal coordinate of 5.19e-01 exceeds limit of 5.00e-01.
2025-12-23:10:35:43,740 WARNING  [psi4.optking.history:306] 	Skipping Hessian update for step 13.
2025-12-23:10:35:43,740 WARNING  [psi4.optking.history:301] 	Change in internal coordinate of 7.83e-01 exceeds limit of 5.00e-01.
2025-12-23:10:35:43,740 WARNING  [psi4.optking.history:306] 	Skipping Hessian update for step 12.
2025-12-23:10:35:43,740 WARNING  [psi4.optking.history:301] 	Change in internal coordinate of 1.07e+00 exceeds limit of 5.00e-01.
2025-12-23:10:35:43,740 WARNING  [psi4.optking.history:306] 	Skipping Hessian update for step 11.
2025-12-23:10:35:43,740 WARNING  [psi4.optking.history:301] 	Change in internal coordinate of 1.38e+00 exceeds limit of 5.00e-01.
2025-12-23:10:35:43,740 WARNING  [psi4.optking.history:306] 	Skipping Hessian update for step 10.
2025-12-23:10:35:43,741 WARNING  [psi4.optking.history:301] 	Change in internal coordinate of 1.72e+00 exceeds limit of 5.00e-01.
2025-12-23:10:35:43,741 WARNING  [psi4.optking.history:306] 	Skipping Hessian update for step 9.
2025-12-23:10:35:43,741 WARNING  [psi4.optking.history:301] 	Change in internal coordinate of 2.07e+00 exceeds limit of 5.00e-01.
2025-12-23:10:35:43,741 WARNING  [psi4.optking.history:306] 	Skipping Hessian update for step 8.
2025-12-23:10:35:43,741 WARNING  [psi4.optking.history:301] 	Change in internal coordinate of 2.43e+00 exceeds limit of 5.00e-01.
2025-12-23:10:35:43,741 WARNING  [psi4.optking.history:306] 	Skipping Hessian update for step 7.
2025-12-23:10:35:43,741 WARNING  [psi4.optking.history:301] 	Change in internal coordinate of 2.82e+00 exceeds limit of 5.00e-01.
2025-12-23:10:35:43,741 WARNING  [psi4.optking.history:306] 	Skipping Hessian update for step 6.
2025-12-23:10:35:43,741 WARNING  [psi4.optking.history:301] 	Change in internal coordinate of 3.21e+00 exceeds limit of 5.00e-01.
2025-12-23:10:35:43,741 WARNING  [psi4.optking.history:306] 	Skipping Hessian update for step 5.
2025-12-23:10:35:43,741 WARNING  [psi4.optking.history:301] 	Change in internal coordinate of 3.62e+00 exceeds limit of 5.00e-01.
2025-12-23:10:35:43,741 WARNING  [psi4.optking.history:306] 	Skipping Hessian update for step 4.
2025-12-23:10:35:43,741 WARNING  [psi4.optking.history:301] 	Change in internal coordinate of 4.05e+00 exceeds limit of 5.00e-01.
2025-12-23:10:35:43,741 WARNING  [psi4.optking.history:306] 	Skipping Hessian update for step 3.
2025-12-23:10:35:43,741 WARNING  [psi4.optking.history:301] 	Change in internal coordinate of 4.48e+00 exceeds limit of 5.00e-01.
2025-12-23:10:35:43,741 WARNING  [psi4.optking.history:306] 	Skipping Hessian update for step 2.
2025-12-23:10:35:43,741 WARNING  [psi4.optking.history:301] 	Change in internal coordinate of 4.98e+00 exceeds limit of 5.00e-01.
2025-12-23:10:35:43,741 WARNING  [psi4.optking.history:306] 	Skipping Hessian update for step 1.
2025-12-23:10:35:43,741 INFO     [psi4.optking.history:317] 	Steps to be used in Hessian update:  15 14

2025-12-23:10:35:43,741 INFO     [psi4.optking.history:418] 	Updated Hessian (in au) 
 	   0.000180

2025-12-23:10:35:43,741 INFO     [psi4.optking.molsys:944] Projected (PHP) Hessian matrix
	   0.000180

2025-12-23:10:35:43,741 INFO     [psi4.optking.opt_helper:182] 
	         Geometry (au)                                       Gradient (au)
   0.0000000000   0.0000000000   6.4196392466		   0.0000000000  -0.0000000000  -0.0000229057
   0.0000000000   0.0000000000  -0.8295817906		   0.0000000000   0.0000000000   0.0000277644

2025-12-23:10:35:43,741 INFO     [psi4.optking.stepAlgorithms:368] 	Current Step Report 
 
	Current energy:      -344.1835166152
	Energy change for the previous step:
		Actual       :        -0.0000049663
		Projected    :        -0.0000031760

2025-12-23:10:35:43,741 INFO     [psi4.optking.stepAlgorithms:371] 	Energy ratio =    1.56370
2025-12-23:10:35:43,741 INFO     [psi4.optking.stepAlgorithms:929] 	Using RFO solution 1.
2025-12-23:10:35:43,742 INFO     [psi4.optking.displace:100] 	Determining Cartesian step for fragment 1.
2025-12-23:10:35:43,742 INFO     [psi4.optking.displace:415] 	Successfully converged to displaced geometry.
2025-12-23:10:35:43,742 INFO     [psi4.optking.displace:416] 	RMS(dx):  0.000e+00 	Max(dx):  0.000e+00 	RMS(dq):  0.000e+00
2025-12-23:10:35:43,742 INFO     [psi4.optking.displace:172] 

	        --- Internal Coordinate Step in ANG or DEG, aJ/ANG or AJ/DEG ---
	-------------------------------------------------------------------------------
	           Coordinate      Previous         Force          Change          New 
	           ----------      --------        ------          ------        ------
	               R(1,2)       3.83612        0.00021        0.07326       3.90938
	-------------------------------------------------------------------------------

2025-12-23:10:35:43,742 INFO     [psi4.optking.stepAlgorithms:113] 	|target step| :    0.1384360806
2025-12-23:10:35:43,742 INFO     [psi4.optking.stepAlgorithms:114] 	gradient     :   -0.0000253351
2025-12-23:10:35:43,742 INFO     [psi4.optking.stepAlgorithms:115] 	hessian      :    0.0001795019
2025-12-23:10:35:43,742 INFO     [psi4.optking.stepAlgorithms:113] 	|target step| :    0.1384360806
2025-12-23:10:35:43,742 INFO     [psi4.optking.stepAlgorithms:114] 	gradient     :   -0.0000253351
2025-12-23:10:35:43,742 INFO     [psi4.optking.stepAlgorithms:115] 	hessian      :    0.0001795019
2025-12-23:10:35:43,742 INFO     [psi4.optking.stepAlgorithms:206] 	Norm of achieved step-size    0.1384360806
2025-12-23:10:35:43,742 INFO     [psi4.optking.stepAlgorithms:208] 	Norm of achieved step-size (cart):    0.0978890913
2025-12-23:10:35:43,742 INFO     [psi4.optking.opt_helper:164] Molsys:

	                            ===> Fragment 1 <== 

	 Z (Atomic Numbers)          Masses                          Geom                  
	       2.000000             4.002603          0.00000000  0.00000000  6.48885729   
	      15.000000            30.973762          0.00000000  0.00000000 -0.89879983   

	 - Coordinate -           - BOHR/RAD -       - ANG/DEG -
	 R(1,2)           =         7.387657           3.909380

2025-12-23:10:35:43,742 INFO     [psi4.optking.convcheck:76] Performing convergence check.
2025-12-23:10:35:43,742 INFO     [psi4.optking.convcheck:282] 
	                                 ==> Convergence Check <==                                  
    
	Measures of convergence in internal coordinates in au.
    
	Criteria marked as inactive (o), active & met (*), and active & unmet ( ).

	----------------------------------------------------------------------------------------------
	   Step    Total Energy     Delta E     Max Force     RMS Force      Max Disp      RMS Disp   
	----------------------------------------------------------------------------------------------
	  Convergence Criteria     1.00e-06 *    3.00e-04 *             o    1.20e-03 *             o
	----------------------------------------------------------------------------------------------
	    16    -344.18351662   -4.97e-06      2.53e-05 *    2.53e-05 o    1.38e-01      1.38e-01 o  ~
	----------------------------------------------------------------------------------------------


2025-12-23:10:35:43,742 INFO     [psi4.optking.stepAlgorithms:296] 	Convergence check returned False
2025-12-23:10:35:43,754 INFO     [psi4.driver.task_planner:259] PLANNING Atomic:  keywords={'DAMPING_PERCENTAGE': 1.0, 'GEOM_MAXITER': 500, 'SCF__GUESS': 'READ', 'GUESS': 'SAP', 'MAXITER': 500, 'REFERENCE': 'UKS', 'function_kwargs': {}}
2025-12-23:10:35:43,755 INFO     [psi4.driver.driver:638] Compute gradient(): method=b3lyp, basis=cc-pvdz, molecule=default, nre=4.060827339717271
2025-12-23:10:35:44,177 INFO     [psi4.driver.driver:641] Return gradient(): -344.1835195513857
2025-12-23:10:35:44,177 INFO     [psi4.driver.driver:642] [[-0.00000000  0.00000000 -0.00001114]
 [-0.00000000  0.00000000  0.00001552]]
2025-12-23:10:35:44,179 INFO     [psi4.optking.history:269] 	Performing BFGS update.
2025-12-23:10:35:44,179 INFO     [psi4.optking.history:280] 	Using 4 previous steps for update.
2025-12-23:10:35:44,179 WARNING  [psi4.optking.history:301] 	Change in internal coordinate of 6.58e-01 exceeds limit of 5.00e-01.
2025-12-23:10:35:44,179 WARNING  [psi4.optking.history:306] 	Skipping Hessian update for step 13.
2025-12-23:10:35:44,179 WARNING  [psi4.optking.history:301] 	Change in internal coordinate of 9.21e-01 exceeds limit of 5.00e-01.
2025-12-23:10:35:44,179 WARNING  [psi4.optking.history:306] 	Skipping Hessian update for step 12.
2025-12-23:10:35:44,179 WARNING  [psi4.optking.history:301] 	Change in internal coordinate of 1.21e+00 exceeds limit of 5.00e-01.
2025-12-23:10:35:44,179 WARNING  [psi4.optking.history:306] 	Skipping Hessian update for step 11.
2025-12-23:10:35:44,179 WARNING  [psi4.optking.history:301] 	Change in internal coordinate of 1.52e+00 exceeds limit of 5.00e-01.
2025-12-23:10:35:44,179 WARNING  [psi4.optking.history:306] 	Skipping Hessian update for step 10.
2025-12-23:10:35:44,179 WARNING  [psi4.optking.history:301] 	Change in internal coordinate of 1.86e+00 exceeds limit of 5.00e-01.
2025-12-23:10:35:44,179 WARNING  [psi4.optking.history:306] 	Skipping Hessian update for step 9.
2025-12-23:10:35:44,179 WARNING  [psi4.optking.history:301] 	Change in internal coordinate of 2.21e+00 exceeds limit of 5.00e-01.
2025-12-23:10:35:44,179 WARNING  [psi4.optking.history:306] 	Skipping Hessian update for step 8.
2025-12-23:10:35:44,179 WARNING  [psi4.optking.history:301] 	Change in internal coordinate of 2.57e+00 exceeds limit of 5.00e-01.
2025-12-23:10:35:44,179 WARNING  [psi4.optking.history:306] 	Skipping Hessian update for step 7.
2025-12-23:10:35:44,179 WARNING  [psi4.optking.history:301] 	Change in internal coordinate of 2.95e+00 exceeds limit of 5.00e-01.
2025-12-23:10:35:44,179 WARNING  [psi4.optking.history:306] 	Skipping Hessian update for step 6.
2025-12-23:10:35:44,179 WARNING  [psi4.optking.history:301] 	Change in internal coordinate of 3.35e+00 exceeds limit of 5.00e-01.
2025-12-23:10:35:44,179 WARNING  [psi4.optking.history:306] 	Skipping Hessian update for step 5.
2025-12-23:10:35:44,179 WARNING  [psi4.optking.history:301] 	Change in internal coordinate of 3.76e+00 exceeds limit of 5.00e-01.
2025-12-23:10:35:44,179 WARNING  [psi4.optking.history:306] 	Skipping Hessian update for step 4.
2025-12-23:10:35:44,179 WARNING  [psi4.optking.history:301] 	Change in internal coordinate of 4.19e+00 exceeds limit of 5.00e-01.
2025-12-23:10:35:44,179 WARNING  [psi4.optking.history:306] 	Skipping Hessian update for step 3.
2025-12-23:10:35:44,179 WARNING  [psi4.optking.history:301] 	Change in internal coordinate of 4.62e+00 exceeds limit of 5.00e-01.
2025-12-23:10:35:44,179 WARNING  [psi4.optking.history:306] 	Skipping Hessian update for step 2.
2025-12-23:10:35:44,179 WARNING  [psi4.optking.history:301] 	Change in internal coordinate of 5.12e+00 exceeds limit of 5.00e-01.
2025-12-23:10:35:44,179 WARNING  [psi4.optking.history:306] 	Skipping Hessian update for step 1.
2025-12-23:10:35:44,179 INFO     [psi4.optking.history:317] 	Steps to be used in Hessian update:  16 15 14

2025-12-23:10:35:44,180 INFO     [psi4.optking.history:418] 	Updated Hessian (in au) 
 	   0.000149

2025-12-23:10:35:44,180 INFO     [psi4.optking.molsys:944] Projected (PHP) Hessian matrix
	   0.000149

2025-12-23:10:35:44,180 INFO     [psi4.optking.opt_helper:182] 
	         Geometry (au)                                       Gradient (au)
   0.0000000000   0.0000000000   6.5422330662		  -0.0000000000   0.0000000000  -0.0000111355
   0.0000000000   0.0000000000  -0.8454240515		  -0.0000000000   0.0000000000   0.0000155193

2025-12-23:10:35:44,180 INFO     [psi4.optking.stepAlgorithms:368] 	Current Step Report 
 
	Current energy:      -344.1835195514
	Energy change for the previous step:
		Actual       :        -0.0000029362
		Projected    :        -0.0000017536

2025-12-23:10:35:44,180 INFO     [psi4.optking.stepAlgorithms:371] 	Energy ratio =    1.67435
2025-12-23:10:35:44,180 INFO     [psi4.optking.stepAlgorithms:929] 	Using RFO solution 1.
2025-12-23:10:35:44,180 INFO     [psi4.optking.displace:100] 	Determining Cartesian step for fragment 1.
2025-12-23:10:35:44,180 INFO     [psi4.optking.displace:415] 	Successfully converged to displaced geometry.
2025-12-23:10:35:44,180 INFO     [psi4.optking.displace:416] 	RMS(dx):  2.564e-16 	Max(dx):  4.441e-16 	RMS(dq):  0.000e+00
2025-12-23:10:35:44,180 INFO     [psi4.optking.displace:172] 

	        --- Internal Coordinate Step in ANG or DEG, aJ/ANG or AJ/DEG ---
	-------------------------------------------------------------------------------
	           Coordinate      Previous         Force          Change          New 
	           ----------      --------        ------          ------        ------
	               R(1,2)       3.90938        0.00011        0.04687       3.95625
	-------------------------------------------------------------------------------

2025-12-23:10:35:44,180 INFO     [psi4.optking.stepAlgorithms:113] 	|target step| :    0.0885799400
2025-12-23:10:35:44,180 INFO     [psi4.optking.stepAlgorithms:114] 	gradient     :   -0.0000133274
2025-12-23:10:35:44,180 INFO     [psi4.optking.stepAlgorithms:115] 	hessian      :    0.0001492753
2025-12-23:10:35:44,180 INFO     [psi4.optking.stepAlgorithms:113] 	|target step| :    0.0885799400
2025-12-23:10:35:44,180 INFO     [psi4.optking.stepAlgorithms:114] 	gradient     :   -0.0000133274
2025-12-23:10:35:44,180 INFO     [psi4.optking.stepAlgorithms:115] 	hessian      :    0.0001492753
2025-12-23:10:35:44,180 INFO     [psi4.optking.stepAlgorithms:206] 	Norm of achieved step-size    0.0885799400
2025-12-23:10:35:44,180 INFO     [psi4.optking.stepAlgorithms:208] 	Norm of achieved step-size (cart):    0.0626354763
2025-12-23:10:35:44,181 INFO     [psi4.optking.opt_helper:164] Molsys:

	                            ===> Fragment 1 <== 

	 Z (Atomic Numbers)          Masses                          Geom                  
	       2.000000             4.002603          0.00000000  0.00000000  6.58652304   
	      15.000000            30.973762          0.00000000  0.00000000 -0.88971402   

	 - Coordinate -           - BOHR/RAD -       - ANG/DEG -
	 R(1,2)           =         7.476237           3.956254

2025-12-23:10:35:44,181 INFO     [psi4.optking.convcheck:76] Performing convergence check.
2025-12-23:10:35:44,181 INFO     [psi4.optking.convcheck:282] 
	                                 ==> Convergence Check <==                                  
    
	Measures of convergence in internal coordinates in au.
    
	Criteria marked as inactive (o), active & met (*), and active & unmet ( ).

	----------------------------------------------------------------------------------------------
	   Step    Total Energy     Delta E     Max Force     RMS Force      Max Disp      RMS Disp   
	----------------------------------------------------------------------------------------------
	  Convergence Criteria     1.00e-06 *    3.00e-04 *             o    1.20e-03 *             o
	----------------------------------------------------------------------------------------------
	    17    -344.18351955   -2.94e-06      1.33e-05 *    1.33e-05 o    8.86e-02      8.86e-02 o  ~
	----------------------------------------------------------------------------------------------


2025-12-23:10:35:44,181 INFO     [psi4.optking.stepAlgorithms:296] 	Convergence check returned False
2025-12-23:10:35:44,192 INFO     [psi4.driver.task_planner:259] PLANNING Atomic:  keywords={'DAMPING_PERCENTAGE': 1.0, 'GEOM_MAXITER': 500, 'SCF__GUESS': 'READ', 'GUESS': 'SAP', 'MAXITER': 500, 'REFERENCE': 'UKS', 'function_kwargs': {}}
2025-12-23:10:35:44,193 INFO     [psi4.driver.driver:638] Compute gradient(): method=b3lyp, basis=cc-pvdz, molecule=default, nre=4.012713851684417
2025-12-23:10:35:44,605 INFO     [psi4.driver.driver:641] Return gradient(): -344.1835205269592
2025-12-23:10:35:44,605 INFO     [psi4.driver.driver:642] [[ 0.00000000 -0.00000000 -0.00000540]
 [ 0.00000000  0.00000000  0.00001126]]
2025-12-23:10:35:44,607 INFO     [psi4.optking.history:269] 	Performing BFGS update.
2025-12-23:10:35:44,607 INFO     [psi4.optking.history:280] 	Using 4 previous steps for update.
2025-12-23:10:35:44,607 WARNING  [psi4.optking.history:301] 	Change in internal coordinate of 5.13e-01 exceeds limit of 5.00e-01.
2025-12-23:10:35:44,607 WARNING  [psi4.optking.history:306] 	Skipping Hessian update for step 14.
2025-12-23:10:35:44,607 WARNING  [psi4.optking.history:301] 	Change in internal coordinate of 7.46e-01 exceeds limit of 5.00e-01.
2025-12-23:10:35:44,607 WARNING  [psi4.optking.history:306] 	Skipping Hessian update for step 13.
2025-12-23:10:35:44,607 WARNING  [psi4.optking.history:301] 	Change in internal coordinate of 1.01e+00 exceeds limit of 5.00e-01.
2025-12-23:10:35:44,607 WARNING  [psi4.optking.history:306] 	Skipping Hessian update for step 12.
2025-12-23:10:35:44,607 WARNING  [psi4.optking.history:301] 	Change in internal coordinate of 1.30e+00 exceeds limit of 5.00e-01.
2025-12-23:10:35:44,607 WARNING  [psi4.optking.history:306] 	Skipping Hessian update for step 11.
2025-12-23:10:35:44,607 WARNING  [psi4.optking.history:301] 	Change in internal coordinate of 1.61e+00 exceeds limit of 5.00e-01.
2025-12-23:10:35:44,607 WARNING  [psi4.optking.history:306] 	Skipping Hessian update for step 10.
2025-12-23:10:35:44,607 WARNING  [psi4.optking.history:301] 	Change in internal coordinate of 1.94e+00 exceeds limit of 5.00e-01.
2025-12-23:10:35:44,607 WARNING  [psi4.optking.history:306] 	Skipping Hessian update for step 9.
2025-12-23:10:35:44,607 WARNING  [psi4.optking.history:301] 	Change in internal coordinate of 2.29e+00 exceeds limit of 5.00e-01.
2025-12-23:10:35:44,607 WARNING  [psi4.optking.history:306] 	Skipping Hessian update for step 8.
2025-12-23:10:35:44,607 WARNING  [psi4.optking.history:301] 	Change in internal coordinate of 2.66e+00 exceeds limit of 5.00e-01.
2025-12-23:10:35:44,608 WARNING  [psi4.optking.history:306] 	Skipping Hessian update for step 7.
2025-12-23:10:35:44,608 WARNING  [psi4.optking.history:301] 	Change in internal coordinate of 3.04e+00 exceeds limit of 5.00e-01.
2025-12-23:10:35:44,608 WARNING  [psi4.optking.history:306] 	Skipping Hessian update for step 6.
2025-12-23:10:35:44,608 WARNING  [psi4.optking.history:301] 	Change in internal coordinate of 3.44e+00 exceeds limit of 5.00e-01.
2025-12-23:10:35:44,608 WARNING  [psi4.optking.history:306] 	Skipping Hessian update for step 5.
2025-12-23:10:35:44,608 WARNING  [psi4.optking.history:301] 	Change in internal coordinate of 3.85e+00 exceeds limit of 5.00e-01.
2025-12-23:10:35:44,608 WARNING  [psi4.optking.history:306] 	Skipping Hessian update for step 4.
2025-12-23:10:35:44,608 WARNING  [psi4.optking.history:301] 	Change in internal coordinate of 4.28e+00 exceeds limit of 5.00e-01.
2025-12-23:10:35:44,608 WARNING  [psi4.optking.history:306] 	Skipping Hessian update for step 3.
2025-12-23:10:35:44,608 WARNING  [psi4.optking.history:301] 	Change in internal coordinate of 4.71e+00 exceeds limit of 5.00e-01.
2025-12-23:10:35:44,608 WARNING  [psi4.optking.history:306] 	Skipping Hessian update for step 2.
2025-12-23:10:35:44,608 WARNING  [psi4.optking.history:301] 	Change in internal coordinate of 5.21e+00 exceeds limit of 5.00e-01.
2025-12-23:10:35:44,608 WARNING  [psi4.optking.history:306] 	Skipping Hessian update for step 1.
2025-12-23:10:35:44,608 INFO     [psi4.optking.history:317] 	Steps to be used in Hessian update:  17 16 15

2025-12-23:10:35:44,608 INFO     [psi4.optking.history:418] 	Updated Hessian (in au) 
 	   0.000099

2025-12-23:10:35:44,608 INFO     [psi4.optking.molsys:944] Projected (PHP) Hessian matrix
	   0.000099

2025-12-23:10:35:44,608 INFO     [psi4.optking.opt_helper:182] 
	         Geometry (au)                                       Gradient (au)
   0.0000000000   0.0000000000   6.6206761508		   0.0000000000  -0.0000000000  -0.0000053956
   0.0000000000   0.0000000000  -0.8555609069		   0.0000000000   0.0000000000   0.0000112571

2025-12-23:10:35:44,608 INFO     [psi4.optking.stepAlgorithms:368] 	Current Step Report 
 
	Current energy:      -344.1835205270
	Energy change for the previous step:
		Actual       :        -0.0000009756
		Projected    :        -0.0000005903

2025-12-23:10:35:44,608 INFO     [psi4.optking.stepAlgorithms:371] 	Energy ratio =    1.65276
2025-12-23:10:35:44,608 INFO     [psi4.optking.stepAlgorithms:929] 	Using RFO solution 1.
2025-12-23:10:35:44,608 INFO     [psi4.optking.displace:100] 	Determining Cartesian step for fragment 1.
2025-12-23:10:35:44,609 INFO     [psi4.optking.displace:415] 	Successfully converged to displaced geometry.
2025-12-23:10:35:44,609 INFO     [psi4.optking.displace:416] 	RMS(dx):  0.000e+00 	Max(dx):  0.000e+00 	RMS(dq):  0.000e+00
2025-12-23:10:35:44,609 INFO     [psi4.optking.displace:172] 

	        --- Internal Coordinate Step in ANG or DEG, aJ/ANG or AJ/DEG ---
	-------------------------------------------------------------------------------
	           Coordinate      Previous         Force          Change          New 
	           ----------      --------        ------          ------        ------
	               R(1,2)       3.95625        0.00007        0.04426       4.00051
	-------------------------------------------------------------------------------

2025-12-23:10:35:44,609 INFO     [psi4.optking.stepAlgorithms:113] 	|target step| :    0.0836337443
2025-12-23:10:35:44,609 INFO     [psi4.optking.stepAlgorithms:114] 	gradient     :   -0.0000083263
2025-12-23:10:35:44,609 INFO     [psi4.optking.stepAlgorithms:115] 	hessian      :    0.0000988606
2025-12-23:10:35:44,609 INFO     [psi4.optking.stepAlgorithms:113] 	|target step| :    0.0836337443
2025-12-23:10:35:44,609 INFO     [psi4.optking.stepAlgorithms:114] 	gradient     :   -0.0000083263
2025-12-23:10:35:44,609 INFO     [psi4.optking.stepAlgorithms:115] 	hessian      :    0.0000988606
2025-12-23:10:35:44,609 INFO     [psi4.optking.stepAlgorithms:206] 	Norm of achieved step-size    0.0836337443
2025-12-23:10:35:44,609 INFO     [psi4.optking.stepAlgorithms:208] 	Norm of achieved step-size (cart):    0.0591379877
2025-12-23:10:35:44,609 INFO     [psi4.optking.opt_helper:164] Molsys:

	                            ===> Fragment 1 <== 

	 Z (Atomic Numbers)          Masses                          Geom                  
	       2.000000             4.002603          0.00000000  0.00000000  6.66249302   
	      15.000000            30.973762          0.00000000  0.00000000 -0.89737778   

	 - Coordinate -           - BOHR/RAD -       - ANG/DEG -
	 R(1,2)           =         7.559871           4.000511

2025-12-23:10:35:44,609 INFO     [psi4.optking.convcheck:76] Performing convergence check.
2025-12-23:10:35:44,609 INFO     [psi4.optking.convcheck:282] 
	                                 ==> Convergence Check <==                                  
    
	Measures of convergence in internal coordinates in au.
    
	Criteria marked as inactive (o), active & met (*), and active & unmet ( ).

	----------------------------------------------------------------------------------------------
	   Step    Total Energy     Delta E     Max Force     RMS Force      Max Disp      RMS Disp   
	----------------------------------------------------------------------------------------------
	  Convergence Criteria     1.00e-06 *    3.00e-04 *             o    1.20e-03 *             o
	----------------------------------------------------------------------------------------------
	    18    -344.18352053   -9.76e-07 *    8.33e-06 *    8.33e-06 o    8.36e-02      8.36e-02 o  ~
	----------------------------------------------------------------------------------------------


2025-12-23:10:35:44,609 INFO     [psi4.optking.convcheck:206] 
	                      ===> Final Convergence Report <===                     

	----------------------------------------------------------------------------
	|   Required Criteria    |  One or More Criteria  |   Alternate Criteria   |
	----------------------------------------------------------------------------
	| [x]     max_force      | [x]       max_DE       |                        |
	|                        | [ ]      max_disp      |                        |
	----------------------------------------------------------------------------


2025-12-23:10:35:44,609 INFO     [psi4.optking.stepAlgorithms:296] 	Convergence check returned True
2025-12-23:10:35:44,609 INFO     [psi4.optking.optimize:332] 	Converged in 18 steps!
2025-12-23:10:35:44,609 INFO     [psi4.optking.optimize:333] 	Final energy is   -344.1835205269592
2025-12-23:10:35:44,609 INFO     [psi4.optking.optimize:334] 	Final structure (Angstroms): 
	Fragment 1 (Ang)

	   He   0.0000000000   0.0000000000   3.5256394740
	    P   0.0000000000   0.0000000000  -0.4748718700


2025-12-23:10:35:44,610 INFO     [psi4.optking.optimize:562] 	Optimization Finished

	==> Optimization Summary <==

        
	Measures of convergence in internal coordinates in au. (Any backward steps not shown.)
        
	---------------------------------------------------------------------------------------------------------------  ~
        
	 Step         Total Energy             Delta E       MAX Force       RMS Force        MAX Disp        RMS Disp   ~
        
	---------------------------------------------------------------------------------------------------------------  ~
        
	     1    -343.870478450128   -343.870478450128      0.43567460      0.43567460      0.50000000      0.50000000  ~
	     2    -344.030041077268     -0.159562627140      0.22498665      0.22498665      0.43356523      0.43356523  ~
	     3    -344.103528810927     -0.073487733659      0.12321271      0.12321271      0.42851293      0.42851293  ~
	     4    -344.142837656518     -0.039308845591      0.06572089      0.06572089      0.40821851      0.40821851  ~
	     5    -344.162810914473     -0.019973257955      0.03508834      0.03508834      0.39473774      0.39473774  ~
	     6    -344.173095452843     -0.010284538370      0.01863161      0.01863161      0.38176977      0.38176977  ~
	     7    -344.178356455195     -0.005261002352      0.00980903      0.00980903      0.36721810      0.36721810  ~
	     8    -344.181008120424     -0.002651665229      0.00511257      0.00511257      0.35061239      0.35061239  ~
	     9    -344.182321628120     -0.001313507696      0.00263740      0.00263740      0.33233176      0.33233176  ~
	    10    -344.182961484216     -0.000639856097      0.00134505      0.00134505      0.31217651      0.31217651  ~
	    11    -344.183267507703     -0.000306023487      0.00067642      0.00067642      0.28936832      0.28936832  ~
	    12    -344.183410388733     -0.000142881029      0.00033483      0.00033483      0.26388473      0.26388473  ~
	    13    -344.183474757815     -0.000064369082      0.00016156      0.00016156      0.23273772      0.23273772  ~
	    14    -344.183502724693     -0.000027966878      0.00007675      0.00007675      0.14459716      0.14459716  ~
	    15    -344.183511648850     -0.000008924157      0.00004479      0.00004479      0.14181881      0.14181881  ~
	    16    -344.183516615175     -0.000004966326      0.00002534      0.00002534      0.13843608      0.13843608  ~
	    17    -344.183519551386     -0.000002936211      0.00001333      0.00001333      0.08857994      0.08857994  ~
	    18    -344.183520526959     -0.000000975574      0.00000833      0.00000833      0.08363374      0.08363374  ~
	----------------------------------------------------------------------------------------------------------------


2025-12-23:10:35:44,610 INFO     [psi4.optking.optimize:806] Preparing OptimizationResult
