2025-12-23:11:31:09,466 WARNING  [psi4.optking:38] Some dependencies such as QCElemental have not yet finished migration to pydantic v2. If issues are encountered please downgrade pydantic or upgrade QCElemental as appropriate
2025-12-23:11:31:09,620 INFO     [psi4.optking.optwrapper:234] Creating a UserComputer
2025-12-23:11:31:09,621 INFO     [psi4.optking.optwrapper:242] 
    			-----------------------------------------

    			 OPTKING 3.0: for geometry optimizations 

    			     By R.A. King, Bethel University     

    			        with contributions from          

    			    A.V. Copan, J. Cayton, A. Heide      

    			-----------------------------------------

    
2025-12-23:11:31:09,621 INFO     [psi4.optking.optwrapper:272] 
		 -- Optimization Parameters --
	GEOM_MAXITER                   =             500
	ALG_GEOM_MAXITER               =              50
	PRINT                          =               1
	OPT_TYPE                       =             MIN
	STEP_TYPE                      =             RFO
	PROGRAM                        =            PSI4
	STEEPEST_DESCENT_TYPE          =         OVERLAP
	CONJUGATE_GRADIENT_TYPE        =        FLETCHER
	OPT_COORDINATES                =        INTERNAL
	RFO_FOLLOW_ROOT                =           False
	RFO_ROOT                       =               0
	ACCEPT_SYMMETRY_BREAKING       =           False
	DYNAMIC_LVL                    =               0
	DYNAMIC_LVL_MAX                =               0
	IRC_STEP_SIZE                  =             0.2
	IRC_DIRECTION                  =         FORWARD
	IRC_POINTS                     =              20
	IRC_MODE                       =          NORMAL
	IRC_CONVERGENCE                =            -0.7
	INTRAFRAG_STEP_LIMIT           =             0.5
	INTRAFRAG_STEP_LIMIT_MIN       =           0.001
	INTRAFRAG_STEP_LIMIT_MAX       =             1.0
	INTERFRAG_STEP_LIMIT           =             0.5
	INTERFRAG_STEP_LIMIT_MIN       =           0.001
	INTERFRAG_STEP_LIMIT_MAX       =             1.0
	ENSURE_BT_CONVERGENCE          =           False
	SIMPLE_STEP_SCALING            =           False
	CONSECUTIVE_BACKSTEPS          =               0
	RFO_NORMALIZATION_MAX          =             100
	RSRFO_ALPHA_MAX                =     100000000.0
	PRINT_TRAJECTORY_XYZ_FILE      =           False
	WRITE_TRAJECTORY               =           False
	FROZEN_DISTANCE                =                
	FROZEN_BEND                    =                
	FROZEN_DIHEDRAL                =                
	FROZEN_OOFP                    =                
	FROZEN_CARTESIAN               =                
	FREEZE_ALL_DIHEDRALS           =           False
	UNFREEZE_DIHEDRALS             =                
	RANGED_DISTANCE                =                
	RANGED_BEND                    =                
	RANGED_DIHEDRAL                =                
	RANGED_OOFP                    =                
	RANGED_CARTESIAN               =                
	EXT_FORCE_DISTANCE             =                
	EXT_FORCE_BEND                 =                
	EXT_FORCE_DIHEDRAL             =                
	EXT_FORCE_OOFP                 =                
	EXT_FORCE_CARTESIAN            =                
	G_CONVERGENCE                  =           QCHEM
	MAX_FORCE_G_CONVERGENCE        =          0.0003
	RMS_FORCE_G_CONVERGENCE        =          0.0003
	MAX_ENERGY_G_CONVERGENCE       =           1e-06
	MAX_DISP_G_CONVERGENCE         =          0.0012
	RMS_DISP_G_CONVERGENCE         =          0.0012
	FLEXIBLE_G_CONVERGENCE         =           False
	HESS_UPDATE                    =            BFGS
	HESS_UPDATE_USE_LAST           =               4
	HESS_UPDATE_LIMIT              =            True
	HESS_UPDATE_LIMIT_MAX          =             1.0
	HESS_UPDATE_LIMIT_SCALE        =             0.5
	HESS_UPDATE_DEN_TOL            =           1e-07
	HESS_UPDATE_DQ_TOL             =             0.5
	CART_HESS_READ                 =           False
	HESSIAN_FILE                   =               .
	FULL_HESS_EVERY                =              -1
	INTRAFRAG_HESS                 =        SCHLEGEL
	H_GUESS_EVERY                  =           False
	BT_MAX_ITER                    =              25
	BT_DX_CONV                     =           1e-07
	BT_DX_RMS_CHANGE_CONV          =           1e-12
	BT_PINV_RCOND                  =           1e-06
	FRAG_MODE                      =          SINGLE
	FRAG_REF_ATOMS                 =              []
	FREEZE_INTRAFRAG               =           False
	INTERFRAG_MODE                 =           FIXED
	ADD_AUXILIARY_BONDS            =           False
	AUXILIARY_BOND_FACTOR          =             2.5
	INTERFRAG_DIST_INV             =           False
	INTERFRAG_COLLINEAR_TOL        =            0.01
	INTERFRAG_COORDS               =              []
	INTERFRAG_HESS                 =         DEFAULT
	COVALENT_CONNECT               =             1.3
	INTERFRAGMENT_CONNECT          =             1.8
	H_BOND_CONNECT                 =             4.3
	INCLUDE_OOFP                   =           False
	TEST_B                         =           False
	TEST_DERIVATIVE_B              =           False
	LINESEARCH_STEP                =             0.1
	LINESEARCH                     =           False
	SD_HESSIAN                     =             1.0
	FIX_VAL_NEAR_PI                =            1.57
	V3D_TORS_ANGLE_LIM             =           0.017
	V3D_TORS_COS_TOL               =           1e-10
	LINEAR_BEND_THRESHOLD          =            3.05
	SMALL_BEND_FIX_THRESHOLD       =            0.35
	REDUNDANT_EVAL_TOL             =           1e-10
	LINEAR_ALGEBRA_TOL             =           1e-10


2025-12-23:11:31:09,760 INFO     [psi4.optking.opt_helper:164] Molsys:

	                            ===> Fragment 1 <== 

	 Z (Atomic Numbers)          Masses                          Geom                  
	      14.000000            27.976927          0.00000000  0.00000000  1.33386035   
	      18.000000            39.962383          0.00000000  0.00000000 -0.93381100   

	 - Coordinate -           - BOHR/RAD -       - ANG/DEG -
	 R(1,2)           =         2.267671           1.200000

2025-12-23:11:31:09,771 INFO     [psi4.driver.task_planner:259] PLANNING Atomic:  keywords={'DAMPING_PERCENTAGE': 1.0, 'GEOM_MAXITER': 500, 'GUESS': 'SAP', 'MAXITER': 500, 'REFERENCE': 'UKS', 'function_kwargs': {}}
2025-12-23:11:31:09,772 INFO     [psi4.driver.driver:638] Compute gradient(): method=b3lyp, basis=cc-pvdz, molecule=default, nre=111.12721424070001
2025-12-23:11:31:10,412 INFO     [psi4.driver.driver:641] Return gradient(): -815.508206329689
2025-12-23:11:31:10,412 INFO     [psi4.driver.driver:642] [[-0.00000000 -0.00000000 -3.02619616]
 [ 0.00000000  0.00000000  3.02617092]]
2025-12-23:11:31:10,414 INFO     [psi4.optking.molsys:944] Projected (PHP) Hessian matrix
	 217.822043

2025-12-23:11:31:10,414 INFO     [psi4.optking.opt_helper:182] 
	         Geometry (au)                                       Gradient (au)
   0.0000000000   0.0000000000   1.3338603493		  -0.0000000000  -0.0000000000  -3.0261961564
   0.0000000000   0.0000000000  -0.9338110013		   0.0000000000   0.0000000000   3.0261709161

2025-12-23:11:31:10,414 INFO     [psi4.optking.stepAlgorithms:929] 	Using RFO solution 1.
2025-12-23:11:31:10,414 INFO     [psi4.optking.displace:100] 	Determining Cartesian step for fragment 1.
2025-12-23:11:31:10,415 INFO     [psi4.optking.displace:415] 	Successfully converged to displaced geometry.
2025-12-23:11:31:10,415 INFO     [psi4.optking.displace:416] 	RMS(dx):  0.000e+00 	Max(dx):  0.000e+00 	RMS(dq):  0.000e+00
2025-12-23:11:31:10,415 INFO     [psi4.optking.displace:172] 

	        --- Internal Coordinate Step in ANG or DEG, aJ/ANG or AJ/DEG ---
	-------------------------------------------------------------------------------
	           Coordinate      Previous         Force          Change          New 
	           ----------      --------        ------          ------        ------
	               R(1,2)       1.20000       24.93189        0.00735       1.20735
	-------------------------------------------------------------------------------

2025-12-23:11:31:10,415 INFO     [psi4.optking.stepAlgorithms:113] 	|target step| :    0.0138902364
2025-12-23:11:31:10,415 INFO     [psi4.optking.stepAlgorithms:114] 	gradient     :   -3.0261835363
2025-12-23:11:31:10,415 INFO     [psi4.optking.stepAlgorithms:115] 	hessian      :  217.8220428578
2025-12-23:11:31:10,415 INFO     [psi4.optking.stepAlgorithms:113] 	|target step| :    0.0138902364
2025-12-23:11:31:10,415 INFO     [psi4.optking.stepAlgorithms:114] 	gradient     :   -3.0261835363
2025-12-23:11:31:10,415 INFO     [psi4.optking.stepAlgorithms:115] 	hessian      :  217.8220428578
2025-12-23:11:31:10,415 INFO     [psi4.optking.stepAlgorithms:206] 	Norm of achieved step-size    0.0138902364
2025-12-23:11:31:10,415 INFO     [psi4.optking.stepAlgorithms:208] 	Norm of achieved step-size (cart):    0.0098218804
2025-12-23:11:31:10,415 INFO     [psi4.optking.opt_helper:164] Molsys:

	                            ===> Fragment 1 <== 

	 Z (Atomic Numbers)          Masses                          Geom                  
	      14.000000            27.976927          0.00000000  0.00000000  1.34080547   
	      18.000000            39.962383          0.00000000  0.00000000 -0.94075612   

	 - Coordinate -           - BOHR/RAD -       - ANG/DEG -
	 R(1,2)           =         2.281562           1.207350

2025-12-23:11:31:10,415 INFO     [psi4.optking.convcheck:76] Performing convergence check.
2025-12-23:11:31:10,415 INFO     [psi4.optking.convcheck:282] 
	                                 ==> Convergence Check <==                                  
    
	Measures of convergence in internal coordinates in au.
    
	Criteria marked as inactive (o), active & met (*), and active & unmet ( ).

	----------------------------------------------------------------------------------------------~
	   Step    Total Energy     Delta E     Max Force     RMS Force      Max Disp      RMS Disp   ~
	----------------------------------------------------------------------------------------------~
	  Convergence Criteria     1.00e-06 *    3.00e-04 *             o    1.20e-03 *             o~
	----------------------------------------------------------------------------------------------~
	     1    -815.50820633   -8.16e+02      3.03e+00      3.03e+00 o    1.39e-02      1.39e-02 o  ~
	----------------------------------------------------------------------------------------------


2025-12-23:11:31:10,415 INFO     [psi4.optking.stepAlgorithms:296] 	Convergence check returned False
2025-12-23:11:31:10,426 INFO     [psi4.driver.task_planner:259] PLANNING Atomic:  keywords={'DAMPING_PERCENTAGE': 1.0, 'GEOM_MAXITER': 500, 'SCF__GUESS': 'READ', 'GUESS': 'SAP', 'MAXITER': 500, 'REFERENCE': 'UKS', 'function_kwargs': {}}
2025-12-23:11:31:10,427 INFO     [psi4.driver.driver:638] Compute gradient(): method=b3lyp, basis=cc-pvdz, molecule=default, nre=110.45066740316373
2025-12-23:11:31:11,81 INFO     [psi4.driver.driver:641] Return gradient(): -815.5496111506835
2025-12-23:11:31:11,82 INFO     [psi4.driver.driver:642] [[-0.00000000  0.00000000 -2.93595170]
 [ 0.00000000 -0.00000000  2.93592847]]
2025-12-23:11:31:11,83 INFO     [psi4.optking.history:269] 	Performing BFGS update.
2025-12-23:11:31:11,83 INFO     [psi4.optking.history:280] 	Using 1 previous steps for update.
2025-12-23:11:31:11,83 INFO     [psi4.optking.history:317] 	Steps to be used in Hessian update:  1

2025-12-23:11:31:11,83 INFO     [psi4.optking.history:418] 	Updated Hessian (in au) 
 	 108.911021

2025-12-23:11:31:11,83 INFO     [psi4.optking.molsys:944] Projected (PHP) Hessian matrix
	 108.911021

2025-12-23:11:31:11,83 INFO     [psi4.optking.opt_helper:182] 
	         Geometry (au)                                       Gradient (au)
   0.0000000000   0.0000000000   1.3420306847		  -0.0000000000   0.0000000000  -2.9359516963
   0.0000000000   0.0000000000  -0.9395309023		   0.0000000000  -0.0000000000   2.9359284746

2025-12-23:11:31:11,84 INFO     [psi4.optking.stepAlgorithms:368] 	Current Step Report 
 
	Current energy:      -815.5496111507
	Energy change for the previous step:
		Actual       :        -0.0414048210
		Projected    :        -0.0210172024

2025-12-23:11:31:11,84 INFO     [psi4.optking.stepAlgorithms:371] 	Energy ratio =    1.97004
2025-12-23:11:31:11,84 INFO     [psi4.optking.stepAlgorithms:399] 	Energy ratio indicates good step.
2025-12-23:11:31:11,84 INFO     [psi4.optking.stepAlgorithms:400] 	Intrafrag trust radius increased to      1.
2025-12-23:11:31:11,84 INFO     [psi4.optking.stepAlgorithms:929] 	Using RFO solution 1.
2025-12-23:11:31:11,84 INFO     [psi4.optking.displace:100] 	Determining Cartesian step for fragment 1.
2025-12-23:11:31:11,84 INFO     [psi4.optking.displace:415] 	Successfully converged to displaced geometry.
2025-12-23:11:31:11,84 INFO     [psi4.optking.displace:416] 	RMS(dx):  0.000e+00 	Max(dx):  0.000e+00 	RMS(dq):  0.000e+00
2025-12-23:11:31:11,84 INFO     [psi4.optking.displace:172] 

	        --- Internal Coordinate Step in ANG or DEG, aJ/ANG or AJ/DEG ---
	-------------------------------------------------------------------------------
	           Coordinate      Previous         Force          Change          New 
	           ----------      --------        ------          ------        ------
	               R(1,2)       1.20735       24.18840        0.01425       1.22161
	-------------------------------------------------------------------------------

2025-12-23:11:31:11,84 INFO     [psi4.optking.stepAlgorithms:113] 	|target step| :    0.0269376746
2025-12-23:11:31:11,84 INFO     [psi4.optking.stepAlgorithms:114] 	gradient     :   -2.9359400854
2025-12-23:11:31:11,84 INFO     [psi4.optking.stepAlgorithms:115] 	hessian      :  108.9110214289
2025-12-23:11:31:11,84 INFO     [psi4.optking.stepAlgorithms:113] 	|target step| :    0.0269376746
2025-12-23:11:31:11,84 INFO     [psi4.optking.stepAlgorithms:114] 	gradient     :   -2.9359400854
2025-12-23:11:31:11,84 INFO     [psi4.optking.stepAlgorithms:115] 	hessian      :  108.9110214289
2025-12-23:11:31:11,84 INFO     [psi4.optking.stepAlgorithms:206] 	Norm of achieved step-size    0.0269376746
2025-12-23:11:31:11,84 INFO     [psi4.optking.stepAlgorithms:208] 	Norm of achieved step-size (cart):    0.0190478124
2025-12-23:11:31:11,84 INFO     [psi4.optking.opt_helper:164] Molsys:

	                            ===> Fragment 1 <== 

	 Z (Atomic Numbers)          Masses                          Geom                  
	      14.000000            27.976927          0.00000000  0.00000000  1.35549952   
	      18.000000            39.962383          0.00000000  0.00000000 -0.95299974   

	 - Coordinate -           - BOHR/RAD -       - ANG/DEG -
	 R(1,2)           =         2.308499           1.221605

2025-12-23:11:31:11,85 INFO     [psi4.optking.convcheck:76] Performing convergence check.
2025-12-23:11:31:11,85 INFO     [psi4.optking.convcheck:282] 
	                                 ==> Convergence Check <==                                  
    
	Measures of convergence in internal coordinates in au.
    
	Criteria marked as inactive (o), active & met (*), and active & unmet ( ).

	----------------------------------------------------------------------------------------------
	   Step    Total Energy     Delta E     Max Force     RMS Force      Max Disp      RMS Disp   
	----------------------------------------------------------------------------------------------
	  Convergence Criteria     1.00e-06 *    3.00e-04 *             o    1.20e-03 *             o
	----------------------------------------------------------------------------------------------
	     2    -815.54961115   -4.14e-02      2.94e+00      2.94e+00 o    2.69e-02      2.69e-02 o  ~
	----------------------------------------------------------------------------------------------


2025-12-23:11:31:11,85 INFO     [psi4.optking.stepAlgorithms:296] 	Convergence check returned False
2025-12-23:11:31:11,95 INFO     [psi4.driver.task_planner:259] PLANNING Atomic:  keywords={'DAMPING_PERCENTAGE': 1.0, 'GEOM_MAXITER': 500, 'SCF__GUESS': 'READ', 'GUESS': 'SAP', 'MAXITER': 500, 'REFERENCE': 'UKS', 'function_kwargs': {}}
2025-12-23:11:31:11,96 INFO     [psi4.driver.driver:638] Compute gradient(): method=b3lyp, basis=cc-pvdz, molecule=default, nre=109.16182829169081
2025-12-23:11:31:11,715 INFO     [psi4.driver.driver:641] Return gradient(): -815.6264180403998
2025-12-23:11:31:11,715 INFO     [psi4.driver.driver:642] [[ 0.00000000  0.00000000 -2.76817317]
 [ 0.00000000  0.00000000  2.76815087]]
2025-12-23:11:31:11,717 INFO     [psi4.optking.history:269] 	Performing BFGS update.
2025-12-23:11:31:11,717 INFO     [psi4.optking.history:280] 	Using 2 previous steps for update.
2025-12-23:11:31:11,717 INFO     [psi4.optking.history:317] 	Steps to be used in Hessian update:  2 1

2025-12-23:11:31:11,717 INFO     [psi4.optking.history:418] 	Updated Hessian (in au) 
 	  27.227755

2025-12-23:11:31:11,717 INFO     [psi4.optking.molsys:944] Projected (PHP) Hessian matrix
	  27.227755

2025-12-23:11:31:11,717 INFO     [psi4.optking.opt_helper:182] 
	         Geometry (au)                                       Gradient (au)
   0.0000000000   0.0000000000   1.3578756157		   0.0000000000   0.0000000000  -2.7681731652
   0.0000000000   0.0000000000  -0.9506236459		   0.0000000000   0.0000000000   2.7681508692

2025-12-23:11:31:11,717 INFO     [psi4.optking.stepAlgorithms:368] 	Current Step Report 
 
	Current energy:      -815.6264180404
	Energy change for the previous step:
		Actual       :        -0.0768068897
		Projected    :        -0.0395436993

2025-12-23:11:31:11,717 INFO     [psi4.optking.stepAlgorithms:371] 	Energy ratio =    1.94233
2025-12-23:11:31:11,717 INFO     [psi4.optking.stepAlgorithms:929] 	Using RFO solution 1.
2025-12-23:11:31:11,717 INFO     [psi4.optking.displace:100] 	Determining Cartesian step for fragment 1.
2025-12-23:11:31:11,718 INFO     [psi4.optking.displace:415] 	Successfully converged to displaced geometry.
2025-12-23:11:31:11,718 INFO     [psi4.optking.displace:416] 	RMS(dx):  0.000e+00 	Max(dx):  0.000e+00 	RMS(dq):  0.000e+00
2025-12-23:11:31:11,718 INFO     [psi4.optking.displace:172] 

	        --- Internal Coordinate Step in ANG or DEG, aJ/ANG or AJ/DEG ---
	-------------------------------------------------------------------------------
	           Coordinate      Previous         Force          Change          New 
	           ----------      --------        ------          ------        ------
	               R(1,2)       1.22161       22.80612        0.05325       1.27486
	-------------------------------------------------------------------------------

2025-12-23:11:31:11,718 INFO     [psi4.optking.stepAlgorithms:113] 	|target step| :    0.1006372517
2025-12-23:11:31:11,718 INFO     [psi4.optking.stepAlgorithms:114] 	gradient     :   -2.7681620172
2025-12-23:11:31:11,718 INFO     [psi4.optking.stepAlgorithms:115] 	hessian      :   27.2277553572
2025-12-23:11:31:11,718 INFO     [psi4.optking.stepAlgorithms:113] 	|target step| :    0.1006372517
2025-12-23:11:31:11,718 INFO     [psi4.optking.stepAlgorithms:114] 	gradient     :   -2.7681620172
2025-12-23:11:31:11,718 INFO     [psi4.optking.stepAlgorithms:115] 	hessian      :   27.2277553572
2025-12-23:11:31:11,718 INFO     [psi4.optking.stepAlgorithms:206] 	Norm of achieved step-size    0.1006372517
2025-12-23:11:31:11,718 INFO     [psi4.optking.stepAlgorithms:208] 	Norm of achieved step-size (cart):    0.0711612831
2025-12-23:11:31:11,718 INFO     [psi4.optking.opt_helper:164] Molsys:

	                            ===> Fragment 1 <== 

	 Z (Atomic Numbers)          Masses                          Geom                  
	      14.000000            27.976927          0.00000000  0.00000000  1.40819424   
	      18.000000            39.962383          0.00000000  0.00000000 -1.00094227   

	 - Coordinate -           - BOHR/RAD -       - ANG/DEG -
	 R(1,2)           =         2.409137           1.274860

2025-12-23:11:31:11,718 INFO     [psi4.optking.convcheck:76] Performing convergence check.
2025-12-23:11:31:11,718 INFO     [psi4.optking.convcheck:282] 
	                                 ==> Convergence Check <==                                  
    
	Measures of convergence in internal coordinates in au.
    
	Criteria marked as inactive (o), active & met (*), and active & unmet ( ).

	----------------------------------------------------------------------------------------------
	   Step    Total Energy     Delta E     Max Force     RMS Force      Max Disp      RMS Disp   
	----------------------------------------------------------------------------------------------
	  Convergence Criteria     1.00e-06 *    3.00e-04 *             o    1.20e-03 *             o
	----------------------------------------------------------------------------------------------
	     3    -815.62641804   -7.68e-02      2.77e+00      2.77e+00 o    1.01e-01      1.01e-01 o  ~
	----------------------------------------------------------------------------------------------


2025-12-23:11:31:11,718 INFO     [psi4.optking.stepAlgorithms:296] 	Convergence check returned False
2025-12-23:11:31:11,729 INFO     [psi4.driver.task_planner:259] PLANNING Atomic:  keywords={'DAMPING_PERCENTAGE': 1.0, 'GEOM_MAXITER': 500, 'SCF__GUESS': 'READ', 'GUESS': 'SAP', 'MAXITER': 500, 'REFERENCE': 'UKS', 'function_kwargs': {}}
2025-12-23:11:31:11,730 INFO     [psi4.driver.driver:638] Compute gradient(): method=b3lyp, basis=cc-pvdz, molecule=default, nre=104.60179346937227
2025-12-23:11:31:12,397 INFO     [psi4.driver.driver:641] Return gradient(): -815.8764189989133
2025-12-23:11:31:12,398 INFO     [psi4.driver.driver:642] [[ 0.00000000  0.00000000 -2.21996798]
 [-0.00000000  0.00000000  2.21990606]]
2025-12-23:11:31:12,399 INFO     [psi4.optking.history:269] 	Performing BFGS update.
2025-12-23:11:31:12,399 INFO     [psi4.optking.history:280] 	Using 3 previous steps for update.
2025-12-23:11:31:12,399 INFO     [psi4.optking.history:317] 	Steps to be used in Hessian update:  3 2 1

2025-12-23:11:31:12,399 INFO     [psi4.optking.history:418] 	Updated Hessian (in au) 
 	   5.699258

2025-12-23:11:31:12,400 INFO     [psi4.optking.molsys:944] Projected (PHP) Hessian matrix
	   5.699258

2025-12-23:11:31:12,400 INFO     [psi4.optking.opt_helper:182] 
	         Geometry (au)                                       Gradient (au)
   0.0000000000   0.0000000000   1.4170711599		   0.0000000000   0.0000000000  -2.2199679849
   0.0000000000   0.0000000000  -0.9920653534		  -0.0000000000   0.0000000000   2.2199060644

2025-12-23:11:31:12,400 INFO     [psi4.optking.stepAlgorithms:368] 	Current Step Report 
 
	Current energy:      -815.8764189989
	Energy change for the previous step:
		Actual       :        -0.2500009585
		Projected    :        -0.1392901089

2025-12-23:11:31:12,400 INFO     [psi4.optking.stepAlgorithms:371] 	Energy ratio =    1.79482
2025-12-23:11:31:12,400 INFO     [psi4.optking.stepAlgorithms:929] 	Using RFO solution 1.
2025-12-23:11:31:12,400 INFO     [psi4.optking.displace:100] 	Determining Cartesian step for fragment 1.
2025-12-23:11:31:12,400 INFO     [psi4.optking.displace:415] 	Successfully converged to displaced geometry.
2025-12-23:11:31:12,400 INFO     [psi4.optking.displace:416] 	RMS(dx):  1.282e-16 	Max(dx):  2.220e-16 	RMS(dq):  4.441e-16
2025-12-23:11:31:12,400 INFO     [psi4.optking.displace:172] 

	        --- Internal Coordinate Step in ANG or DEG, aJ/ANG or AJ/DEG ---
	-------------------------------------------------------------------------------
	           Coordinate      Previous         Force          Change          New 
	           ----------      --------        ------          ------        ------
	               R(1,2)       1.27486       18.28945        0.18179       1.45665
	-------------------------------------------------------------------------------

2025-12-23:11:31:12,400 INFO     [psi4.optking.stepAlgorithms:113] 	|target step| :    0.3435424133
2025-12-23:11:31:12,400 INFO     [psi4.optking.stepAlgorithms:114] 	gradient     :   -2.2199370247
2025-12-23:11:31:12,400 INFO     [psi4.optking.stepAlgorithms:115] 	hessian      :    5.6992583626
2025-12-23:11:31:12,400 INFO     [psi4.optking.stepAlgorithms:113] 	|target step| :    0.3435424133
2025-12-23:11:31:12,400 INFO     [psi4.optking.stepAlgorithms:114] 	gradient     :   -2.2199370247
2025-12-23:11:31:12,400 INFO     [psi4.optking.stepAlgorithms:115] 	hessian      :    5.6992583626
2025-12-23:11:31:12,400 INFO     [psi4.optking.stepAlgorithms:206] 	Norm of achieved step-size    0.3435424133
2025-12-23:11:31:12,400 INFO     [psi4.optking.stepAlgorithms:208] 	Norm of achieved step-size (cart):    0.2429211701
2025-12-23:11:31:12,401 INFO     [psi4.optking.opt_helper:164] Molsys:

	                            ===> Fragment 1 <== 

	 Z (Atomic Numbers)          Masses                          Geom                  
	      14.000000            27.976927          0.00000000  0.00000000  1.58884237   
	      18.000000            39.962383          0.00000000  0.00000000 -1.16383656   

	 - Coordinate -           - BOHR/RAD -       - ANG/DEG -
	 R(1,2)           =         2.752679           1.456655

2025-12-23:11:31:12,401 INFO     [psi4.optking.convcheck:76] Performing convergence check.
2025-12-23:11:31:12,401 INFO     [psi4.optking.convcheck:282] 
	                                 ==> Convergence Check <==                                  
    
	Measures of convergence in internal coordinates in au.
    
	Criteria marked as inactive (o), active & met (*), and active & unmet ( ).

	----------------------------------------------------------------------------------------------
	   Step    Total Energy     Delta E     Max Force     RMS Force      Max Disp      RMS Disp   
	----------------------------------------------------------------------------------------------
	  Convergence Criteria     1.00e-06 *    3.00e-04 *             o    1.20e-03 *             o
	----------------------------------------------------------------------------------------------
	     4    -815.87641900   -2.50e-01      2.22e+00      2.22e+00 o    3.44e-01      3.44e-01 o  ~
	----------------------------------------------------------------------------------------------


2025-12-23:11:31:12,401 INFO     [psi4.optking.stepAlgorithms:296] 	Convergence check returned False
2025-12-23:11:31:12,411 INFO     [psi4.driver.task_planner:259] PLANNING Atomic:  keywords={'DAMPING_PERCENTAGE': 1.0, 'GEOM_MAXITER': 500, 'SCF__GUESS': 'READ', 'GUESS': 'SAP', 'MAXITER': 500, 'REFERENCE': 'UKS', 'function_kwargs': {}}
2025-12-23:11:31:12,412 INFO     [psi4.driver.driver:638] Compute gradient(): method=b3lyp, basis=cc-pvdz, molecule=default, nre=91.54718248056757
2025-12-23:11:31:13,34 INFO     [psi4.driver.driver:641] Return gradient(): -816.4128657224913
2025-12-23:11:31:13,34 INFO     [psi4.driver.driver:642] [[ 0.00000000  0.00000000 -1.05215306]
 [-0.00000000  0.00000000  1.05213267]]
2025-12-23:11:31:13,36 INFO     [psi4.optking.history:269] 	Performing BFGS update.
2025-12-23:11:31:13,36 INFO     [psi4.optking.history:280] 	Using 4 previous steps for update.
2025-12-23:11:31:13,36 INFO     [psi4.optking.history:317] 	Steps to be used in Hessian update:  4 3 2 1

2025-12-23:11:31:13,36 INFO     [psi4.optking.history:418] 	Updated Hessian (in au) 
 	   4.070123

2025-12-23:11:31:13,36 INFO     [psi4.optking.molsys:944] Projected (PHP) Hessian matrix
	   4.070123

2025-12-23:11:31:13,36 INFO     [psi4.optking.opt_helper:182] 
	         Geometry (au)                                       Gradient (au)
   0.0000000000   0.0000000000   1.6191452406		   0.0000000000   0.0000000000  -1.0521530625
   0.0000000000   0.0000000000  -1.1335336860		  -0.0000000000   0.0000000000   1.0521326696

2025-12-23:11:31:13,36 INFO     [psi4.optking.stepAlgorithms:368] 	Current Step Report 
 
	Current energy:      -816.4128657225
	Energy change for the previous step:
		Actual       :        -0.5364467236
		Projected    :        -0.3813212614

2025-12-23:11:31:13,36 INFO     [psi4.optking.stepAlgorithms:371] 	Energy ratio =    1.40681
2025-12-23:11:31:13,36 INFO     [psi4.optking.stepAlgorithms:929] 	Using RFO solution 1.
2025-12-23:11:31:13,37 INFO     [psi4.optking.displace:100] 	Determining Cartesian step for fragment 1.
2025-12-23:11:31:13,37 INFO     [psi4.optking.displace:415] 	Successfully converged to displaced geometry.
2025-12-23:11:31:13,37 INFO     [psi4.optking.displace:416] 	RMS(dx):  0.000e+00 	Max(dx):  0.000e+00 	RMS(dq):  0.000e+00
2025-12-23:11:31:13,37 INFO     [psi4.optking.displace:172] 

	        --- Internal Coordinate Step in ANG or DEG, aJ/ANG or AJ/DEG ---
	-------------------------------------------------------------------------------
	           Coordinate      Previous         Force          Change          New 
	           ----------      --------        ------          ------        ------
	               R(1,2)       1.45665        8.66831        0.12870       1.58536
	-------------------------------------------------------------------------------

2025-12-23:11:31:13,37 INFO     [psi4.optking.stepAlgorithms:113] 	|target step| :    0.2432127824
2025-12-23:11:31:13,37 INFO     [psi4.optking.stepAlgorithms:114] 	gradient     :   -1.0521428661
2025-12-23:11:31:13,37 INFO     [psi4.optking.stepAlgorithms:115] 	hessian      :    4.0701233710
2025-12-23:11:31:13,37 INFO     [psi4.optking.stepAlgorithms:113] 	|target step| :    0.2432127824
2025-12-23:11:31:13,37 INFO     [psi4.optking.stepAlgorithms:114] 	gradient     :   -1.0521428661
2025-12-23:11:31:13,37 INFO     [psi4.optking.stepAlgorithms:115] 	hessian      :    4.0701233710
2025-12-23:11:31:13,37 INFO     [psi4.optking.stepAlgorithms:206] 	Norm of achieved step-size    0.2432127824
2025-12-23:11:31:13,37 INFO     [psi4.optking.stepAlgorithms:208] 	Norm of achieved step-size (cart):    0.1719774077
2025-12-23:11:31:13,37 INFO     [psi4.optking.opt_helper:164] Molsys:

	                            ===> Fragment 1 <== 

	 Z (Atomic Numbers)          Masses                          Geom                  
	      14.000000            27.976927          0.00000000  0.00000000  1.74075163   
	      18.000000            39.962383          0.00000000  0.00000000 -1.25514008   

	 - Coordinate -           - BOHR/RAD -       - ANG/DEG -
	 R(1,2)           =         2.995892           1.585358

2025-12-23:11:31:13,37 INFO     [psi4.optking.convcheck:76] Performing convergence check.
2025-12-23:11:31:13,37 INFO     [psi4.optking.convcheck:282] 
	                                 ==> Convergence Check <==                                  
    
	Measures of convergence in internal coordinates in au.
    
	Criteria marked as inactive (o), active & met (*), and active & unmet ( ).

	----------------------------------------------------------------------------------------------
	   Step    Total Energy     Delta E     Max Force     RMS Force      Max Disp      RMS Disp   
	----------------------------------------------------------------------------------------------
	  Convergence Criteria     1.00e-06 *    3.00e-04 *             o    1.20e-03 *             o
	----------------------------------------------------------------------------------------------
	     5    -816.41286572   -5.36e-01      1.05e+00      1.05e+00 o    2.43e-01      2.43e-01 o  ~
	----------------------------------------------------------------------------------------------


2025-12-23:11:31:13,37 INFO     [psi4.optking.stepAlgorithms:296] 	Convergence check returned False
2025-12-23:11:31:13,48 INFO     [psi4.driver.task_planner:259] PLANNING Atomic:  keywords={'DAMPING_PERCENTAGE': 1.0, 'GEOM_MAXITER': 500, 'SCF__GUESS': 'READ', 'GUESS': 'SAP', 'MAXITER': 500, 'REFERENCE': 'UKS', 'function_kwargs': {}}
2025-12-23:11:31:13,50 INFO     [psi4.driver.driver:638] Compute gradient(): method=b3lyp, basis=cc-pvdz, molecule=default, nre=84.11518989318617
2025-12-23:11:31:13,669 INFO     [psi4.driver.driver:641] Return gradient(): -816.6127970452745
2025-12-23:11:31:13,670 INFO     [psi4.driver.driver:642] [[-0.00000000  0.00000000 -0.62989981]
 [ 0.00000000 -0.00000000  0.62989392]]
2025-12-23:11:31:13,671 INFO     [psi4.optking.history:269] 	Performing BFGS update.
2025-12-23:11:31:13,671 INFO     [psi4.optking.history:280] 	Using 4 previous steps for update.
2025-12-23:11:31:13,671 WARNING  [psi4.optking.history:301] 	Change in internal coordinate of 5.87e-01 exceeds limit of 5.00e-01.
2025-12-23:11:31:13,671 WARNING  [psi4.optking.history:306] 	Skipping Hessian update for step 4.
2025-12-23:11:31:13,671 WARNING  [psi4.optking.history:301] 	Change in internal coordinate of 6.87e-01 exceeds limit of 5.00e-01.
2025-12-23:11:31:13,671 WARNING  [psi4.optking.history:306] 	Skipping Hessian update for step 3.
2025-12-23:11:31:13,671 WARNING  [psi4.optking.history:301] 	Change in internal coordinate of 7.14e-01 exceeds limit of 5.00e-01.
2025-12-23:11:31:13,671 WARNING  [psi4.optking.history:306] 	Skipping Hessian update for step 2.
2025-12-23:11:31:13,672 WARNING  [psi4.optking.history:301] 	Change in internal coordinate of 7.28e-01 exceeds limit of 5.00e-01.
2025-12-23:11:31:13,672 WARNING  [psi4.optking.history:306] 	Skipping Hessian update for step 1.
2025-12-23:11:31:13,672 INFO     [psi4.optking.history:317] 	Steps to be used in Hessian update:  5

2025-12-23:11:31:13,672 INFO     [psi4.optking.history:418] 	Updated Hessian (in au) 
 	   2.035062

2025-12-23:11:31:13,672 INFO     [psi4.optking.molsys:944] Projected (PHP) Hessian matrix
	   2.035062

2025-12-23:11:31:13,672 INFO     [psi4.optking.opt_helper:182] 
	         Geometry (au)                                       Gradient (au)
   0.0000000000   0.0000000000   1.7622047217		  -0.0000000000   0.0000000000  -0.6298998116
   0.0000000000   0.0000000000  -1.2336869872		   0.0000000000  -0.0000000000   0.6298939211

2025-12-23:11:31:13,672 INFO     [psi4.optking.stepAlgorithms:368] 	Current Step Report 
 
	Current energy:      -816.6127970453
	Energy change for the previous step:
		Actual       :        -0.1999313228
		Projected    :        -0.1279472970

2025-12-23:11:31:13,672 INFO     [psi4.optking.stepAlgorithms:371] 	Energy ratio =    1.56261
2025-12-23:11:31:13,672 INFO     [psi4.optking.stepAlgorithms:929] 	Using RFO solution 1.
2025-12-23:11:31:13,672 INFO     [psi4.optking.displace:100] 	Determining Cartesian step for fragment 1.
2025-12-23:11:31:13,672 INFO     [psi4.optking.displace:415] 	Successfully converged to displaced geometry.
2025-12-23:11:31:13,672 INFO     [psi4.optking.displace:416] 	RMS(dx):  1.282e-16 	Max(dx):  2.220e-16 	RMS(dq):  4.441e-16
2025-12-23:11:31:13,672 INFO     [psi4.optking.displace:172] 

	        --- Internal Coordinate Step in ANG or DEG, aJ/ANG or AJ/DEG ---
	-------------------------------------------------------------------------------
	           Coordinate      Previous         Force          Change          New 
	           ----------      --------        ------          ------        ------
	               R(1,2)       1.58536        5.18955        0.15054       1.73589
	-------------------------------------------------------------------------------

2025-12-23:11:31:13,672 INFO     [psi4.optking.stepAlgorithms:113] 	|target step| :    0.2844740154
2025-12-23:11:31:13,672 INFO     [psi4.optking.stepAlgorithms:114] 	gradient     :   -0.6298968664
2025-12-23:11:31:13,672 INFO     [psi4.optking.stepAlgorithms:115] 	hessian      :    2.0350616855
2025-12-23:11:31:13,672 INFO     [psi4.optking.stepAlgorithms:113] 	|target step| :    0.2844740154
2025-12-23:11:31:13,672 INFO     [psi4.optking.stepAlgorithms:114] 	gradient     :   -0.6298968664
2025-12-23:11:31:13,672 INFO     [psi4.optking.stepAlgorithms:115] 	hessian      :    2.0350616855
2025-12-23:11:31:13,672 INFO     [psi4.optking.stepAlgorithms:206] 	Norm of achieved step-size    0.2844740154
2025-12-23:11:31:13,672 INFO     [psi4.optking.stepAlgorithms:208] 	Norm of achieved step-size (cart):    0.2011535054
2025-12-23:11:31:13,673 INFO     [psi4.optking.opt_helper:164] Molsys:

	                            ===> Fragment 1 <== 

	 Z (Atomic Numbers)          Masses                          Geom                  
	      14.000000            27.976927          0.00000000  0.00000000  1.90444173   
	      18.000000            39.962383          0.00000000  0.00000000 -1.37592399   

	 - Coordinate -           - BOHR/RAD -       - ANG/DEG -
	 R(1,2)           =         3.280366           1.735895

2025-12-23:11:31:13,673 INFO     [psi4.optking.convcheck:76] Performing convergence check.
2025-12-23:11:31:13,673 INFO     [psi4.optking.convcheck:282] 
	                                 ==> Convergence Check <==                                  
    
	Measures of convergence in internal coordinates in au.
    
	Criteria marked as inactive (o), active & met (*), and active & unmet ( ).

	----------------------------------------------------------------------------------------------
	   Step    Total Energy     Delta E     Max Force     RMS Force      Max Disp      RMS Disp   
	----------------------------------------------------------------------------------------------
	  Convergence Criteria     1.00e-06 *    3.00e-04 *             o    1.20e-03 *             o
	----------------------------------------------------------------------------------------------
	     6    -816.61279705   -2.00e-01      6.30e-01      6.30e-01 o    2.84e-01      2.84e-01 o  ~
	----------------------------------------------------------------------------------------------


2025-12-23:11:31:13,673 INFO     [psi4.optking.stepAlgorithms:296] 	Convergence check returned False
2025-12-23:11:31:13,683 INFO     [psi4.driver.task_planner:259] PLANNING Atomic:  keywords={'DAMPING_PERCENTAGE': 1.0, 'GEOM_MAXITER': 500, 'SCF__GUESS': 'READ', 'GUESS': 'SAP', 'MAXITER': 500, 'REFERENCE': 'UKS', 'function_kwargs': {}}
2025-12-23:11:31:13,684 INFO     [psi4.driver.driver:638] Compute gradient(): method=b3lyp, basis=cc-pvdz, molecule=default, nre=76.82070268153127
2025-12-23:11:31:14,371 INFO     [psi4.driver.driver:641] Return gradient(): -816.7484985305251
2025-12-23:11:31:14,371 INFO     [psi4.driver.driver:642] [[-0.00000000  0.00000000 -0.35257238]
 [ 0.00000000  0.00000000  0.35259487]]
2025-12-23:11:31:14,372 INFO     [psi4.optking.history:269] 	Performing BFGS update.
2025-12-23:11:31:14,372 INFO     [psi4.optking.history:280] 	Using 4 previous steps for update.
2025-12-23:11:31:14,373 WARNING  [psi4.optking.history:301] 	Change in internal coordinate of 5.28e-01 exceeds limit of 5.00e-01.
2025-12-23:11:31:14,373 WARNING  [psi4.optking.history:306] 	Skipping Hessian update for step 5.
2025-12-23:11:31:14,373 WARNING  [psi4.optking.history:301] 	Change in internal coordinate of 8.71e-01 exceeds limit of 5.00e-01.
2025-12-23:11:31:14,373 WARNING  [psi4.optking.history:306] 	Skipping Hessian update for step 4.
2025-12-23:11:31:14,373 WARNING  [psi4.optking.history:301] 	Change in internal coordinate of 9.72e-01 exceeds limit of 5.00e-01.
2025-12-23:11:31:14,373 WARNING  [psi4.optking.history:306] 	Skipping Hessian update for step 3.
2025-12-23:11:31:14,373 WARNING  [psi4.optking.history:301] 	Change in internal coordinate of 9.99e-01 exceeds limit of 5.00e-01.
2025-12-23:11:31:14,373 WARNING  [psi4.optking.history:306] 	Skipping Hessian update for step 2.
2025-12-23:11:31:14,373 WARNING  [psi4.optking.history:301] 	Change in internal coordinate of 1.01e+00 exceeds limit of 5.00e-01.
2025-12-23:11:31:14,373 WARNING  [psi4.optking.history:306] 	Skipping Hessian update for step 1.
2025-12-23:11:31:14,373 INFO     [psi4.optking.history:317] 	Steps to be used in Hessian update:  6

2025-12-23:11:31:14,373 INFO     [psi4.optking.history:418] 	Updated Hessian (in au) 
 	   1.017531

2025-12-23:11:31:14,373 INFO     [psi4.optking.molsys:944] Projected (PHP) Hessian matrix
	   1.017531

2025-12-23:11:31:14,373 INFO     [psi4.optking.opt_helper:182] 
	         Geometry (au)                                       Gradient (au)
   0.0000000000   0.0000000000   1.9295343524		  -0.0000000000   0.0000000000  -0.3525723835
   0.0000000000   0.0000000000  -1.3508313720		   0.0000000000   0.0000000000   0.3525948667

2025-12-23:11:31:14,373 INFO     [psi4.optking.stepAlgorithms:368] 	Current Step Report 
 
	Current energy:      -816.7484985305
	Energy change for the previous step:
		Actual       :        -0.1357014853
		Projected    :        -0.0895946454

2025-12-23:11:31:14,373 INFO     [psi4.optking.stepAlgorithms:371] 	Energy ratio =    1.51462
2025-12-23:11:31:14,373 INFO     [psi4.optking.stepAlgorithms:929] 	Using RFO solution 1.
2025-12-23:11:31:14,373 INFO     [psi4.optking.displace:100] 	Determining Cartesian step for fragment 1.
2025-12-23:11:31:14,374 INFO     [psi4.optking.displace:415] 	Successfully converged to displaced geometry.
2025-12-23:11:31:14,374 INFO     [psi4.optking.displace:416] 	RMS(dx):  0.000e+00 	Max(dx):  0.000e+00 	RMS(dq):  0.000e+00
2025-12-23:11:31:14,374 INFO     [psi4.optking.displace:172] 

	        --- Internal Coordinate Step in ANG or DEG, aJ/ANG or AJ/DEG ---
	-------------------------------------------------------------------------------
	           Coordinate      Previous         Force          Change          New 
	           ----------      --------        ------          ------        ------
	               R(1,2)       1.73589        2.90484        0.16544       1.90134
	-------------------------------------------------------------------------------

2025-12-23:11:31:14,374 INFO     [psi4.optking.stepAlgorithms:113] 	|target step| :    0.3126399433
2025-12-23:11:31:14,374 INFO     [psi4.optking.stepAlgorithms:114] 	gradient     :   -0.3525836251
2025-12-23:11:31:14,374 INFO     [psi4.optking.stepAlgorithms:115] 	hessian      :    1.0175308428
2025-12-23:11:31:14,374 INFO     [psi4.optking.stepAlgorithms:113] 	|target step| :    0.3126399433
2025-12-23:11:31:14,374 INFO     [psi4.optking.stepAlgorithms:114] 	gradient     :   -0.3525836251
2025-12-23:11:31:14,374 INFO     [psi4.optking.stepAlgorithms:115] 	hessian      :    1.0175308428
2025-12-23:11:31:14,374 INFO     [psi4.optking.stepAlgorithms:206] 	Norm of achieved step-size    0.3126399433
2025-12-23:11:31:14,374 INFO     [psi4.optking.stepAlgorithms:208] 	Norm of achieved step-size (cart):    0.2210698240
2025-12-23:11:31:14,374 INFO     [psi4.optking.opt_helper:164] Molsys:

	                            ===> Fragment 1 <== 

	 Z (Atomic Numbers)          Masses                          Geom                  
	      14.000000            27.976927          0.00000000  0.00000000  2.08585432   
	      18.000000            39.962383          0.00000000  0.00000000 -1.50715134   

	 - Coordinate -           - BOHR/RAD -       - ANG/DEG -
	 R(1,2)           =         3.593006           1.901337

2025-12-23:11:31:14,374 INFO     [psi4.optking.convcheck:76] Performing convergence check.
2025-12-23:11:31:14,374 INFO     [psi4.optking.convcheck:282] 
	                                 ==> Convergence Check <==                                  
    
	Measures of convergence in internal coordinates in au.
    
	Criteria marked as inactive (o), active & met (*), and active & unmet ( ).

	----------------------------------------------------------------------------------------------
	   Step    Total Energy     Delta E     Max Force     RMS Force      Max Disp      RMS Disp   
	----------------------------------------------------------------------------------------------
	  Convergence Criteria     1.00e-06 *    3.00e-04 *             o    1.20e-03 *             o
	----------------------------------------------------------------------------------------------
	     7    -816.74849853   -1.36e-01      3.53e-01      3.53e-01 o    3.13e-01      3.13e-01 o  ~
	----------------------------------------------------------------------------------------------


2025-12-23:11:31:14,374 INFO     [psi4.optking.stepAlgorithms:296] 	Convergence check returned False
2025-12-23:11:31:14,384 INFO     [psi4.driver.task_planner:259] PLANNING Atomic:  keywords={'DAMPING_PERCENTAGE': 1.0, 'GEOM_MAXITER': 500, 'SCF__GUESS': 'READ', 'GUESS': 'SAP', 'MAXITER': 500, 'REFERENCE': 'UKS', 'function_kwargs': {}}
2025-12-23:11:31:14,386 INFO     [psi4.driver.driver:638] Compute gradient(): method=b3lyp, basis=cc-pvdz, molecule=default, nre=70.13626565246678
2025-12-23:11:31:15,29 INFO     [psi4.driver.driver:641] Return gradient(): -816.8307715900726
2025-12-23:11:31:15,29 INFO     [psi4.driver.driver:642] [[ 0.00000000  0.00000000 -0.19124298]
 [ 0.00000000 -0.00000000  0.19128716]]
2025-12-23:11:31:15,31 INFO     [psi4.optking.history:269] 	Performing BFGS update.
2025-12-23:11:31:15,31 INFO     [psi4.optking.history:280] 	Using 4 previous steps for update.
2025-12-23:11:31:15,31 WARNING  [psi4.optking.history:301] 	Change in internal coordinate of 5.97e-01 exceeds limit of 5.00e-01.
2025-12-23:11:31:15,31 WARNING  [psi4.optking.history:306] 	Skipping Hessian update for step 6.
2025-12-23:11:31:15,31 WARNING  [psi4.optking.history:301] 	Change in internal coordinate of 8.40e-01 exceeds limit of 5.00e-01.
2025-12-23:11:31:15,31 WARNING  [psi4.optking.history:306] 	Skipping Hessian update for step 5.
2025-12-23:11:31:15,31 WARNING  [psi4.optking.history:301] 	Change in internal coordinate of 1.18e+00 exceeds limit of 5.00e-01.
2025-12-23:11:31:15,31 WARNING  [psi4.optking.history:306] 	Skipping Hessian update for step 4.
2025-12-23:11:31:15,31 WARNING  [psi4.optking.history:301] 	Change in internal coordinate of 1.28e+00 exceeds limit of 5.00e-01.
2025-12-23:11:31:15,31 WARNING  [psi4.optking.history:306] 	Skipping Hessian update for step 3.
2025-12-23:11:31:15,31 WARNING  [psi4.optking.history:301] 	Change in internal coordinate of 1.31e+00 exceeds limit of 5.00e-01.
2025-12-23:11:31:15,31 WARNING  [psi4.optking.history:306] 	Skipping Hessian update for step 2.
2025-12-23:11:31:15,31 WARNING  [psi4.optking.history:301] 	Change in internal coordinate of 1.33e+00 exceeds limit of 5.00e-01.
2025-12-23:11:31:15,31 WARNING  [psi4.optking.history:306] 	Skipping Hessian update for step 1.
2025-12-23:11:31:15,31 INFO     [psi4.optking.history:317] 	Steps to be used in Hessian update:  7

2025-12-23:11:31:15,32 INFO     [psi4.optking.history:418] 	Updated Hessian (in au) 
 	   0.515988

2025-12-23:11:31:15,32 INFO     [psi4.optking.molsys:944] Projected (PHP) Hessian matrix
	   0.515988

2025-12-23:11:31:15,32 INFO     [psi4.optking.opt_helper:182] 
	         Geometry (au)                                       Gradient (au)
   0.0000000000   0.0000000000   2.1134313813		   0.0000000000   0.0000000000  -0.1912429838
   0.0000000000   0.0000000000  -1.4795742864		   0.0000000000  -0.0000000000   0.1912871646

2025-12-23:11:31:15,32 INFO     [psi4.optking.stepAlgorithms:368] 	Current Step Report 
 
	Current energy:      -816.8307715901
	Energy change for the previous step:
		Actual       :        -0.0822730595
		Projected    :        -0.0551158623

2025-12-23:11:31:15,32 INFO     [psi4.optking.stepAlgorithms:371] 	Energy ratio =    1.49273
2025-12-23:11:31:15,32 INFO     [psi4.optking.stepAlgorithms:929] 	Using RFO solution 1.
2025-12-23:11:31:15,32 INFO     [psi4.optking.displace:100] 	Determining Cartesian step for fragment 1.
2025-12-23:11:31:15,32 INFO     [psi4.optking.displace:415] 	Successfully converged to displaced geometry.
2025-12-23:11:31:15,32 INFO     [psi4.optking.displace:416] 	RMS(dx):  0.000e+00 	Max(dx):  0.000e+00 	RMS(dq):  0.000e+00
2025-12-23:11:31:15,32 INFO     [psi4.optking.displace:172] 

	        --- Internal Coordinate Step in ANG or DEG, aJ/ANG or AJ/DEG ---
	-------------------------------------------------------------------------------
	           Coordinate      Previous         Force          Change          New 
	           ----------      --------        ------          ------        ------
	               R(1,2)       1.90134        1.57578        0.17476       2.07610
	-------------------------------------------------------------------------------

2025-12-23:11:31:15,32 INFO     [psi4.optking.stepAlgorithms:113] 	|target step| :    0.3302493818
2025-12-23:11:31:15,32 INFO     [psi4.optking.stepAlgorithms:114] 	gradient     :   -0.1912650742
2025-12-23:11:31:15,32 INFO     [psi4.optking.stepAlgorithms:115] 	hessian      :    0.5159882937
2025-12-23:11:31:15,32 INFO     [psi4.optking.stepAlgorithms:113] 	|target step| :    0.3302493818
2025-12-23:11:31:15,32 INFO     [psi4.optking.stepAlgorithms:114] 	gradient     :   -0.1912650742
2025-12-23:11:31:15,32 INFO     [psi4.optking.stepAlgorithms:115] 	hessian      :    0.5159882937
2025-12-23:11:31:15,32 INFO     [psi4.optking.stepAlgorithms:206] 	Norm of achieved step-size    0.3302493818
2025-12-23:11:31:15,32 INFO     [psi4.optking.stepAlgorithms:208] 	Norm of achieved step-size (cart):    0.2335215774
2025-12-23:11:31:15,32 INFO     [psi4.optking.opt_helper:164] Molsys:

	                            ===> Fragment 1 <== 

	 Z (Atomic Numbers)          Masses                          Geom                  
	      14.000000            27.976927          0.00000000  0.00000000  2.27855607   
	      18.000000            39.962383          0.00000000  0.00000000 -1.64469898   

	 - Coordinate -           - BOHR/RAD -       - ANG/DEG -
	 R(1,2)           =         3.923255           2.076097

2025-12-23:11:31:15,33 INFO     [psi4.optking.convcheck:76] Performing convergence check.
2025-12-23:11:31:15,33 INFO     [psi4.optking.convcheck:282] 
	                                 ==> Convergence Check <==                                  
    
	Measures of convergence in internal coordinates in au.
    
	Criteria marked as inactive (o), active & met (*), and active & unmet ( ).

	----------------------------------------------------------------------------------------------
	   Step    Total Energy     Delta E     Max Force     RMS Force      Max Disp      RMS Disp   
	----------------------------------------------------------------------------------------------
	  Convergence Criteria     1.00e-06 *    3.00e-04 *             o    1.20e-03 *             o
	----------------------------------------------------------------------------------------------
	     8    -816.83077159   -8.23e-02      1.91e-01      1.91e-01 o    3.30e-01      3.30e-01 o  ~
	----------------------------------------------------------------------------------------------


2025-12-23:11:31:15,33 INFO     [psi4.optking.stepAlgorithms:296] 	Convergence check returned False
2025-12-23:11:31:15,43 INFO     [psi4.driver.task_planner:259] PLANNING Atomic:  keywords={'DAMPING_PERCENTAGE': 1.0, 'GEOM_MAXITER': 500, 'SCF__GUESS': 'READ', 'GUESS': 'SAP', 'MAXITER': 500, 'REFERENCE': 'UKS', 'function_kwargs': {}}
2025-12-23:11:31:15,44 INFO     [psi4.driver.driver:638] Compute gradient(): method=b3lyp, basis=cc-pvdz, molecule=default, nre=64.2323776607593
2025-12-23:11:31:15,651 INFO     [psi4.driver.driver:641] Return gradient(): -816.877753435753
2025-12-23:11:31:15,651 INFO     [psi4.driver.driver:642] [[ 0.00000000 -0.00000000 -0.10285393]
 [ 0.00000000 -0.00000000  0.10288702]]
2025-12-23:11:31:15,653 INFO     [psi4.optking.history:269] 	Performing BFGS update.
2025-12-23:11:31:15,653 INFO     [psi4.optking.history:280] 	Using 4 previous steps for update.
2025-12-23:11:31:15,653 WARNING  [psi4.optking.history:301] 	Change in internal coordinate of 6.43e-01 exceeds limit of 5.00e-01.
2025-12-23:11:31:15,653 WARNING  [psi4.optking.history:306] 	Skipping Hessian update for step 7.
2025-12-23:11:31:15,653 WARNING  [psi4.optking.history:301] 	Change in internal coordinate of 9.27e-01 exceeds limit of 5.00e-01.
2025-12-23:11:31:15,653 WARNING  [psi4.optking.history:306] 	Skipping Hessian update for step 6.
2025-12-23:11:31:15,653 WARNING  [psi4.optking.history:301] 	Change in internal coordinate of 1.17e+00 exceeds limit of 5.00e-01.
2025-12-23:11:31:15,653 WARNING  [psi4.optking.history:306] 	Skipping Hessian update for step 5.
2025-12-23:11:31:15,653 WARNING  [psi4.optking.history:301] 	Change in internal coordinate of 1.51e+00 exceeds limit of 5.00e-01.
2025-12-23:11:31:15,653 WARNING  [psi4.optking.history:306] 	Skipping Hessian update for step 4.
2025-12-23:11:31:15,653 WARNING  [psi4.optking.history:301] 	Change in internal coordinate of 1.61e+00 exceeds limit of 5.00e-01.
2025-12-23:11:31:15,653 WARNING  [psi4.optking.history:306] 	Skipping Hessian update for step 3.
2025-12-23:11:31:15,653 WARNING  [psi4.optking.history:301] 	Change in internal coordinate of 1.64e+00 exceeds limit of 5.00e-01.
2025-12-23:11:31:15,653 WARNING  [psi4.optking.history:306] 	Skipping Hessian update for step 2.
2025-12-23:11:31:15,653 WARNING  [psi4.optking.history:301] 	Change in internal coordinate of 1.66e+00 exceeds limit of 5.00e-01.
2025-12-23:11:31:15,653 WARNING  [psi4.optking.history:306] 	Skipping Hessian update for step 1.
2025-12-23:11:31:15,653 INFO     [psi4.optking.history:317] 	Steps to be used in Hessian update:  8

2025-12-23:11:31:15,653 INFO     [psi4.optking.history:418] 	Updated Hessian (in au) 
 	   0.267660

2025-12-23:11:31:15,653 INFO     [psi4.optking.molsys:944] Projected (PHP) Hessian matrix
	   0.267660

2025-12-23:11:31:15,653 INFO     [psi4.optking.opt_helper:182] 
	         Geometry (au)                                       Gradient (au)
   0.0000000000   0.0000000000   2.3076864067		   0.0000000000  -0.0000000000  -0.1028539324
   0.0000000000   0.0000000000  -1.6155686428		   0.0000000000  -0.0000000000   0.1028870184

2025-12-23:11:31:15,653 INFO     [psi4.optking.stepAlgorithms:368] 	Current Step Report 
 
	Current energy:      -816.8777534358
	Energy change for the previous step:
		Actual       :        -0.0469818457
		Projected    :        -0.0315825863

2025-12-23:11:31:15,653 INFO     [psi4.optking.stepAlgorithms:371] 	Energy ratio =    1.48759
2025-12-23:11:31:15,653 INFO     [psi4.optking.stepAlgorithms:929] 	Using RFO solution 1.
2025-12-23:11:31:15,654 INFO     [psi4.optking.displace:100] 	Determining Cartesian step for fragment 1.
2025-12-23:11:31:15,654 INFO     [psi4.optking.displace:415] 	Successfully converged to displaced geometry.
2025-12-23:11:31:15,654 INFO     [psi4.optking.displace:416] 	RMS(dx):  0.000e+00 	Max(dx):  0.000e+00 	RMS(dq):  0.000e+00
2025-12-23:11:31:15,654 INFO     [psi4.optking.displace:172] 

	        --- Internal Coordinate Step in ANG or DEG, aJ/ANG or AJ/DEG ---
	-------------------------------------------------------------------------------
	           Coordinate      Previous         Force          Change          New 
	           ----------      --------        ------          ------        ------
	               R(1,2)       2.07610        0.84752        0.17988       2.25598
	-------------------------------------------------------------------------------

2025-12-23:11:31:15,654 INFO     [psi4.optking.stepAlgorithms:113] 	|target step| :    0.3399235724
2025-12-23:11:31:15,654 INFO     [psi4.optking.stepAlgorithms:114] 	gradient     :   -0.1028704754
2025-12-23:11:31:15,654 INFO     [psi4.optking.stepAlgorithms:115] 	hessian      :    0.2676601492
2025-12-23:11:31:15,654 INFO     [psi4.optking.stepAlgorithms:113] 	|target step| :    0.3399235724
2025-12-23:11:31:15,654 INFO     [psi4.optking.stepAlgorithms:114] 	gradient     :   -0.1028704754
2025-12-23:11:31:15,654 INFO     [psi4.optking.stepAlgorithms:115] 	hessian      :    0.2676601492
2025-12-23:11:31:15,654 INFO     [psi4.optking.stepAlgorithms:206] 	Norm of achieved step-size    0.3399235724
2025-12-23:11:31:15,654 INFO     [psi4.optking.stepAlgorithms:208] 	Norm of achieved step-size (cart):    0.2403622631
2025-12-23:11:31:15,654 INFO     [psi4.optking.opt_helper:164] Molsys:

	                            ===> Fragment 1 <== 

	 Z (Atomic Numbers)          Masses                          Geom                  
	      14.000000            27.976927          0.00000000  0.00000000  2.47764819   
	      18.000000            39.962383          0.00000000  0.00000000 -1.78553043   

	 - Coordinate -           - BOHR/RAD -       - ANG/DEG -
	 R(1,2)           =         4.263179           2.255977

2025-12-23:11:31:15,654 INFO     [psi4.optking.convcheck:76] Performing convergence check.
2025-12-23:11:31:15,654 INFO     [psi4.optking.convcheck:282] 
	                                 ==> Convergence Check <==                                  
    
	Measures of convergence in internal coordinates in au.
    
	Criteria marked as inactive (o), active & met (*), and active & unmet ( ).

	----------------------------------------------------------------------------------------------
	   Step    Total Energy     Delta E     Max Force     RMS Force      Max Disp      RMS Disp   
	----------------------------------------------------------------------------------------------
	  Convergence Criteria     1.00e-06 *    3.00e-04 *             o    1.20e-03 *             o
	----------------------------------------------------------------------------------------------
	     9    -816.87775344   -4.70e-02      1.03e-01      1.03e-01 o    3.40e-01      3.40e-01 o  ~
	----------------------------------------------------------------------------------------------


2025-12-23:11:31:15,654 INFO     [psi4.optking.stepAlgorithms:296] 	Convergence check returned False
2025-12-23:11:31:15,665 INFO     [psi4.driver.task_planner:259] PLANNING Atomic:  keywords={'DAMPING_PERCENTAGE': 1.0, 'GEOM_MAXITER': 500, 'SCF__GUESS': 'READ', 'GUESS': 'SAP', 'MAXITER': 500, 'REFERENCE': 'UKS', 'function_kwargs': {}}
2025-12-23:11:31:15,666 INFO     [psi4.driver.driver:638] Compute gradient(): method=b3lyp, basis=cc-pvdz, molecule=default, nre=59.11082371858417
2025-12-23:11:31:16,336 INFO     [psi4.driver.driver:641] Return gradient(): -816.903753224165
2025-12-23:11:31:16,336 INFO     [psi4.driver.driver:642] [[-0.00000000  0.00000000 -0.05512058]
 [ 0.00000000 -0.00000000  0.05514585]]
2025-12-23:11:31:16,338 INFO     [psi4.optking.history:269] 	Performing BFGS update.
2025-12-23:11:31:16,338 INFO     [psi4.optking.history:280] 	Using 4 previous steps for update.
2025-12-23:11:31:16,338 WARNING  [psi4.optking.history:301] 	Change in internal coordinate of 6.70e-01 exceeds limit of 5.00e-01.
2025-12-23:11:31:16,338 WARNING  [psi4.optking.history:306] 	Skipping Hessian update for step 8.
2025-12-23:11:31:16,338 WARNING  [psi4.optking.history:301] 	Change in internal coordinate of 9.83e-01 exceeds limit of 5.00e-01.
2025-12-23:11:31:16,338 WARNING  [psi4.optking.history:306] 	Skipping Hessian update for step 7.
2025-12-23:11:31:16,338 WARNING  [psi4.optking.history:301] 	Change in internal coordinate of 1.27e+00 exceeds limit of 5.00e-01.
2025-12-23:11:31:16,338 WARNING  [psi4.optking.history:306] 	Skipping Hessian update for step 6.
2025-12-23:11:31:16,338 WARNING  [psi4.optking.history:301] 	Change in internal coordinate of 1.51e+00 exceeds limit of 5.00e-01.
2025-12-23:11:31:16,338 WARNING  [psi4.optking.history:306] 	Skipping Hessian update for step 5.
2025-12-23:11:31:16,338 WARNING  [psi4.optking.history:301] 	Change in internal coordinate of 1.85e+00 exceeds limit of 5.00e-01.
2025-12-23:11:31:16,338 WARNING  [psi4.optking.history:306] 	Skipping Hessian update for step 4.
2025-12-23:11:31:16,338 WARNING  [psi4.optking.history:301] 	Change in internal coordinate of 1.95e+00 exceeds limit of 5.00e-01.
2025-12-23:11:31:16,339 WARNING  [psi4.optking.history:306] 	Skipping Hessian update for step 3.
2025-12-23:11:31:16,339 WARNING  [psi4.optking.history:301] 	Change in internal coordinate of 1.98e+00 exceeds limit of 5.00e-01.
2025-12-23:11:31:16,339 WARNING  [psi4.optking.history:306] 	Skipping Hessian update for step 2.
2025-12-23:11:31:16,339 WARNING  [psi4.optking.history:301] 	Change in internal coordinate of 2.00e+00 exceeds limit of 5.00e-01.
2025-12-23:11:31:16,339 WARNING  [psi4.optking.history:306] 	Skipping Hessian update for step 1.
2025-12-23:11:31:16,339 INFO     [psi4.optking.history:317] 	Steps to be used in Hessian update:  9

2025-12-23:11:31:16,339 INFO     [psi4.optking.history:418] 	Updated Hessian (in au) 
 	   0.140435

2025-12-23:11:31:16,339 INFO     [psi4.optking.molsys:944] Projected (PHP) Hessian matrix
	   0.140435

2025-12-23:11:31:16,339 INFO     [psi4.optking.opt_helper:182] 
	         Geometry (au)                                       Gradient (au)
   0.0000000000   0.0000000000   2.5076318595		  -0.0000000000   0.0000000000  -0.0551205814
   0.0000000000   0.0000000000  -1.7555467624		   0.0000000000  -0.0000000000   0.0551458546

2025-12-23:11:31:16,339 INFO     [psi4.optking.stepAlgorithms:368] 	Current Step Report 
 
	Current energy:      -816.9037532242
	Energy change for the previous step:
		Actual       :        -0.0259997884
		Projected    :        -0.0174840497

2025-12-23:11:31:16,339 INFO     [psi4.optking.stepAlgorithms:371] 	Energy ratio =    1.48706
2025-12-23:11:31:16,339 INFO     [psi4.optking.stepAlgorithms:929] 	Using RFO solution 1.
2025-12-23:11:31:16,339 INFO     [psi4.optking.displace:100] 	Determining Cartesian step for fragment 1.
2025-12-23:11:31:16,339 INFO     [psi4.optking.displace:415] 	Successfully converged to displaced geometry.
2025-12-23:11:31:16,339 INFO     [psi4.optking.displace:416] 	RMS(dx):  0.000e+00 	Max(dx):  0.000e+00 	RMS(dq):  0.000e+00
2025-12-23:11:31:16,339 INFO     [psi4.optking.displace:172] 

	        --- Internal Coordinate Step in ANG or DEG, aJ/ANG or AJ/DEG ---
	-------------------------------------------------------------------------------
	           Coordinate      Previous         Force          Change          New 
	           ----------      --------        ------          ------        ------
	               R(1,2)       2.25598        0.45423        0.18292       2.43890
	-------------------------------------------------------------------------------

2025-12-23:11:31:16,339 INFO     [psi4.optking.stepAlgorithms:113] 	|target step| :    0.3456768070
2025-12-23:11:31:16,340 INFO     [psi4.optking.stepAlgorithms:114] 	gradient     :   -0.0551332180
2025-12-23:11:31:16,340 INFO     [psi4.optking.stepAlgorithms:115] 	hessian      :    0.1404352663
2025-12-23:11:31:16,340 INFO     [psi4.optking.stepAlgorithms:113] 	|target step| :    0.3456768070
2025-12-23:11:31:16,340 INFO     [psi4.optking.stepAlgorithms:114] 	gradient     :   -0.0551332180
2025-12-23:11:31:16,340 INFO     [psi4.optking.stepAlgorithms:115] 	hessian      :    0.1404352663
2025-12-23:11:31:16,340 INFO     [psi4.optking.stepAlgorithms:206] 	Norm of achieved step-size    0.3456768070
2025-12-23:11:31:16,340 INFO     [psi4.optking.stepAlgorithms:208] 	Norm of achieved step-size (cart):    0.2444304144
2025-12-23:11:31:16,340 INFO     [psi4.optking.opt_helper:164] Molsys:

	                            ===> Fragment 1 <== 

	 Z (Atomic Numbers)          Masses                          Geom                  
	      14.000000            27.976927          0.00000000  0.00000000  2.68047026   
	      18.000000            39.962383          0.00000000  0.00000000 -1.92838517   

	 - Coordinate -           - BOHR/RAD -       - ANG/DEG -
	 R(1,2)           =         4.608855           2.438901

2025-12-23:11:31:16,340 INFO     [psi4.optking.convcheck:76] Performing convergence check.
2025-12-23:11:31:16,340 INFO     [psi4.optking.convcheck:282] 
	                                 ==> Convergence Check <==                                  
    
	Measures of convergence in internal coordinates in au.
    
	Criteria marked as inactive (o), active & met (*), and active & unmet ( ).

	----------------------------------------------------------------------------------------------
	   Step    Total Energy     Delta E     Max Force     RMS Force      Max Disp      RMS Disp   
	----------------------------------------------------------------------------------------------
	  Convergence Criteria     1.00e-06 *    3.00e-04 *             o    1.20e-03 *             o
	----------------------------------------------------------------------------------------------
	    10    -816.90375322   -2.60e-02      5.51e-02      5.51e-02 o    3.46e-01      3.46e-01 o  ~
	----------------------------------------------------------------------------------------------


2025-12-23:11:31:16,340 INFO     [psi4.optking.stepAlgorithms:296] 	Convergence check returned False
2025-12-23:11:31:16,350 INFO     [psi4.driver.task_planner:259] PLANNING Atomic:  keywords={'DAMPING_PERCENTAGE': 1.0, 'GEOM_MAXITER': 500, 'SCF__GUESS': 'READ', 'GUESS': 'SAP', 'MAXITER': 500, 'REFERENCE': 'UKS', 'function_kwargs': {}}
2025-12-23:11:31:16,352 INFO     [psi4.driver.driver:638] Compute gradient(): method=b3lyp, basis=cc-pvdz, molecule=default, nre=54.6773496989849
2025-12-23:11:31:16,944 INFO     [psi4.driver.driver:641] Return gradient(): -816.9178527646319
2025-12-23:11:31:16,944 INFO     [psi4.driver.driver:642] [[-0.00000000  0.00000000 -0.02912480]
 [ 0.00000000 -0.00000000  0.02914357]]
2025-12-23:11:31:16,946 INFO     [psi4.optking.history:269] 	Performing BFGS update.
2025-12-23:11:31:16,946 INFO     [psi4.optking.history:280] 	Using 4 previous steps for update.
2025-12-23:11:31:16,946 WARNING  [psi4.optking.history:301] 	Change in internal coordinate of 6.86e-01 exceeds limit of 5.00e-01.
2025-12-23:11:31:16,946 WARNING  [psi4.optking.history:306] 	Skipping Hessian update for step 9.
2025-12-23:11:31:16,946 WARNING  [psi4.optking.history:301] 	Change in internal coordinate of 1.02e+00 exceeds limit of 5.00e-01.
2025-12-23:11:31:16,946 WARNING  [psi4.optking.history:306] 	Skipping Hessian update for step 8.
2025-12-23:11:31:16,946 WARNING  [psi4.optking.history:301] 	Change in internal coordinate of 1.33e+00 exceeds limit of 5.00e-01.
2025-12-23:11:31:16,946 WARNING  [psi4.optking.history:306] 	Skipping Hessian update for step 7.
2025-12-23:11:31:16,946 WARNING  [psi4.optking.history:301] 	Change in internal coordinate of 1.61e+00 exceeds limit of 5.00e-01.
2025-12-23:11:31:16,946 WARNING  [psi4.optking.history:306] 	Skipping Hessian update for step 6.
2025-12-23:11:31:16,946 WARNING  [psi4.optking.history:301] 	Change in internal coordinate of 1.86e+00 exceeds limit of 5.00e-01.
2025-12-23:11:31:16,946 WARNING  [psi4.optking.history:306] 	Skipping Hessian update for step 5.
2025-12-23:11:31:16,946 WARNING  [psi4.optking.history:301] 	Change in internal coordinate of 2.20e+00 exceeds limit of 5.00e-01.
2025-12-23:11:31:16,946 WARNING  [psi4.optking.history:306] 	Skipping Hessian update for step 4.
2025-12-23:11:31:16,946 WARNING  [psi4.optking.history:301] 	Change in internal coordinate of 2.30e+00 exceeds limit of 5.00e-01.
2025-12-23:11:31:16,946 WARNING  [psi4.optking.history:306] 	Skipping Hessian update for step 3.
2025-12-23:11:31:16,946 WARNING  [psi4.optking.history:301] 	Change in internal coordinate of 2.33e+00 exceeds limit of 5.00e-01.
2025-12-23:11:31:16,946 WARNING  [psi4.optking.history:306] 	Skipping Hessian update for step 2.
2025-12-23:11:31:16,947 WARNING  [psi4.optking.history:301] 	Change in internal coordinate of 2.34e+00 exceeds limit of 5.00e-01.
2025-12-23:11:31:16,947 WARNING  [psi4.optking.history:306] 	Skipping Hessian update for step 1.
2025-12-23:11:31:16,947 INFO     [psi4.optking.history:317] 	Steps to be used in Hessian update:  10

2025-12-23:11:31:16,947 INFO     [psi4.optking.history:418] 	Updated Hessian (in au) 
 	   0.075212

2025-12-23:11:31:16,947 INFO     [psi4.optking.molsys:944] Projected (PHP) Hessian matrix
	   0.075212

2025-12-23:11:31:16,947 INFO     [psi4.optking.opt_helper:182] 
	         Geometry (au)                                       Gradient (au)
   0.0000000000   0.0000000000   2.7109614057		  -0.0000000000   0.0000000000  -0.0291248033
   0.0000000000   0.0000000000  -1.8978940232		   0.0000000000  -0.0000000000   0.0291435707

2025-12-23:11:31:16,947 INFO     [psi4.optking.stepAlgorithms:368] 	Current Step Report 
 
	Current energy:      -816.9178527646
	Energy change for the previous step:
		Actual       :        -0.0140995405
		Projected    :        -0.0095291374

2025-12-23:11:31:16,947 INFO     [psi4.optking.stepAlgorithms:371] 	Energy ratio =    1.47962
2025-12-23:11:31:16,947 INFO     [psi4.optking.stepAlgorithms:929] 	Using RFO solution 1.
2025-12-23:11:31:16,947 INFO     [psi4.optking.displace:100] 	Determining Cartesian step for fragment 1.
2025-12-23:11:31:16,947 INFO     [psi4.optking.displace:415] 	Successfully converged to displaced geometry.
2025-12-23:11:31:16,947 INFO     [psi4.optking.displace:416] 	RMS(dx):  0.000e+00 	Max(dx):  0.000e+00 	RMS(dq):  0.000e+00
2025-12-23:11:31:16,947 INFO     [psi4.optking.displace:172] 

	        --- Internal Coordinate Step in ANG or DEG, aJ/ANG or AJ/DEG ---
	-------------------------------------------------------------------------------
	           Coordinate      Previous         Force          Change          New 
	           ----------      --------        ------          ------        ------
	               R(1,2)       2.43890        0.24003        0.18100       2.61990
	-------------------------------------------------------------------------------

2025-12-23:11:31:16,947 INFO     [psi4.optking.stepAlgorithms:113] 	|target step| :    0.3420425147
2025-12-23:11:31:16,947 INFO     [psi4.optking.stepAlgorithms:114] 	gradient     :   -0.0291341870
2025-12-23:11:31:16,947 INFO     [psi4.optking.stepAlgorithms:115] 	hessian      :    0.0752119623
2025-12-23:11:31:16,947 INFO     [psi4.optking.stepAlgorithms:113] 	|target step| :    0.3420425147
2025-12-23:11:31:16,947 INFO     [psi4.optking.stepAlgorithms:114] 	gradient     :   -0.0291341870
2025-12-23:11:31:16,947 INFO     [psi4.optking.stepAlgorithms:115] 	hessian      :    0.0752119623
2025-12-23:11:31:16,947 INFO     [psi4.optking.stepAlgorithms:206] 	Norm of achieved step-size    0.3420425147
2025-12-23:11:31:16,947 INFO     [psi4.optking.stepAlgorithms:208] 	Norm of achieved step-size (cart):    0.2418605816
2025-12-23:11:31:16,948 INFO     [psi4.optking.opt_helper:164] Molsys:

	                            ===> Fragment 1 <== 

	 Z (Atomic Numbers)          Masses                          Geom                  
	      14.000000            27.976927          0.00000000  0.00000000  2.88198266   
	      18.000000            39.962383          0.00000000  0.00000000 -2.06891528   

	 - Coordinate -           - BOHR/RAD -       - ANG/DEG -
	 R(1,2)           =         4.950898           2.619902

2025-12-23:11:31:16,948 INFO     [psi4.optking.convcheck:76] Performing convergence check.
2025-12-23:11:31:16,948 INFO     [psi4.optking.convcheck:282] 
	                                 ==> Convergence Check <==                                  
    
	Measures of convergence in internal coordinates in au.
    
	Criteria marked as inactive (o), active & met (*), and active & unmet ( ).

	----------------------------------------------------------------------------------------------
	   Step    Total Energy     Delta E     Max Force     RMS Force      Max Disp      RMS Disp   
	----------------------------------------------------------------------------------------------
	  Convergence Criteria     1.00e-06 *    3.00e-04 *             o    1.20e-03 *             o
	----------------------------------------------------------------------------------------------
	    11    -816.91785276   -1.41e-02      2.91e-02      2.91e-02 o    3.42e-01      3.42e-01 o  ~
	----------------------------------------------------------------------------------------------


2025-12-23:11:31:16,948 INFO     [psi4.optking.stepAlgorithms:296] 	Convergence check returned False
2025-12-23:11:31:16,959 INFO     [psi4.driver.task_planner:259] PLANNING Atomic:  keywords={'DAMPING_PERCENTAGE': 1.0, 'GEOM_MAXITER': 500, 'SCF__GUESS': 'READ', 'GUESS': 'SAP', 'MAXITER': 500, 'REFERENCE': 'UKS', 'function_kwargs': {}}
2025-12-23:11:31:16,960 INFO     [psi4.driver.driver:638] Compute gradient(): method=b3lyp, basis=cc-pvdz, molecule=default, nre=50.89985753499271
2025-12-23:11:31:17,535 INFO     [psi4.driver.driver:641] Return gradient(): -816.9251819305517
2025-12-23:11:31:17,535 INFO     [psi4.driver.driver:642] [[-0.00000000  0.00000000 -0.01515099]
 [ 0.00000000  0.00000000  0.01517310]]
2025-12-23:11:31:17,537 INFO     [psi4.optking.history:269] 	Performing BFGS update.
2025-12-23:11:31:17,537 INFO     [psi4.optking.history:280] 	Using 4 previous steps for update.
2025-12-23:11:31:17,537 WARNING  [psi4.optking.history:301] 	Change in internal coordinate of 6.88e-01 exceeds limit of 5.00e-01.
2025-12-23:11:31:17,537 WARNING  [psi4.optking.history:306] 	Skipping Hessian update for step 10.
2025-12-23:11:31:17,537 WARNING  [psi4.optking.history:301] 	Change in internal coordinate of 1.03e+00 exceeds limit of 5.00e-01.
2025-12-23:11:31:17,537 WARNING  [psi4.optking.history:306] 	Skipping Hessian update for step 9.
2025-12-23:11:31:17,537 WARNING  [psi4.optking.history:301] 	Change in internal coordinate of 1.36e+00 exceeds limit of 5.00e-01.
2025-12-23:11:31:17,537 WARNING  [psi4.optking.history:306] 	Skipping Hessian update for step 8.
2025-12-23:11:31:17,537 WARNING  [psi4.optking.history:301] 	Change in internal coordinate of 1.67e+00 exceeds limit of 5.00e-01.
2025-12-23:11:31:17,537 WARNING  [psi4.optking.history:306] 	Skipping Hessian update for step 7.
2025-12-23:11:31:17,537 WARNING  [psi4.optking.history:301] 	Change in internal coordinate of 1.96e+00 exceeds limit of 5.00e-01.
2025-12-23:11:31:17,537 WARNING  [psi4.optking.history:306] 	Skipping Hessian update for step 6.
2025-12-23:11:31:17,537 WARNING  [psi4.optking.history:301] 	Change in internal coordinate of 2.20e+00 exceeds limit of 5.00e-01.
2025-12-23:11:31:17,537 WARNING  [psi4.optking.history:306] 	Skipping Hessian update for step 5.
2025-12-23:11:31:17,537 WARNING  [psi4.optking.history:301] 	Change in internal coordinate of 2.54e+00 exceeds limit of 5.00e-01.
2025-12-23:11:31:17,537 WARNING  [psi4.optking.history:306] 	Skipping Hessian update for step 4.
2025-12-23:11:31:17,537 WARNING  [psi4.optking.history:301] 	Change in internal coordinate of 2.64e+00 exceeds limit of 5.00e-01.
2025-12-23:11:31:17,537 WARNING  [psi4.optking.history:306] 	Skipping Hessian update for step 3.
2025-12-23:11:31:17,537 WARNING  [psi4.optking.history:301] 	Change in internal coordinate of 2.67e+00 exceeds limit of 5.00e-01.
2025-12-23:11:31:17,537 WARNING  [psi4.optking.history:306] 	Skipping Hessian update for step 2.
2025-12-23:11:31:17,537 WARNING  [psi4.optking.history:301] 	Change in internal coordinate of 2.68e+00 exceeds limit of 5.00e-01.
2025-12-23:11:31:17,537 WARNING  [psi4.optking.history:306] 	Skipping Hessian update for step 1.
2025-12-23:11:31:17,537 INFO     [psi4.optking.history:317] 	Steps to be used in Hessian update:  11

2025-12-23:11:31:17,537 INFO     [psi4.optking.history:418] 	Updated Hessian (in au) 
 	   0.040849

2025-12-23:11:31:17,538 INFO     [psi4.optking.molsys:944] Projected (PHP) Hessian matrix
	   0.040849

2025-12-23:11:31:17,538 INFO     [psi4.optking.opt_helper:182] 
	         Geometry (au)                                       Gradient (au)
   0.0000000000   0.0000000000   2.9121532353		  -0.0000000000   0.0000000000  -0.0151509865
   0.0000000000   0.0000000000  -2.0387447083		   0.0000000000   0.0000000000   0.0151731043

2025-12-23:11:31:17,538 INFO     [psi4.optking.stepAlgorithms:368] 	Current Step Report 
 
	Current energy:      -816.9251819306
	Energy change for the previous step:
		Actual       :        -0.0073291659
		Projected    :        -0.0049825653

2025-12-23:11:31:17,538 INFO     [psi4.optking.stepAlgorithms:371] 	Energy ratio =    1.47096
2025-12-23:11:31:17,538 INFO     [psi4.optking.stepAlgorithms:929] 	Using RFO solution 1.
2025-12-23:11:31:17,538 INFO     [psi4.optking.displace:100] 	Determining Cartesian step for fragment 1.
2025-12-23:11:31:17,538 INFO     [psi4.optking.displace:415] 	Successfully converged to displaced geometry.
2025-12-23:11:31:17,538 INFO     [psi4.optking.displace:416] 	RMS(dx):  0.000e+00 	Max(dx):  0.000e+00 	RMS(dq):  0.000e+00
2025-12-23:11:31:17,538 INFO     [psi4.optking.displace:172] 

	        --- Internal Coordinate Step in ANG or DEG, aJ/ANG or AJ/DEG ---
	-------------------------------------------------------------------------------
	           Coordinate      Previous         Force          Change          New 
	           ----------      --------        ------          ------        ------
	               R(1,2)       2.61990        0.12492        0.17495       2.79485
	-------------------------------------------------------------------------------

2025-12-23:11:31:17,538 INFO     [psi4.optking.stepAlgorithms:113] 	|target step| :    0.3306032271
2025-12-23:11:31:17,538 INFO     [psi4.optking.stepAlgorithms:114] 	gradient     :   -0.0151620454
2025-12-23:11:31:17,538 INFO     [psi4.optking.stepAlgorithms:115] 	hessian      :    0.0408491374
2025-12-23:11:31:17,538 INFO     [psi4.optking.stepAlgorithms:113] 	|target step| :    0.3306032271
2025-12-23:11:31:17,538 INFO     [psi4.optking.stepAlgorithms:114] 	gradient     :   -0.0151620454
2025-12-23:11:31:17,538 INFO     [psi4.optking.stepAlgorithms:115] 	hessian      :    0.0408491374
2025-12-23:11:31:17,538 INFO     [psi4.optking.stepAlgorithms:206] 	Norm of achieved step-size    0.3306032271
2025-12-23:11:31:17,538 INFO     [psi4.optking.stepAlgorithms:208] 	Norm of achieved step-size (cart):    0.2337717838
2025-12-23:11:31:17,538 INFO     [psi4.optking.opt_helper:164] Molsys:

	                            ===> Fragment 1 <== 

	 Z (Atomic Numbers)          Masses                          Geom                  
	      14.000000            27.976927          0.00000000  0.00000000  3.07745485   
	      18.000000            39.962383          0.00000000  0.00000000 -2.20404632   

	 - Coordinate -           - BOHR/RAD -       - ANG/DEG -
	 R(1,2)           =         5.281501           2.794850

2025-12-23:11:31:17,539 INFO     [psi4.optking.convcheck:76] Performing convergence check.
2025-12-23:11:31:17,539 INFO     [psi4.optking.convcheck:282] 
	                                 ==> Convergence Check <==                                  
    
	Measures of convergence in internal coordinates in au.
    
	Criteria marked as inactive (o), active & met (*), and active & unmet ( ).

	----------------------------------------------------------------------------------------------
	   Step    Total Energy     Delta E     Max Force     RMS Force      Max Disp      RMS Disp   
	----------------------------------------------------------------------------------------------
	  Convergence Criteria     1.00e-06 *    3.00e-04 *             o    1.20e-03 *             o
	----------------------------------------------------------------------------------------------
	    12    -816.92518193   -7.33e-03      1.52e-02      1.52e-02 o    3.31e-01      3.31e-01 o  ~
	----------------------------------------------------------------------------------------------


2025-12-23:11:31:17,539 INFO     [psi4.optking.stepAlgorithms:296] 	Convergence check returned False
2025-12-23:11:31:17,549 INFO     [psi4.driver.task_planner:259] PLANNING Atomic:  keywords={'DAMPING_PERCENTAGE': 1.0, 'GEOM_MAXITER': 500, 'SCF__GUESS': 'READ', 'GUESS': 'SAP', 'MAXITER': 500, 'REFERENCE': 'UKS', 'function_kwargs': {}}
2025-12-23:11:31:17,550 INFO     [psi4.driver.driver:638] Compute gradient(): method=b3lyp, basis=cc-pvdz, molecule=default, nre=47.71370711726203
2025-12-23:11:31:18,143 INFO     [psi4.driver.driver:641] Return gradient(): -816.9288394828436
2025-12-23:11:31:18,144 INFO     [psi4.driver.driver:642] [[ 0.00000000  0.00000000 -0.00772194]
 [ 0.00000000  0.00000000  0.00774282]]
2025-12-23:11:31:18,145 INFO     [psi4.optking.history:269] 	Performing BFGS update.
2025-12-23:11:31:18,145 INFO     [psi4.optking.history:280] 	Using 4 previous steps for update.
2025-12-23:11:31:18,146 WARNING  [psi4.optking.history:301] 	Change in internal coordinate of 6.73e-01 exceeds limit of 5.00e-01.
2025-12-23:11:31:18,146 WARNING  [psi4.optking.history:306] 	Skipping Hessian update for step 11.
2025-12-23:11:31:18,146 WARNING  [psi4.optking.history:301] 	Change in internal coordinate of 1.02e+00 exceeds limit of 5.00e-01.
2025-12-23:11:31:18,146 WARNING  [psi4.optking.history:306] 	Skipping Hessian update for step 10.
2025-12-23:11:31:18,146 WARNING  [psi4.optking.history:301] 	Change in internal coordinate of 1.36e+00 exceeds limit of 5.00e-01.
2025-12-23:11:31:18,146 WARNING  [psi4.optking.history:306] 	Skipping Hessian update for step 9.
2025-12-23:11:31:18,146 WARNING  [psi4.optking.history:301] 	Change in internal coordinate of 1.69e+00 exceeds limit of 5.00e-01.
2025-12-23:11:31:18,146 WARNING  [psi4.optking.history:306] 	Skipping Hessian update for step 8.
2025-12-23:11:31:18,146 WARNING  [psi4.optking.history:301] 	Change in internal coordinate of 2.00e+00 exceeds limit of 5.00e-01.
2025-12-23:11:31:18,146 WARNING  [psi4.optking.history:306] 	Skipping Hessian update for step 7.
2025-12-23:11:31:18,146 WARNING  [psi4.optking.history:301] 	Change in internal coordinate of 2.29e+00 exceeds limit of 5.00e-01.
2025-12-23:11:31:18,146 WARNING  [psi4.optking.history:306] 	Skipping Hessian update for step 6.
2025-12-23:11:31:18,146 WARNING  [psi4.optking.history:301] 	Change in internal coordinate of 2.53e+00 exceeds limit of 5.00e-01.
2025-12-23:11:31:18,146 WARNING  [psi4.optking.history:306] 	Skipping Hessian update for step 5.
2025-12-23:11:31:18,146 WARNING  [psi4.optking.history:301] 	Change in internal coordinate of 2.87e+00 exceeds limit of 5.00e-01.
2025-12-23:11:31:18,146 WARNING  [psi4.optking.history:306] 	Skipping Hessian update for step 4.
2025-12-23:11:31:18,146 WARNING  [psi4.optking.history:301] 	Change in internal coordinate of 2.97e+00 exceeds limit of 5.00e-01.
2025-12-23:11:31:18,146 WARNING  [psi4.optking.history:306] 	Skipping Hessian update for step 3.
2025-12-23:11:31:18,146 WARNING  [psi4.optking.history:301] 	Change in internal coordinate of 3.00e+00 exceeds limit of 5.00e-01.
2025-12-23:11:31:18,146 WARNING  [psi4.optking.history:306] 	Skipping Hessian update for step 2.
2025-12-23:11:31:18,146 WARNING  [psi4.optking.history:301] 	Change in internal coordinate of 3.01e+00 exceeds limit of 5.00e-01.
2025-12-23:11:31:18,146 WARNING  [psi4.optking.history:306] 	Skipping Hessian update for step 1.
2025-12-23:11:31:18,146 INFO     [psi4.optking.history:317] 	Steps to be used in Hessian update:  12

2025-12-23:11:31:18,146 INFO     [psi4.optking.history:418] 	Updated Hessian (in au) 
 	   0.022473

2025-12-23:11:31:18,146 INFO     [psi4.optking.molsys:944] Projected (PHP) Hessian matrix
	   0.022473

2025-12-23:11:31:18,146 INFO     [psi4.optking.opt_helper:182] 
	         Geometry (au)                                       Gradient (au)
   0.0000000000   0.0000000000   3.1066163951		   0.0000000000   0.0000000000  -0.0077219378
   0.0000000000   0.0000000000  -2.1748847757		   0.0000000000   0.0000000000   0.0077428173

2025-12-23:11:31:18,146 INFO     [psi4.optking.stepAlgorithms:368] 	Current Step Report 
 
	Current energy:      -816.9288394828
	Energy change for the previous step:
		Actual       :        -0.0036575523
		Projected    :        -0.0025063106

2025-12-23:11:31:18,146 INFO     [psi4.optking.stepAlgorithms:371] 	Energy ratio =    1.45934
2025-12-23:11:31:18,147 INFO     [psi4.optking.stepAlgorithms:929] 	Using RFO solution 1.
2025-12-23:11:31:18,147 INFO     [psi4.optking.displace:100] 	Determining Cartesian step for fragment 1.
2025-12-23:11:31:18,147 INFO     [psi4.optking.displace:415] 	Successfully converged to displaced geometry.
2025-12-23:11:31:18,147 INFO     [psi4.optking.displace:416] 	RMS(dx):  0.000e+00 	Max(dx):  0.000e+00 	RMS(dq):  0.000e+00
2025-12-23:11:31:18,147 INFO     [psi4.optking.displace:172] 

	        --- Internal Coordinate Step in ANG or DEG, aJ/ANG or AJ/DEG ---
	-------------------------------------------------------------------------------
	           Coordinate      Previous         Force          Change          New 
	           ----------      --------        ------          ------        ------
	               R(1,2)       2.79485        0.06370        0.16448       2.95933
	-------------------------------------------------------------------------------

2025-12-23:11:31:18,147 INFO     [psi4.optking.stepAlgorithms:113] 	|target step| :    0.3108303243
2025-12-23:11:31:18,147 INFO     [psi4.optking.stepAlgorithms:114] 	gradient     :   -0.0077323775
2025-12-23:11:31:18,147 INFO     [psi4.optking.stepAlgorithms:115] 	hessian      :    0.0224730650
2025-12-23:11:31:18,147 INFO     [psi4.optking.stepAlgorithms:113] 	|target step| :    0.3108303243
2025-12-23:11:31:18,147 INFO     [psi4.optking.stepAlgorithms:114] 	gradient     :   -0.0077323775
2025-12-23:11:31:18,147 INFO     [psi4.optking.stepAlgorithms:115] 	hessian      :    0.0224730650
2025-12-23:11:31:18,147 INFO     [psi4.optking.stepAlgorithms:206] 	Norm of achieved step-size    0.3108303243
2025-12-23:11:31:18,147 INFO     [psi4.optking.stepAlgorithms:208] 	Norm of achieved step-size (cart):    0.2197902301
2025-12-23:11:31:18,147 INFO     [psi4.optking.opt_helper:164] Molsys:

	                            ===> Fragment 1 <== 

	 Z (Atomic Numbers)          Masses                          Geom                  
	      14.000000            27.976927          0.00000000  0.00000000  3.26203156   
	      18.000000            39.962383          0.00000000  0.00000000 -2.33029994   

	 - Coordinate -           - BOHR/RAD -       - ANG/DEG -
	 R(1,2)           =         5.592331           2.959334

2025-12-23:11:31:18,147 INFO     [psi4.optking.convcheck:76] Performing convergence check.
2025-12-23:11:31:18,147 INFO     [psi4.optking.convcheck:282] 
	                                 ==> Convergence Check <==                                  
    
	Measures of convergence in internal coordinates in au.
    
	Criteria marked as inactive (o), active & met (*), and active & unmet ( ).

	----------------------------------------------------------------------------------------------
	   Step    Total Energy     Delta E     Max Force     RMS Force      Max Disp      RMS Disp   
	----------------------------------------------------------------------------------------------
	  Convergence Criteria     1.00e-06 *    3.00e-04 *             o    1.20e-03 *             o
	----------------------------------------------------------------------------------------------
	    13    -816.92883948   -3.66e-03      7.73e-03      7.73e-03 o    3.11e-01      3.11e-01 o  ~
	----------------------------------------------------------------------------------------------


2025-12-23:11:31:18,147 INFO     [psi4.optking.stepAlgorithms:296] 	Convergence check returned False
2025-12-23:11:31:18,158 INFO     [psi4.driver.task_planner:259] PLANNING Atomic:  keywords={'DAMPING_PERCENTAGE': 1.0, 'GEOM_MAXITER': 500, 'SCF__GUESS': 'READ', 'GUESS': 'SAP', 'MAXITER': 500, 'REFERENCE': 'UKS', 'function_kwargs': {}}
2025-12-23:11:31:18,159 INFO     [psi4.driver.driver:638] Compute gradient(): method=b3lyp, basis=cc-pvdz, molecule=default, nre=45.061706414484284
2025-12-23:11:31:18,736 INFO     [psi4.driver.driver:641] Return gradient(): -816.9305730143273
2025-12-23:11:31:18,737 INFO     [psi4.driver.driver:642] [[-0.00000000  0.00000000 -0.00381446]
 [ 0.00000000  0.00000000  0.00383244]]
2025-12-23:11:31:18,738 INFO     [psi4.optking.history:269] 	Performing BFGS update.
2025-12-23:11:31:18,738 INFO     [psi4.optking.history:280] 	Using 4 previous steps for update.
2025-12-23:11:31:18,738 WARNING  [psi4.optking.history:301] 	Change in internal coordinate of 6.41e-01 exceeds limit of 5.00e-01.
2025-12-23:11:31:18,738 WARNING  [psi4.optking.history:306] 	Skipping Hessian update for step 12.
2025-12-23:11:31:18,738 WARNING  [psi4.optking.history:301] 	Change in internal coordinate of 9.83e-01 exceeds limit of 5.00e-01.
2025-12-23:11:31:18,739 WARNING  [psi4.optking.history:306] 	Skipping Hessian update for step 11.
2025-12-23:11:31:18,739 WARNING  [psi4.optking.history:301] 	Change in internal coordinate of 1.33e+00 exceeds limit of 5.00e-01.
2025-12-23:11:31:18,739 WARNING  [psi4.optking.history:306] 	Skipping Hessian update for step 10.
2025-12-23:11:31:18,739 WARNING  [psi4.optking.history:301] 	Change in internal coordinate of 1.67e+00 exceeds limit of 5.00e-01.
2025-12-23:11:31:18,739 WARNING  [psi4.optking.history:306] 	Skipping Hessian update for step 9.
2025-12-23:11:31:18,739 WARNING  [psi4.optking.history:301] 	Change in internal coordinate of 2.00e+00 exceeds limit of 5.00e-01.
2025-12-23:11:31:18,739 WARNING  [psi4.optking.history:306] 	Skipping Hessian update for step 8.
2025-12-23:11:31:18,739 WARNING  [psi4.optking.history:301] 	Change in internal coordinate of 2.31e+00 exceeds limit of 5.00e-01.
2025-12-23:11:31:18,739 WARNING  [psi4.optking.history:306] 	Skipping Hessian update for step 7.
2025-12-23:11:31:18,739 WARNING  [psi4.optking.history:301] 	Change in internal coordinate of 2.60e+00 exceeds limit of 5.00e-01.
2025-12-23:11:31:18,739 WARNING  [psi4.optking.history:306] 	Skipping Hessian update for step 6.
2025-12-23:11:31:18,739 WARNING  [psi4.optking.history:301] 	Change in internal coordinate of 2.84e+00 exceeds limit of 5.00e-01.
2025-12-23:11:31:18,739 WARNING  [psi4.optking.history:306] 	Skipping Hessian update for step 5.
2025-12-23:11:31:18,739 WARNING  [psi4.optking.history:301] 	Change in internal coordinate of 3.18e+00 exceeds limit of 5.00e-01.
2025-12-23:11:31:18,739 WARNING  [psi4.optking.history:306] 	Skipping Hessian update for step 4.
2025-12-23:11:31:18,739 WARNING  [psi4.optking.history:301] 	Change in internal coordinate of 3.28e+00 exceeds limit of 5.00e-01.
2025-12-23:11:31:18,739 WARNING  [psi4.optking.history:306] 	Skipping Hessian update for step 3.
2025-12-23:11:31:18,739 WARNING  [psi4.optking.history:301] 	Change in internal coordinate of 3.31e+00 exceeds limit of 5.00e-01.
2025-12-23:11:31:18,739 WARNING  [psi4.optking.history:306] 	Skipping Hessian update for step 2.
2025-12-23:11:31:18,739 WARNING  [psi4.optking.history:301] 	Change in internal coordinate of 3.32e+00 exceeds limit of 5.00e-01.
2025-12-23:11:31:18,739 WARNING  [psi4.optking.history:306] 	Skipping Hessian update for step 1.
2025-12-23:11:31:18,739 INFO     [psi4.optking.history:317] 	Steps to be used in Hessian update:  13

2025-12-23:11:31:18,739 INFO     [psi4.optking.history:418] 	Updated Hessian (in au) 
 	   0.012576

2025-12-23:11:31:18,739 INFO     [psi4.optking.molsys:944] Projected (PHP) Hessian matrix
	   0.012576

2025-12-23:11:31:18,739 INFO     [psi4.optking.opt_helper:182] 
	         Geometry (au)                                       Gradient (au)
   0.0000000000   0.0000000000   3.2894489933		  -0.0000000000   0.0000000000  -0.0038144647
   0.0000000000   0.0000000000  -2.3028825017		   0.0000000000   0.0000000000   0.0038324374

2025-12-23:11:31:18,739 INFO     [psi4.optking.stepAlgorithms:368] 	Current Step Report 
 
	Current energy:      -816.9305730143
	Energy change for the previous step:
		Actual       :        -0.0017335315
		Projected    :        -0.0012017287

2025-12-23:11:31:18,739 INFO     [psi4.optking.stepAlgorithms:371] 	Energy ratio =    1.44253
2025-12-23:11:31:18,740 INFO     [psi4.optking.stepAlgorithms:929] 	Using RFO solution 1.
2025-12-23:11:31:18,740 INFO     [psi4.optking.displace:100] 	Determining Cartesian step for fragment 1.
2025-12-23:11:31:18,740 INFO     [psi4.optking.displace:415] 	Successfully converged to displaced geometry.
2025-12-23:11:31:18,740 INFO     [psi4.optking.displace:416] 	RMS(dx):  0.000e+00 	Max(dx):  0.000e+00 	RMS(dq):  0.000e+00
2025-12-23:11:31:18,740 INFO     [psi4.optking.displace:172] 

	        --- Internal Coordinate Step in ANG or DEG, aJ/ANG or AJ/DEG ---
	-------------------------------------------------------------------------------
	           Coordinate      Previous         Force          Change          New 
	           ----------      --------        ------          ------        ------
	               R(1,2)       2.95933        0.03150        0.14826       3.10759
	-------------------------------------------------------------------------------

2025-12-23:11:31:18,740 INFO     [psi4.optking.stepAlgorithms:113] 	|target step| :    0.2801685481
2025-12-23:11:31:18,740 INFO     [psi4.optking.stepAlgorithms:114] 	gradient     :   -0.0038234510
2025-12-23:11:31:18,740 INFO     [psi4.optking.stepAlgorithms:115] 	hessian      :    0.0125757566
2025-12-23:11:31:18,740 INFO     [psi4.optking.stepAlgorithms:113] 	|target step| :    0.2801685481
2025-12-23:11:31:18,740 INFO     [psi4.optking.stepAlgorithms:114] 	gradient     :   -0.0038234510
2025-12-23:11:31:18,740 INFO     [psi4.optking.stepAlgorithms:115] 	hessian      :    0.0125757566
2025-12-23:11:31:18,740 INFO     [psi4.optking.stepAlgorithms:206] 	Norm of achieved step-size    0.2801685481
2025-12-23:11:31:18,740 INFO     [psi4.optking.stepAlgorithms:208] 	Norm of achieved step-size (cart):    0.1981090803
2025-12-23:11:31:18,740 INFO     [psi4.optking.opt_helper:164] Molsys:

	                            ===> Fragment 1 <== 

	 Z (Atomic Numbers)          Masses                          Geom                  
	      14.000000            27.976927          0.00000000  0.00000000  3.42953327   
	      18.000000            39.962383          0.00000000  0.00000000 -2.44296678   

	 - Coordinate -           - BOHR/RAD -       - ANG/DEG -
	 R(1,2)           =         5.872500           3.107593

2025-12-23:11:31:18,740 INFO     [psi4.optking.convcheck:76] Performing convergence check.
2025-12-23:11:31:18,740 INFO     [psi4.optking.convcheck:282] 
	                                 ==> Convergence Check <==                                  
    
	Measures of convergence in internal coordinates in au.
    
	Criteria marked as inactive (o), active & met (*), and active & unmet ( ).

	----------------------------------------------------------------------------------------------
	   Step    Total Energy     Delta E     Max Force     RMS Force      Max Disp      RMS Disp   
	----------------------------------------------------------------------------------------------
	  Convergence Criteria     1.00e-06 *    3.00e-04 *             o    1.20e-03 *             o
	----------------------------------------------------------------------------------------------
	    14    -816.93057301   -1.73e-03      3.82e-03      3.82e-03 o    2.80e-01      2.80e-01 o  ~
	----------------------------------------------------------------------------------------------


2025-12-23:11:31:18,740 INFO     [psi4.optking.stepAlgorithms:296] 	Convergence check returned False
2025-12-23:11:31:18,751 INFO     [psi4.driver.task_planner:259] PLANNING Atomic:  keywords={'DAMPING_PERCENTAGE': 1.0, 'GEOM_MAXITER': 500, 'SCF__GUESS': 'READ', 'GUESS': 'SAP', 'MAXITER': 500, 'REFERENCE': 'UKS', 'function_kwargs': {}}
2025-12-23:11:31:18,752 INFO     [psi4.driver.driver:638] Compute gradient(): method=b3lyp, basis=cc-pvdz, molecule=default, nre=42.91187707938663
2025-12-23:11:31:19,332 INFO     [psi4.driver.driver:641] Return gradient(): -816.9313326147329
2025-12-23:11:31:19,332 INFO     [psi4.driver.driver:642] [[-0.00000000  0.00000000 -0.00179794]
 [ 0.00000000 -0.00000000  0.00180753]]
2025-12-23:11:31:19,334 INFO     [psi4.optking.history:269] 	Performing BFGS update.
2025-12-23:11:31:19,334 INFO     [psi4.optking.history:280] 	Using 4 previous steps for update.
2025-12-23:11:31:19,334 WARNING  [psi4.optking.history:301] 	Change in internal coordinate of 5.91e-01 exceeds limit of 5.00e-01.
2025-12-23:11:31:19,334 WARNING  [psi4.optking.history:306] 	Skipping Hessian update for step 13.
2025-12-23:11:31:19,334 WARNING  [psi4.optking.history:301] 	Change in internal coordinate of 9.22e-01 exceeds limit of 5.00e-01.
2025-12-23:11:31:19,334 WARNING  [psi4.optking.history:306] 	Skipping Hessian update for step 12.
2025-12-23:11:31:19,334 WARNING  [psi4.optking.history:301] 	Change in internal coordinate of 1.26e+00 exceeds limit of 5.00e-01.
2025-12-23:11:31:19,334 WARNING  [psi4.optking.history:306] 	Skipping Hessian update for step 11.
2025-12-23:11:31:19,334 WARNING  [psi4.optking.history:301] 	Change in internal coordinate of 1.61e+00 exceeds limit of 5.00e-01.
2025-12-23:11:31:19,334 WARNING  [psi4.optking.history:306] 	Skipping Hessian update for step 10.
2025-12-23:11:31:19,334 WARNING  [psi4.optking.history:301] 	Change in internal coordinate of 1.95e+00 exceeds limit of 5.00e-01.
2025-12-23:11:31:19,334 WARNING  [psi4.optking.history:306] 	Skipping Hessian update for step 9.
2025-12-23:11:31:19,334 WARNING  [psi4.optking.history:301] 	Change in internal coordinate of 2.28e+00 exceeds limit of 5.00e-01.
2025-12-23:11:31:19,334 WARNING  [psi4.optking.history:306] 	Skipping Hessian update for step 8.
2025-12-23:11:31:19,334 WARNING  [psi4.optking.history:301] 	Change in internal coordinate of 2.59e+00 exceeds limit of 5.00e-01.
2025-12-23:11:31:19,334 WARNING  [psi4.optking.history:306] 	Skipping Hessian update for step 7.
2025-12-23:11:31:19,334 WARNING  [psi4.optking.history:301] 	Change in internal coordinate of 2.88e+00 exceeds limit of 5.00e-01.
2025-12-23:11:31:19,334 WARNING  [psi4.optking.history:306] 	Skipping Hessian update for step 6.
2025-12-23:11:31:19,334 WARNING  [psi4.optking.history:301] 	Change in internal coordinate of 3.12e+00 exceeds limit of 5.00e-01.
2025-12-23:11:31:19,334 WARNING  [psi4.optking.history:306] 	Skipping Hessian update for step 5.
2025-12-23:11:31:19,334 WARNING  [psi4.optking.history:301] 	Change in internal coordinate of 3.46e+00 exceeds limit of 5.00e-01.
2025-12-23:11:31:19,334 WARNING  [psi4.optking.history:306] 	Skipping Hessian update for step 4.
2025-12-23:11:31:19,334 WARNING  [psi4.optking.history:301] 	Change in internal coordinate of 3.56e+00 exceeds limit of 5.00e-01.
2025-12-23:11:31:19,334 WARNING  [psi4.optking.history:306] 	Skipping Hessian update for step 3.
2025-12-23:11:31:19,334 WARNING  [psi4.optking.history:301] 	Change in internal coordinate of 3.59e+00 exceeds limit of 5.00e-01.
2025-12-23:11:31:19,334 WARNING  [psi4.optking.history:306] 	Skipping Hessian update for step 2.
2025-12-23:11:31:19,335 WARNING  [psi4.optking.history:301] 	Change in internal coordinate of 3.60e+00 exceeds limit of 5.00e-01.
2025-12-23:11:31:19,335 WARNING  [psi4.optking.history:306] 	Skipping Hessian update for step 1.
2025-12-23:11:31:19,335 INFO     [psi4.optking.history:317] 	Steps to be used in Hessian update:  14

2025-12-23:11:31:19,335 INFO     [psi4.optking.history:418] 	Updated Hessian (in au) 
 	   0.007212

2025-12-23:11:31:19,335 INFO     [psi4.optking.molsys:944] Projected (PHP) Hessian matrix
	   0.007212

2025-12-23:11:31:19,335 INFO     [psi4.optking.opt_helper:182] 
	         Geometry (au)                                       Gradient (au)
   0.0000000000   0.0000000000   3.4542461176		  -0.0000000000   0.0000000000  -0.0017979416
   0.0000000000   0.0000000000  -2.4182539256		   0.0000000000  -0.0000000000   0.0018075348

2025-12-23:11:31:19,335 INFO     [psi4.optking.stepAlgorithms:368] 	Current Step Report 
 
	Current energy:      -816.9313326147
	Energy change for the previous step:
		Actual       :        -0.0007596004
		Projected    :        -0.0005356054

2025-12-23:11:31:19,335 INFO     [psi4.optking.stepAlgorithms:371] 	Energy ratio =    1.41821
2025-12-23:11:31:19,335 INFO     [psi4.optking.stepAlgorithms:929] 	Using RFO solution 1.
2025-12-23:11:31:19,335 INFO     [psi4.optking.displace:100] 	Determining Cartesian step for fragment 1.
2025-12-23:11:31:19,335 INFO     [psi4.optking.displace:415] 	Successfully converged to displaced geometry.
2025-12-23:11:31:19,335 INFO     [psi4.optking.displace:416] 	RMS(dx):  0.000e+00 	Max(dx):  0.000e+00 	RMS(dq):  0.000e+00
2025-12-23:11:31:19,335 INFO     [psi4.optking.displace:172] 

	        --- Internal Coordinate Step in ANG or DEG, aJ/ANG or AJ/DEG ---
	-------------------------------------------------------------------------------
	           Coordinate      Previous         Force          Change          New 
	           ----------      --------        ------          ------        ------
	               R(1,2)       3.10759        0.01485        0.12490       3.23249
	-------------------------------------------------------------------------------

2025-12-23:11:31:19,335 INFO     [psi4.optking.stepAlgorithms:113] 	|target step| :    0.2360229783
2025-12-23:11:31:19,335 INFO     [psi4.optking.stepAlgorithms:114] 	gradient     :   -0.0018027382
2025-12-23:11:31:19,335 INFO     [psi4.optking.stepAlgorithms:115] 	hessian      :    0.0072124899
2025-12-23:11:31:19,335 INFO     [psi4.optking.stepAlgorithms:113] 	|target step| :    0.2360229783
2025-12-23:11:31:19,335 INFO     [psi4.optking.stepAlgorithms:114] 	gradient     :   -0.0018027382
2025-12-23:11:31:19,335 INFO     [psi4.optking.stepAlgorithms:115] 	hessian      :    0.0072124899
2025-12-23:11:31:19,335 INFO     [psi4.optking.stepAlgorithms:206] 	Norm of achieved step-size    0.2360229783
2025-12-23:11:31:19,335 INFO     [psi4.optking.stepAlgorithms:208] 	Norm of achieved step-size (cart):    0.1668934485
2025-12-23:11:31:19,336 INFO     [psi4.optking.opt_helper:164] Molsys:

	                            ===> Fragment 1 <== 

	 Z (Atomic Numbers)          Masses                          Geom                  
	      14.000000            27.976927          0.00000000  0.00000000  3.57225761   
	      18.000000            39.962383          0.00000000  0.00000000 -2.53626541   

	 - Coordinate -           - BOHR/RAD -       - ANG/DEG -
	 R(1,2)           =         6.108523           3.232491

2025-12-23:11:31:19,336 INFO     [psi4.optking.convcheck:76] Performing convergence check.
2025-12-23:11:31:19,336 INFO     [psi4.optking.convcheck:282] 
	                                 ==> Convergence Check <==                                  
    
	Measures of convergence in internal coordinates in au.
    
	Criteria marked as inactive (o), active & met (*), and active & unmet ( ).

	----------------------------------------------------------------------------------------------
	   Step    Total Energy     Delta E     Max Force     RMS Force      Max Disp      RMS Disp   
	----------------------------------------------------------------------------------------------
	  Convergence Criteria     1.00e-06 *    3.00e-04 *             o    1.20e-03 *             o
	----------------------------------------------------------------------------------------------
	    15    -816.93133261   -7.60e-04      1.80e-03      1.80e-03 o    2.36e-01      2.36e-01 o  ~
	----------------------------------------------------------------------------------------------


2025-12-23:11:31:19,336 INFO     [psi4.optking.stepAlgorithms:296] 	Convergence check returned False
2025-12-23:11:31:19,346 INFO     [psi4.driver.task_planner:259] PLANNING Atomic:  keywords={'DAMPING_PERCENTAGE': 1.0, 'GEOM_MAXITER': 500, 'SCF__GUESS': 'READ', 'GUESS': 'SAP', 'MAXITER': 500, 'REFERENCE': 'UKS', 'function_kwargs': {}}
2025-12-23:11:31:19,348 INFO     [psi4.driver.driver:638] Compute gradient(): method=b3lyp, basis=cc-pvdz, molecule=default, nre=41.25383486551127
2025-12-23:11:31:20,6 INFO     [psi4.driver.driver:641] Return gradient(): -816.931626096395
2025-12-23:11:31:20,6 INFO     [psi4.driver.driver:642] [[ 0.00000000 -0.00000000 -0.00078385]
 [ 0.00000000  0.00000000  0.00079576]]
2025-12-23:11:31:20,8 INFO     [psi4.optking.history:269] 	Performing BFGS update.
2025-12-23:11:31:20,8 INFO     [psi4.optking.history:280] 	Using 4 previous steps for update.
2025-12-23:11:31:20,8 WARNING  [psi4.optking.history:301] 	Change in internal coordinate of 5.16e-01 exceeds limit of 5.00e-01.
2025-12-23:11:31:20,8 WARNING  [psi4.optking.history:306] 	Skipping Hessian update for step 14.
2025-12-23:11:31:20,8 WARNING  [psi4.optking.history:301] 	Change in internal coordinate of 8.27e-01 exceeds limit of 5.00e-01.
2025-12-23:11:31:20,8 WARNING  [psi4.optking.history:306] 	Skipping Hessian update for step 13.
2025-12-23:11:31:20,8 WARNING  [psi4.optking.history:301] 	Change in internal coordinate of 1.16e+00 exceeds limit of 5.00e-01.
2025-12-23:11:31:20,8 WARNING  [psi4.optking.history:306] 	Skipping Hessian update for step 12.
2025-12-23:11:31:20,8 WARNING  [psi4.optking.history:301] 	Change in internal coordinate of 1.50e+00 exceeds limit of 5.00e-01.
2025-12-23:11:31:20,8 WARNING  [psi4.optking.history:306] 	Skipping Hessian update for step 11.
2025-12-23:11:31:20,8 WARNING  [psi4.optking.history:301] 	Change in internal coordinate of 1.85e+00 exceeds limit of 5.00e-01.
2025-12-23:11:31:20,8 WARNING  [psi4.optking.history:306] 	Skipping Hessian update for step 10.
2025-12-23:11:31:20,9 WARNING  [psi4.optking.history:301] 	Change in internal coordinate of 2.19e+00 exceeds limit of 5.00e-01.
2025-12-23:11:31:20,9 WARNING  [psi4.optking.history:306] 	Skipping Hessian update for step 9.
2025-12-23:11:31:20,9 WARNING  [psi4.optking.history:301] 	Change in internal coordinate of 2.52e+00 exceeds limit of 5.00e-01.
2025-12-23:11:31:20,9 WARNING  [psi4.optking.history:306] 	Skipping Hessian update for step 8.
2025-12-23:11:31:20,9 WARNING  [psi4.optking.history:301] 	Change in internal coordinate of 2.83e+00 exceeds limit of 5.00e-01.
2025-12-23:11:31:20,9 WARNING  [psi4.optking.history:306] 	Skipping Hessian update for step 7.
2025-12-23:11:31:20,9 WARNING  [psi4.optking.history:301] 	Change in internal coordinate of 3.11e+00 exceeds limit of 5.00e-01.
2025-12-23:11:31:20,9 WARNING  [psi4.optking.history:306] 	Skipping Hessian update for step 6.
2025-12-23:11:31:20,9 WARNING  [psi4.optking.history:301] 	Change in internal coordinate of 3.36e+00 exceeds limit of 5.00e-01.
2025-12-23:11:31:20,9 WARNING  [psi4.optking.history:306] 	Skipping Hessian update for step 5.
2025-12-23:11:31:20,9 WARNING  [psi4.optking.history:301] 	Change in internal coordinate of 3.70e+00 exceeds limit of 5.00e-01.
2025-12-23:11:31:20,9 WARNING  [psi4.optking.history:306] 	Skipping Hessian update for step 4.
2025-12-23:11:31:20,9 WARNING  [psi4.optking.history:301] 	Change in internal coordinate of 3.80e+00 exceeds limit of 5.00e-01.
2025-12-23:11:31:20,9 WARNING  [psi4.optking.history:306] 	Skipping Hessian update for step 3.
2025-12-23:11:31:20,9 WARNING  [psi4.optking.history:301] 	Change in internal coordinate of 3.83e+00 exceeds limit of 5.00e-01.
2025-12-23:11:31:20,9 WARNING  [psi4.optking.history:306] 	Skipping Hessian update for step 2.
2025-12-23:11:31:20,9 WARNING  [psi4.optking.history:301] 	Change in internal coordinate of 3.84e+00 exceeds limit of 5.00e-01.
2025-12-23:11:31:20,9 WARNING  [psi4.optking.history:306] 	Skipping Hessian update for step 1.
2025-12-23:11:31:20,9 INFO     [psi4.optking.history:317] 	Steps to be used in Hessian update:  15

2025-12-23:11:31:20,9 INFO     [psi4.optking.history:418] 	Updated Hessian (in au) 
 	   0.004292

2025-12-23:11:31:20,9 INFO     [psi4.optking.molsys:944] Projected (PHP) Hessian matrix
	   0.004292

2025-12-23:11:31:20,9 INFO     [psi4.optking.opt_helper:182] 
	         Geometry (au)                                       Gradient (au)
   0.0000000000   0.0000000000   3.5930765051		   0.0000000000  -0.0000000000  -0.0007838467
   0.0000000000   0.0000000000  -2.5154465164		   0.0000000000   0.0000000000   0.0007957554

2025-12-23:11:31:20,9 INFO     [psi4.optking.stepAlgorithms:368] 	Current Step Report 
 
	Current energy:      -816.9316260964
	Energy change for the previous step:
		Actual       :        -0.0002934817
		Projected    :        -0.0002127438

2025-12-23:11:31:20,9 INFO     [psi4.optking.stepAlgorithms:371] 	Energy ratio =    1.37951
2025-12-23:11:31:20,9 INFO     [psi4.optking.stepAlgorithms:929] 	Using RFO solution 1.
2025-12-23:11:31:20,10 INFO     [psi4.optking.displace:100] 	Determining Cartesian step for fragment 1.
2025-12-23:11:31:20,10 INFO     [psi4.optking.displace:415] 	Successfully converged to displaced geometry.
2025-12-23:11:31:20,10 INFO     [psi4.optking.displace:416] 	RMS(dx):  0.000e+00 	Max(dx):  0.000e+00 	RMS(dq):  0.000e+00
2025-12-23:11:31:20,10 INFO     [psi4.optking.displace:172] 

	        --- Internal Coordinate Step in ANG or DEG, aJ/ANG or AJ/DEG ---
	-------------------------------------------------------------------------------
	           Coordinate      Previous         Force          Change          New 
	           ----------      --------        ------          ------        ------
	               R(1,2)       3.23249        0.00651        0.09429       3.32678
	-------------------------------------------------------------------------------

2025-12-23:11:31:20,10 INFO     [psi4.optking.stepAlgorithms:113] 	|target step| :    0.1781872747
2025-12-23:11:31:20,10 INFO     [psi4.optking.stepAlgorithms:114] 	gradient     :   -0.0007898011
2025-12-23:11:31:20,10 INFO     [psi4.optking.stepAlgorithms:115] 	hessian      :    0.0042916887
2025-12-23:11:31:20,10 INFO     [psi4.optking.stepAlgorithms:113] 	|target step| :    0.1781872747
2025-12-23:11:31:20,10 INFO     [psi4.optking.stepAlgorithms:114] 	gradient     :   -0.0007898011
2025-12-23:11:31:20,10 INFO     [psi4.optking.stepAlgorithms:115] 	hessian      :    0.0042916887
2025-12-23:11:31:20,10 INFO     [psi4.optking.stepAlgorithms:206] 	Norm of achieved step-size    0.1781872747
2025-12-23:11:31:20,10 INFO     [psi4.optking.stepAlgorithms:208] 	Norm of achieved step-size (cart):    0.1259974302
2025-12-23:11:31:20,10 INFO     [psi4.optking.opt_helper:164] Molsys:

	                            ===> Fragment 1 <== 

	 Z (Atomic Numbers)          Masses                          Geom                  
	      14.000000            27.976927          0.00000000  0.00000000  3.68217014   
	      18.000000            39.962383          0.00000000  0.00000000 -2.60454015   

	 - Coordinate -           - BOHR/RAD -       - ANG/DEG -
	 R(1,2)           =         6.286710           3.326784

2025-12-23:11:31:20,10 INFO     [psi4.optking.convcheck:76] Performing convergence check.
2025-12-23:11:31:20,10 INFO     [psi4.optking.convcheck:282] 
	                                 ==> Convergence Check <==                                  
    
	Measures of convergence in internal coordinates in au.
    
	Criteria marked as inactive (o), active & met (*), and active & unmet ( ).

	----------------------------------------------------------------------------------------------
	   Step    Total Energy     Delta E     Max Force     RMS Force      Max Disp      RMS Disp   
	----------------------------------------------------------------------------------------------
	  Convergence Criteria     1.00e-06 *    3.00e-04 *             o    1.20e-03 *             o
	----------------------------------------------------------------------------------------------
	    16    -816.93162610   -2.93e-04      7.90e-04      7.90e-04 o    1.78e-01      1.78e-01 o  ~
	----------------------------------------------------------------------------------------------


2025-12-23:11:31:20,10 INFO     [psi4.optking.stepAlgorithms:296] 	Convergence check returned False
2025-12-23:11:31:20,21 INFO     [psi4.driver.task_planner:259] PLANNING Atomic:  keywords={'DAMPING_PERCENTAGE': 1.0, 'GEOM_MAXITER': 500, 'SCF__GUESS': 'READ', 'GUESS': 'SAP', 'MAXITER': 500, 'REFERENCE': 'UKS', 'function_kwargs': {}}
2025-12-23:11:31:20,22 INFO     [psi4.driver.driver:638] Compute gradient(): method=b3lyp, basis=cc-pvdz, molecule=default, nre=40.08455744417888
2025-12-23:11:31:20,625 INFO     [psi4.driver.driver:641] Return gradient(): -816.9317189180231
2025-12-23:11:31:20,625 INFO     [psi4.driver.driver:642] [[ 0.00000000 -0.00000000 -0.00029809]
 [ 0.00000000  0.00000000  0.00029734]]
2025-12-23:11:31:20,627 INFO     [psi4.optking.history:269] 	Performing BFGS update.
2025-12-23:11:31:20,627 INFO     [psi4.optking.history:280] 	Using 4 previous steps for update.
2025-12-23:11:31:20,627 WARNING  [psi4.optking.history:301] 	Change in internal coordinate of 6.94e-01 exceeds limit of 5.00e-01.
2025-12-23:11:31:20,627 WARNING  [psi4.optking.history:306] 	Skipping Hessian update for step 14.
2025-12-23:11:31:20,627 WARNING  [psi4.optking.history:301] 	Change in internal coordinate of 1.01e+00 exceeds limit of 5.00e-01.
2025-12-23:11:31:20,627 WARNING  [psi4.optking.history:306] 	Skipping Hessian update for step 13.
2025-12-23:11:31:20,627 WARNING  [psi4.optking.history:301] 	Change in internal coordinate of 1.34e+00 exceeds limit of 5.00e-01.
2025-12-23:11:31:20,627 WARNING  [psi4.optking.history:306] 	Skipping Hessian update for step 12.
2025-12-23:11:31:20,627 WARNING  [psi4.optking.history:301] 	Change in internal coordinate of 1.68e+00 exceeds limit of 5.00e-01.
2025-12-23:11:31:20,627 WARNING  [psi4.optking.history:306] 	Skipping Hessian update for step 11.
2025-12-23:11:31:20,627 WARNING  [psi4.optking.history:301] 	Change in internal coordinate of 2.02e+00 exceeds limit of 5.00e-01.
2025-12-23:11:31:20,627 WARNING  [psi4.optking.history:306] 	Skipping Hessian update for step 10.
2025-12-23:11:31:20,627 WARNING  [psi4.optking.history:301] 	Change in internal coordinate of 2.36e+00 exceeds limit of 5.00e-01.
2025-12-23:11:31:20,627 WARNING  [psi4.optking.history:306] 	Skipping Hessian update for step 9.
2025-12-23:11:31:20,627 WARNING  [psi4.optking.history:301] 	Change in internal coordinate of 2.69e+00 exceeds limit of 5.00e-01.
2025-12-23:11:31:20,627 WARNING  [psi4.optking.history:306] 	Skipping Hessian update for step 8.
2025-12-23:11:31:20,627 WARNING  [psi4.optking.history:301] 	Change in internal coordinate of 3.01e+00 exceeds limit of 5.00e-01.
2025-12-23:11:31:20,627 WARNING  [psi4.optking.history:306] 	Skipping Hessian update for step 7.
2025-12-23:11:31:20,627 WARNING  [psi4.optking.history:301] 	Change in internal coordinate of 3.29e+00 exceeds limit of 5.00e-01.
2025-12-23:11:31:20,627 WARNING  [psi4.optking.history:306] 	Skipping Hessian update for step 6.
2025-12-23:11:31:20,627 WARNING  [psi4.optking.history:301] 	Change in internal coordinate of 3.53e+00 exceeds limit of 5.00e-01.
2025-12-23:11:31:20,627 WARNING  [psi4.optking.history:306] 	Skipping Hessian update for step 5.
2025-12-23:11:31:20,627 WARNING  [psi4.optking.history:301] 	Change in internal coordinate of 3.88e+00 exceeds limit of 5.00e-01.
2025-12-23:11:31:20,628 WARNING  [psi4.optking.history:306] 	Skipping Hessian update for step 4.
2025-12-23:11:31:20,628 WARNING  [psi4.optking.history:301] 	Change in internal coordinate of 3.98e+00 exceeds limit of 5.00e-01.
2025-12-23:11:31:20,628 WARNING  [psi4.optking.history:306] 	Skipping Hessian update for step 3.
2025-12-23:11:31:20,628 WARNING  [psi4.optking.history:301] 	Change in internal coordinate of 4.01e+00 exceeds limit of 5.00e-01.
2025-12-23:11:31:20,628 WARNING  [psi4.optking.history:306] 	Skipping Hessian update for step 2.
2025-12-23:11:31:20,628 WARNING  [psi4.optking.history:301] 	Change in internal coordinate of 4.02e+00 exceeds limit of 5.00e-01.
2025-12-23:11:31:20,628 WARNING  [psi4.optking.history:306] 	Skipping Hessian update for step 1.
2025-12-23:11:31:20,628 INFO     [psi4.optking.history:317] 	Steps to be used in Hessian update:  16 15

2025-12-23:11:31:20,628 INFO     [psi4.optking.history:418] 	Updated Hessian (in au) 
 	   0.003633

2025-12-23:11:31:20,628 INFO     [psi4.optking.molsys:944] Projected (PHP) Hessian matrix
	   0.003633

2025-12-23:11:31:20,628 INFO     [psi4.optking.opt_helper:182] 
	         Geometry (au)                                       Gradient (au)
   0.0000000000   0.0000000000   3.6978875220		   0.0000000000  -0.0000000000  -0.0002980907
   0.0000000000   0.0000000000  -2.5888227741		   0.0000000000   0.0000000000   0.0002973385

2025-12-23:11:31:20,628 INFO     [psi4.optking.stepAlgorithms:368] 	Current Step Report 
 
	Current energy:      -816.9317189180
	Energy change for the previous step:
		Actual       :        -0.0000928216
		Projected    :        -0.0000703662

2025-12-23:11:31:20,628 INFO     [psi4.optking.stepAlgorithms:371] 	Energy ratio =    1.31912
2025-12-23:11:31:20,628 INFO     [psi4.optking.stepAlgorithms:929] 	Using RFO solution 1.
2025-12-23:11:31:20,628 INFO     [psi4.optking.displace:100] 	Determining Cartesian step for fragment 1.
2025-12-23:11:31:20,628 INFO     [psi4.optking.displace:415] 	Successfully converged to displaced geometry.
2025-12-23:11:31:20,628 INFO     [psi4.optking.displace:416] 	RMS(dx):  0.000e+00 	Max(dx):  0.000e+00 	RMS(dq):  0.000e+00
2025-12-23:11:31:20,629 INFO     [psi4.optking.displace:172] 

	        --- Internal Coordinate Step in ANG or DEG, aJ/ANG or AJ/DEG ---
	-------------------------------------------------------------------------------
	           Coordinate      Previous         Force          Change          New 
	           ----------      --------        ------          ------        ------
	               R(1,2)       3.32678        0.00245        0.04307       3.36986
	-------------------------------------------------------------------------------

2025-12-23:11:31:20,629 INFO     [psi4.optking.stepAlgorithms:113] 	|target step| :    0.0813937166
2025-12-23:11:31:20,629 INFO     [psi4.optking.stepAlgorithms:114] 	gradient     :   -0.0002977146
2025-12-23:11:31:20,629 INFO     [psi4.optking.stepAlgorithms:115] 	hessian      :    0.0036334775
2025-12-23:11:31:20,629 INFO     [psi4.optking.stepAlgorithms:113] 	|target step| :    0.0813937166
2025-12-23:11:31:20,629 INFO     [psi4.optking.stepAlgorithms:114] 	gradient     :   -0.0002977146
2025-12-23:11:31:20,629 INFO     [psi4.optking.stepAlgorithms:115] 	hessian      :    0.0036334775
2025-12-23:11:31:20,629 INFO     [psi4.optking.stepAlgorithms:206] 	Norm of achieved step-size    0.0813937166
2025-12-23:11:31:20,629 INFO     [psi4.optking.stepAlgorithms:208] 	Norm of achieved step-size (cart):    0.0575540489
2025-12-23:11:31:20,629 INFO     [psi4.optking.opt_helper:164] Molsys:

	                            ===> Fragment 1 <== 

	 Z (Atomic Numbers)          Masses                          Geom                  
	      14.000000            27.976927          0.00000000  0.00000000  3.73858438   
	      18.000000            39.962383          0.00000000  0.00000000 -2.62951963   

	 - Coordinate -           - BOHR/RAD -       - ANG/DEG -
	 R(1,2)           =         6.368104           3.369856

2025-12-23:11:31:20,629 INFO     [psi4.optking.convcheck:76] Performing convergence check.
2025-12-23:11:31:20,629 INFO     [psi4.optking.convcheck:282] 
	                                 ==> Convergence Check <==                                  
    
	Measures of convergence in internal coordinates in au.
    
	Criteria marked as inactive (o), active & met (*), and active & unmet ( ).

	----------------------------------------------------------------------------------------------
	   Step    Total Energy     Delta E     Max Force     RMS Force      Max Disp      RMS Disp   
	----------------------------------------------------------------------------------------------
	  Convergence Criteria     1.00e-06 *    3.00e-04 *             o    1.20e-03 *             o
	----------------------------------------------------------------------------------------------
	    17    -816.93171892   -9.28e-05      2.98e-04 *    2.98e-04 o    8.14e-02      8.14e-02 o  ~
	----------------------------------------------------------------------------------------------


2025-12-23:11:31:20,629 INFO     [psi4.optking.stepAlgorithms:296] 	Convergence check returned False
2025-12-23:11:31:20,640 INFO     [psi4.driver.task_planner:259] PLANNING Atomic:  keywords={'DAMPING_PERCENTAGE': 1.0, 'GEOM_MAXITER': 500, 'SCF__GUESS': 'READ', 'GUESS': 'SAP', 'MAXITER': 500, 'REFERENCE': 'UKS', 'function_kwargs': {}}
2025-12-23:11:31:20,641 INFO     [psi4.driver.driver:638] Compute gradient(): method=b3lyp, basis=cc-pvdz, molecule=default, nre=39.57221796283592
2025-12-23:11:31:21,220 INFO     [psi4.driver.driver:641] Return gradient(): -816.9317356635402
2025-12-23:11:31:21,220 INFO     [psi4.driver.driver:642] [[-0.00000000  0.00000000 -0.00013458]
 [-0.00000000  0.00000000  0.00013376]]
2025-12-23:11:31:21,222 INFO     [psi4.optking.history:269] 	Performing BFGS update.
2025-12-23:11:31:21,222 INFO     [psi4.optking.history:280] 	Using 4 previous steps for update.
2025-12-23:11:31:21,222 WARNING  [psi4.optking.history:301] 	Change in internal coordinate of 7.76e-01 exceeds limit of 5.00e-01.
2025-12-23:11:31:21,222 WARNING  [psi4.optking.history:306] 	Skipping Hessian update for step 14.
2025-12-23:11:31:21,222 WARNING  [psi4.optking.history:301] 	Change in internal coordinate of 1.09e+00 exceeds limit of 5.00e-01.
2025-12-23:11:31:21,222 WARNING  [psi4.optking.history:306] 	Skipping Hessian update for step 13.
2025-12-23:11:31:21,222 WARNING  [psi4.optking.history:301] 	Change in internal coordinate of 1.42e+00 exceeds limit of 5.00e-01.
2025-12-23:11:31:21,222 WARNING  [psi4.optking.history:306] 	Skipping Hessian update for step 12.
2025-12-23:11:31:21,222 WARNING  [psi4.optking.history:301] 	Change in internal coordinate of 1.76e+00 exceeds limit of 5.00e-01.
2025-12-23:11:31:21,222 WARNING  [psi4.optking.history:306] 	Skipping Hessian update for step 11.
2025-12-23:11:31:21,222 WARNING  [psi4.optking.history:301] 	Change in internal coordinate of 2.10e+00 exceeds limit of 5.00e-01.
2025-12-23:11:31:21,222 WARNING  [psi4.optking.history:306] 	Skipping Hessian update for step 10.
2025-12-23:11:31:21,222 WARNING  [psi4.optking.history:301] 	Change in internal coordinate of 2.44e+00 exceeds limit of 5.00e-01.
2025-12-23:11:31:21,222 WARNING  [psi4.optking.history:306] 	Skipping Hessian update for step 9.
2025-12-23:11:31:21,222 WARNING  [psi4.optking.history:301] 	Change in internal coordinate of 2.78e+00 exceeds limit of 5.00e-01.
2025-12-23:11:31:21,222 WARNING  [psi4.optking.history:306] 	Skipping Hessian update for step 8.
2025-12-23:11:31:21,222 WARNING  [psi4.optking.history:301] 	Change in internal coordinate of 3.09e+00 exceeds limit of 5.00e-01.
2025-12-23:11:31:21,222 WARNING  [psi4.optking.history:306] 	Skipping Hessian update for step 7.
2025-12-23:11:31:21,222 WARNING  [psi4.optking.history:301] 	Change in internal coordinate of 3.37e+00 exceeds limit of 5.00e-01.
2025-12-23:11:31:21,222 WARNING  [psi4.optking.history:306] 	Skipping Hessian update for step 6.
2025-12-23:11:31:21,222 WARNING  [psi4.optking.history:301] 	Change in internal coordinate of 3.62e+00 exceeds limit of 5.00e-01.
2025-12-23:11:31:21,222 WARNING  [psi4.optking.history:306] 	Skipping Hessian update for step 5.
2025-12-23:11:31:21,222 WARNING  [psi4.optking.history:301] 	Change in internal coordinate of 3.96e+00 exceeds limit of 5.00e-01.
2025-12-23:11:31:21,222 WARNING  [psi4.optking.history:306] 	Skipping Hessian update for step 4.
2025-12-23:11:31:21,222 WARNING  [psi4.optking.history:301] 	Change in internal coordinate of 4.06e+00 exceeds limit of 5.00e-01.
2025-12-23:11:31:21,222 WARNING  [psi4.optking.history:306] 	Skipping Hessian update for step 3.
2025-12-23:11:31:21,222 WARNING  [psi4.optking.history:301] 	Change in internal coordinate of 4.09e+00 exceeds limit of 5.00e-01.
2025-12-23:11:31:21,222 WARNING  [psi4.optking.history:306] 	Skipping Hessian update for step 2.
2025-12-23:11:31:21,222 WARNING  [psi4.optking.history:301] 	Change in internal coordinate of 4.10e+00 exceeds limit of 5.00e-01.
2025-12-23:11:31:21,222 WARNING  [psi4.optking.history:306] 	Skipping Hessian update for step 1.
2025-12-23:11:31:21,222 INFO     [psi4.optking.history:317] 	Steps to be used in Hessian update:  17 16 15

2025-12-23:11:31:21,223 INFO     [psi4.optking.history:418] 	Updated Hessian (in au) 
 	   0.003367

2025-12-23:11:31:21,223 INFO     [psi4.optking.molsys:944] Projected (PHP) Hessian matrix
	   0.003367

2025-12-23:11:31:21,223 INFO     [psi4.optking.opt_helper:182] 
	         Geometry (au)                                       Gradient (au)
   0.0000000000   0.0000000000   3.7457638826		  -0.0000000000   0.0000000000  -0.0001345758
   0.0000000000   0.0000000000  -2.6223401301		  -0.0000000000   0.0000000000   0.0001337611

2025-12-23:11:31:21,223 INFO     [psi4.optking.stepAlgorithms:368] 	Current Step Report 
 
	Current energy:      -816.9317356635
	Energy change for the previous step:
		Actual       :        -0.0000167455
		Projected    :        -0.0000121160

2025-12-23:11:31:21,223 INFO     [psi4.optking.stepAlgorithms:371] 	Energy ratio =    1.38209
2025-12-23:11:31:21,223 INFO     [psi4.optking.stepAlgorithms:929] 	Using RFO solution 1.
2025-12-23:11:31:21,223 INFO     [psi4.optking.displace:100] 	Determining Cartesian step for fragment 1.
2025-12-23:11:31:21,223 INFO     [psi4.optking.displace:415] 	Successfully converged to displaced geometry.
2025-12-23:11:31:21,223 INFO     [psi4.optking.displace:416] 	RMS(dx):  0.000e+00 	Max(dx):  0.000e+00 	RMS(dq):  0.000e+00
2025-12-23:11:31:21,223 INFO     [psi4.optking.displace:172] 

	        --- Internal Coordinate Step in ANG or DEG, aJ/ANG or AJ/DEG ---
	-------------------------------------------------------------------------------
	           Coordinate      Previous         Force          Change          New 
	           ----------      --------        ------          ------        ------
	               R(1,2)       3.36986        0.00111        0.02105       3.39091
	-------------------------------------------------------------------------------

2025-12-23:11:31:21,223 INFO     [psi4.optking.stepAlgorithms:113] 	|target step| :    0.0397880528
2025-12-23:11:31:21,223 INFO     [psi4.optking.stepAlgorithms:114] 	gradient     :   -0.0001341684
2025-12-23:11:31:21,223 INFO     [psi4.optking.stepAlgorithms:115] 	hessian      :    0.0033667401
2025-12-23:11:31:21,223 INFO     [psi4.optking.stepAlgorithms:113] 	|target step| :    0.0397880528
2025-12-23:11:31:21,223 INFO     [psi4.optking.stepAlgorithms:114] 	gradient     :   -0.0001341684
2025-12-23:11:31:21,223 INFO     [psi4.optking.stepAlgorithms:115] 	hessian      :    0.0033667401
2025-12-23:11:31:21,223 INFO     [psi4.optking.stepAlgorithms:206] 	Norm of achieved step-size    0.0397880528
2025-12-23:11:31:21,223 INFO     [psi4.optking.stepAlgorithms:208] 	Norm of achieved step-size (cart):    0.0281344019
2025-12-23:11:31:21,223 INFO     [psi4.optking.opt_helper:164] Molsys:

	                            ===> Fragment 1 <== 

	 Z (Atomic Numbers)          Masses                          Geom                  
	      14.000000            27.976927          0.00000000  0.00000000  3.76565791   
	      18.000000            39.962383          0.00000000  0.00000000 -2.64223416   

	 - Coordinate -           - BOHR/RAD -       - ANG/DEG -
	 R(1,2)           =         6.407892           3.390910

2025-12-23:11:31:21,224 INFO     [psi4.optking.convcheck:76] Performing convergence check.
2025-12-23:11:31:21,224 INFO     [psi4.optking.convcheck:282] 
	                                 ==> Convergence Check <==                                  
    
	Measures of convergence in internal coordinates in au.
    
	Criteria marked as inactive (o), active & met (*), and active & unmet ( ).

	----------------------------------------------------------------------------------------------
	   Step    Total Energy     Delta E     Max Force     RMS Force      Max Disp      RMS Disp   
	----------------------------------------------------------------------------------------------
	  Convergence Criteria     1.00e-06 *    3.00e-04 *             o    1.20e-03 *             o
	----------------------------------------------------------------------------------------------
	    18    -816.93173566   -1.67e-05      1.34e-04 *    1.34e-04 o    3.98e-02      3.98e-02 o  ~
	----------------------------------------------------------------------------------------------


2025-12-23:11:31:21,224 INFO     [psi4.optking.stepAlgorithms:296] 	Convergence check returned False
2025-12-23:11:31:21,234 INFO     [psi4.driver.task_planner:259] PLANNING Atomic:  keywords={'DAMPING_PERCENTAGE': 1.0, 'GEOM_MAXITER': 500, 'SCF__GUESS': 'READ', 'GUESS': 'SAP', 'MAXITER': 500, 'REFERENCE': 'UKS', 'function_kwargs': {}}
2025-12-23:11:31:21,235 INFO     [psi4.driver.driver:638] Compute gradient(): method=b3lyp, basis=cc-pvdz, molecule=default, nre=39.326505101202336
2025-12-23:11:31:21,812 INFO     [psi4.driver.driver:641] Return gradient(): -816.9317393104119
2025-12-23:11:31:21,813 INFO     [psi4.driver.driver:642] [[ 0.00000000 -0.00000000 -0.00006520]
 [-0.00000000  0.00000000  0.00006625]]
2025-12-23:11:31:21,814 INFO     [psi4.optking.history:269] 	Performing BFGS update.
2025-12-23:11:31:21,814 INFO     [psi4.optking.history:280] 	Using 4 previous steps for update.
2025-12-23:11:31:21,814 WARNING  [psi4.optking.history:301] 	Change in internal coordinate of 5.35e-01 exceeds limit of 5.00e-01.
2025-12-23:11:31:21,814 WARNING  [psi4.optking.history:306] 	Skipping Hessian update for step 15.
2025-12-23:11:31:21,814 WARNING  [psi4.optking.history:301] 	Change in internal coordinate of 8.16e-01 exceeds limit of 5.00e-01.
2025-12-23:11:31:21,814 WARNING  [psi4.optking.history:306] 	Skipping Hessian update for step 14.
2025-12-23:11:31:21,814 WARNING  [psi4.optking.history:301] 	Change in internal coordinate of 1.13e+00 exceeds limit of 5.00e-01.
2025-12-23:11:31:21,814 WARNING  [psi4.optking.history:306] 	Skipping Hessian update for step 13.
2025-12-23:11:31:21,814 WARNING  [psi4.optking.history:301] 	Change in internal coordinate of 1.46e+00 exceeds limit of 5.00e-01.
2025-12-23:11:31:21,814 WARNING  [psi4.optking.history:306] 	Skipping Hessian update for step 12.
2025-12-23:11:31:21,814 WARNING  [psi4.optking.history:301] 	Change in internal coordinate of 1.80e+00 exceeds limit of 5.00e-01.
2025-12-23:11:31:21,814 WARNING  [psi4.optking.history:306] 	Skipping Hessian update for step 11.
2025-12-23:11:31:21,814 WARNING  [psi4.optking.history:301] 	Change in internal coordinate of 2.14e+00 exceeds limit of 5.00e-01.
2025-12-23:11:31:21,814 WARNING  [psi4.optking.history:306] 	Skipping Hessian update for step 10.
2025-12-23:11:31:21,815 WARNING  [psi4.optking.history:301] 	Change in internal coordinate of 2.48e+00 exceeds limit of 5.00e-01.
2025-12-23:11:31:21,815 WARNING  [psi4.optking.history:306] 	Skipping Hessian update for step 9.
2025-12-23:11:31:21,815 WARNING  [psi4.optking.history:301] 	Change in internal coordinate of 2.81e+00 exceeds limit of 5.00e-01.
2025-12-23:11:31:21,815 WARNING  [psi4.optking.history:306] 	Skipping Hessian update for step 8.
2025-12-23:11:31:21,815 WARNING  [psi4.optking.history:301] 	Change in internal coordinate of 3.13e+00 exceeds limit of 5.00e-01.
2025-12-23:11:31:21,815 WARNING  [psi4.optking.history:306] 	Skipping Hessian update for step 7.
2025-12-23:11:31:21,815 WARNING  [psi4.optking.history:301] 	Change in internal coordinate of 3.41e+00 exceeds limit of 5.00e-01.
2025-12-23:11:31:21,815 WARNING  [psi4.optking.history:306] 	Skipping Hessian update for step 6.
2025-12-23:11:31:21,815 WARNING  [psi4.optking.history:301] 	Change in internal coordinate of 3.66e+00 exceeds limit of 5.00e-01.
2025-12-23:11:31:21,815 WARNING  [psi4.optking.history:306] 	Skipping Hessian update for step 5.
2025-12-23:11:31:21,815 WARNING  [psi4.optking.history:301] 	Change in internal coordinate of 4.00e+00 exceeds limit of 5.00e-01.
2025-12-23:11:31:21,815 WARNING  [psi4.optking.history:306] 	Skipping Hessian update for step 4.
2025-12-23:11:31:21,815 WARNING  [psi4.optking.history:301] 	Change in internal coordinate of 4.10e+00 exceeds limit of 5.00e-01.
2025-12-23:11:31:21,815 WARNING  [psi4.optking.history:306] 	Skipping Hessian update for step 3.
2025-12-23:11:31:21,815 WARNING  [psi4.optking.history:301] 	Change in internal coordinate of 4.13e+00 exceeds limit of 5.00e-01.
2025-12-23:11:31:21,815 WARNING  [psi4.optking.history:306] 	Skipping Hessian update for step 2.
2025-12-23:11:31:21,815 WARNING  [psi4.optking.history:301] 	Change in internal coordinate of 4.14e+00 exceeds limit of 5.00e-01.
2025-12-23:11:31:21,815 WARNING  [psi4.optking.history:306] 	Skipping Hessian update for step 1.
2025-12-23:11:31:21,815 INFO     [psi4.optking.history:317] 	Steps to be used in Hessian update:  18 17 16

2025-12-23:11:31:21,815 INFO     [psi4.optking.history:418] 	Updated Hessian (in au) 
 	   0.002419

2025-12-23:11:31:21,815 INFO     [psi4.optking.molsys:944] Projected (PHP) Hessian matrix
	   0.002419

2025-12-23:11:31:21,815 INFO     [psi4.optking.opt_helper:182] 
	         Geometry (au)                                       Gradient (au)
   0.0000000000   0.0000000000   3.7691674970		   0.0000000000  -0.0000000000  -0.0000652037
   0.0000000000   0.0000000000  -2.6387245684		  -0.0000000000   0.0000000000   0.0000662516

2025-12-23:11:31:21,815 INFO     [psi4.optking.stepAlgorithms:368] 	Current Step Report 
 
	Current energy:      -816.9317393104
	Energy change for the previous step:
		Actual       :        -0.0000036469
		Projected    :        -0.0000026692

2025-12-23:11:31:21,815 INFO     [psi4.optking.stepAlgorithms:371] 	Energy ratio =    1.36630
2025-12-23:11:31:21,815 INFO     [psi4.optking.stepAlgorithms:929] 	Using RFO solution 1.
2025-12-23:11:31:21,815 INFO     [psi4.optking.displace:100] 	Determining Cartesian step for fragment 1.
2025-12-23:11:31:21,816 INFO     [psi4.optking.displace:415] 	Successfully converged to displaced geometry.
2025-12-23:11:31:21,816 INFO     [psi4.optking.displace:416] 	RMS(dx):  0.000e+00 	Max(dx):  0.000e+00 	RMS(dq):  0.000e+00
2025-12-23:11:31:21,816 INFO     [psi4.optking.displace:172] 

	        --- Internal Coordinate Step in ANG or DEG, aJ/ANG or AJ/DEG ---
	-------------------------------------------------------------------------------
	           Coordinate      Previous         Force          Change          New 
	           ----------      --------        ------          ------        ------
	               R(1,2)       3.39091        0.00054        0.01437       3.40528
	-------------------------------------------------------------------------------

2025-12-23:11:31:21,816 INFO     [psi4.optking.stepAlgorithms:113] 	|target step| :    0.0271551361
2025-12-23:11:31:21,816 INFO     [psi4.optking.stepAlgorithms:114] 	gradient     :   -0.0000657276
2025-12-23:11:31:21,816 INFO     [psi4.optking.stepAlgorithms:115] 	hessian      :    0.0024186649
2025-12-23:11:31:21,816 INFO     [psi4.optking.stepAlgorithms:113] 	|target step| :    0.0271551361
2025-12-23:11:31:21,816 INFO     [psi4.optking.stepAlgorithms:114] 	gradient     :   -0.0000657276
2025-12-23:11:31:21,816 INFO     [psi4.optking.stepAlgorithms:115] 	hessian      :    0.0024186649
2025-12-23:11:31:21,816 INFO     [psi4.optking.stepAlgorithms:206] 	Norm of achieved step-size    0.0271551361
2025-12-23:11:31:21,816 INFO     [psi4.optking.stepAlgorithms:208] 	Norm of achieved step-size (cart):    0.0192015809
2025-12-23:11:31:21,816 INFO     [psi4.optking.opt_helper:164] Molsys:

	                            ===> Fragment 1 <== 

	 Z (Atomic Numbers)          Masses                          Geom                  
	      14.000000            27.976927          0.00000000  0.00000000  3.78274507   
	      18.000000            39.962383          0.00000000  0.00000000 -2.65230214   

	 - Coordinate -           - BOHR/RAD -       - ANG/DEG -
	 R(1,2)           =         6.435047           3.405280

2025-12-23:11:31:21,816 INFO     [psi4.optking.convcheck:76] Performing convergence check.
2025-12-23:11:31:21,816 INFO     [psi4.optking.convcheck:282] 
	                                 ==> Convergence Check <==                                  
    
	Measures of convergence in internal coordinates in au.
    
	Criteria marked as inactive (o), active & met (*), and active & unmet ( ).

	----------------------------------------------------------------------------------------------
	   Step    Total Energy     Delta E     Max Force     RMS Force      Max Disp      RMS Disp   
	----------------------------------------------------------------------------------------------
	  Convergence Criteria     1.00e-06 *    3.00e-04 *             o    1.20e-03 *             o
	----------------------------------------------------------------------------------------------
	    19    -816.93173931   -3.65e-06      6.57e-05 *    6.57e-05 o    2.72e-02      2.72e-02 o  ~
	----------------------------------------------------------------------------------------------


2025-12-23:11:31:21,816 INFO     [psi4.optking.stepAlgorithms:296] 	Convergence check returned False
2025-12-23:11:31:21,826 INFO     [psi4.driver.task_planner:259] PLANNING Atomic:  keywords={'DAMPING_PERCENTAGE': 1.0, 'GEOM_MAXITER': 500, 'SCF__GUESS': 'READ', 'GUESS': 'SAP', 'MAXITER': 500, 'REFERENCE': 'UKS', 'function_kwargs': {}}
2025-12-23:11:31:21,827 INFO     [psi4.driver.driver:638] Compute gradient(): method=b3lyp, basis=cc-pvdz, molecule=default, nre=39.160551913193565
2025-12-23:11:31:22,378 INFO     [psi4.driver.driver:641] Return gradient(): -816.9317403100241
2025-12-23:11:31:22,378 INFO     [psi4.driver.driver:642] [[-0.00000000  0.00000000 -0.00002153]
 [ 0.00000000  0.00000000  0.00002392]]
2025-12-23:11:31:22,380 INFO     [psi4.optking.history:269] 	Performing BFGS update.
2025-12-23:11:31:22,380 INFO     [psi4.optking.history:280] 	Using 4 previous steps for update.
2025-12-23:11:31:22,380 INFO     [psi4.optking.history:317] 	Steps to be used in Hessian update:  19 18 17 16

2025-12-23:11:31:22,380 INFO     [psi4.optking.history:418] 	Updated Hessian (in au) 
 	   0.002349

2025-12-23:11:31:22,380 INFO     [psi4.optking.molsys:944] Projected (PHP) Hessian matrix
	   0.002349

2025-12-23:11:31:22,380 INFO     [psi4.optking.opt_helper:182] 
	         Geometry (au)                                       Gradient (au)
   0.0000000000   0.0000000000   3.7851403404		  -0.0000000000   0.0000000000  -0.0000215312
   0.0000000000   0.0000000000  -2.6499068611		   0.0000000000   0.0000000000   0.0000239225

2025-12-23:11:31:22,381 INFO     [psi4.optking.stepAlgorithms:368] 	Current Step Report 
 
	Current energy:      -816.9317403100
	Energy change for the previous step:
		Actual       :        -0.0000009996
		Projected    :        -0.0000008924

2025-12-23:11:31:22,381 INFO     [psi4.optking.stepAlgorithms:371] 	Energy ratio =    1.12011
2025-12-23:11:31:22,381 INFO     [psi4.optking.stepAlgorithms:929] 	Using RFO solution 1.
2025-12-23:11:31:22,381 INFO     [psi4.optking.displace:100] 	Determining Cartesian step for fragment 1.
2025-12-23:11:31:22,381 INFO     [psi4.optking.displace:415] 	Successfully converged to displaced geometry.
2025-12-23:11:31:22,381 INFO     [psi4.optking.displace:416] 	RMS(dx):  0.000e+00 	Max(dx):  0.000e+00 	RMS(dq):  0.000e+00
2025-12-23:11:31:22,381 INFO     [psi4.optking.displace:172] 

	        --- Internal Coordinate Step in ANG or DEG, aJ/ANG or AJ/DEG ---
	-------------------------------------------------------------------------------
	           Coordinate      Previous         Force          Change          New 
	           ----------      --------        ------          ------        ------
	               R(1,2)       3.40528        0.00019        0.00512       3.41040
	-------------------------------------------------------------------------------

2025-12-23:11:31:22,381 INFO     [psi4.optking.stepAlgorithms:113] 	|target step| :    0.0096733513
2025-12-23:11:31:22,381 INFO     [psi4.optking.stepAlgorithms:114] 	gradient     :   -0.0000227269
2025-12-23:11:31:22,381 INFO     [psi4.optking.stepAlgorithms:115] 	hessian      :    0.0023492110
2025-12-23:11:31:22,381 INFO     [psi4.optking.stepAlgorithms:113] 	|target step| :    0.0096733513
2025-12-23:11:31:22,381 INFO     [psi4.optking.stepAlgorithms:114] 	gradient     :   -0.0000227269
2025-12-23:11:31:22,381 INFO     [psi4.optking.stepAlgorithms:115] 	hessian      :    0.0023492110
2025-12-23:11:31:22,381 INFO     [psi4.optking.stepAlgorithms:206] 	Norm of achieved step-size    0.0096733513
2025-12-23:11:31:22,381 INFO     [psi4.optking.stepAlgorithms:208] 	Norm of achieved step-size (cart):    0.0068400923
2025-12-23:11:31:22,381 INFO     [psi4.optking.opt_helper:164] Molsys:

	                            ===> Fragment 1 <== 

	 Z (Atomic Numbers)          Masses                          Geom                  
	      14.000000            27.976927          0.00000000  0.00000000  3.78997702   
	      18.000000            39.962383          0.00000000  0.00000000 -2.65474354   

	 - Coordinate -           - BOHR/RAD -       - ANG/DEG -
	 R(1,2)           =         6.444721           3.410399

2025-12-23:11:31:22,382 INFO     [psi4.optking.convcheck:76] Performing convergence check.
2025-12-23:11:31:22,382 INFO     [psi4.optking.convcheck:282] 
	                                 ==> Convergence Check <==                                  
    
	Measures of convergence in internal coordinates in au.
    
	Criteria marked as inactive (o), active & met (*), and active & unmet ( ).

	----------------------------------------------------------------------------------------------
	   Step    Total Energy     Delta E     Max Force     RMS Force      Max Disp      RMS Disp   
	----------------------------------------------------------------------------------------------
	  Convergence Criteria     1.00e-06 *    3.00e-04 *             o    1.20e-03 *             o
	----------------------------------------------------------------------------------------------
	    20    -816.93174031   -1.00e-06 *    2.27e-05 *    2.27e-05 o    9.67e-03      9.67e-03 o  ~
	----------------------------------------------------------------------------------------------


2025-12-23:11:31:22,382 INFO     [psi4.optking.convcheck:206] 
	                      ===> Final Convergence Report <===                     

	----------------------------------------------------------------------------
	|   Required Criteria    |  One or More Criteria  |   Alternate Criteria   |
	----------------------------------------------------------------------------
	| [x]     max_force      | [x]       max_DE       |                        |
	|                        | [ ]      max_disp      |                        |
	----------------------------------------------------------------------------


2025-12-23:11:31:22,382 INFO     [psi4.optking.stepAlgorithms:296] 	Convergence check returned True
2025-12-23:11:31:22,382 INFO     [psi4.optking.optimize:332] 	Converged in 20 steps!
2025-12-23:11:31:22,382 INFO     [psi4.optking.optimize:333] 	Final energy is   -816.9317403100241
2025-12-23:11:31:22,382 INFO     [psi4.optking.optimize:334] 	Final structure (Angstroms): 
	Fragment 1 (Ang)

	   Si   0.0000000000   0.0000000000   2.0055694659
	   Ar   0.0000000000   0.0000000000  -1.4048297798


2025-12-23:11:31:22,383 INFO     [psi4.optking.optimize:562] 	Optimization Finished

	==> Optimization Summary <==

        
	Measures of convergence in internal coordinates in au. (Any backward steps not shown.)
        
	---------------------------------------------------------------------------------------------------------------  ~
        
	 Step         Total Energy             Delta E       MAX Force       RMS Force        MAX Disp        RMS Disp   ~
        
	---------------------------------------------------------------------------------------------------------------  ~
        
	     1    -815.508206329689   -815.508206329689      3.02618354      3.02618354      0.01389024      0.01389024  ~
	     2    -815.549611150684     -0.041404820995      2.93594009      2.93594009      0.02693767      0.02693767  ~
	     3    -815.626418040400     -0.076806889716      2.76816202      2.76816202      0.10063725      0.10063725  ~
	     4    -815.876418998913     -0.250000958514      2.21993702      2.21993702      0.34354241      0.34354241  ~
	     5    -816.412865722491     -0.536446723578      1.05214287      1.05214287      0.24321278      0.24321278  ~
	     6    -816.612797045275     -0.199931322783      0.62989687      0.62989687      0.28447402      0.28447402  ~
	     7    -816.748498530525     -0.135701485251      0.35258363      0.35258363      0.31263994      0.31263994  ~
	     8    -816.830771590073     -0.082273059547      0.19126507      0.19126507      0.33024938      0.33024938  ~
	     9    -816.877753435753     -0.046981845680      0.10287048      0.10287048      0.33992357      0.33992357  ~
	    10    -816.903753224165     -0.025999788412      0.05513322      0.05513322      0.34567681      0.34567681  ~
	    11    -816.917852764632     -0.014099540467      0.02913419      0.02913419      0.34204251      0.34204251  ~
	    12    -816.925181930552     -0.007329165920      0.01516205      0.01516205      0.33060323      0.33060323  ~
	    13    -816.928839482844     -0.003657552292      0.00773238      0.00773238      0.31083032      0.31083032  ~
	    14    -816.930573014327     -0.001733531484      0.00382345      0.00382345      0.28016855      0.28016855  ~
	    15    -816.931332614733     -0.000759600406      0.00180274      0.00180274      0.23602298      0.23602298  ~
	    16    -816.931626096395     -0.000293481662      0.00078980      0.00078980      0.17818727      0.17818727  ~
	    17    -816.931718918023     -0.000092821628      0.00029771      0.00029771      0.08139372      0.08139372  ~
	    18    -816.931735663540     -0.000016745517      0.00013417      0.00013417      0.03978805      0.03978805  ~
	    19    -816.931739310412     -0.000003646872      0.00006573      0.00006573      0.02715514      0.02715514  ~
	    20    -816.931740310024     -0.000000999612      0.00002273      0.00002273      0.00967335      0.00967335  ~
	----------------------------------------------------------------------------------------------------------------


2025-12-23:11:31:22,383 INFO     [psi4.optking.optimize:806] Preparing OptimizationResult
