2025-12-23:11:05:17,732 WARNING  [psi4.optking:38] Some dependencies such as QCElemental have not yet finished migration to pydantic v2. If issues are encountered please downgrade pydantic or upgrade QCElemental as appropriate
2025-12-23:11:05:17,894 INFO     [psi4.optking.optwrapper:234] Creating a UserComputer
2025-12-23:11:05:17,894 INFO     [psi4.optking.optwrapper:242] 
    			-----------------------------------------

    			 OPTKING 3.0: for geometry optimizations 

    			     By R.A. King, Bethel University     

    			        with contributions from          

    			    A.V. Copan, J. Cayton, A. Heide      

    			-----------------------------------------

    
2025-12-23:11:05:17,894 INFO     [psi4.optking.optwrapper:272] 
		 -- Optimization Parameters --
	GEOM_MAXITER                   =             500
	ALG_GEOM_MAXITER               =              50
	PRINT                          =               1
	OPT_TYPE                       =             MIN
	STEP_TYPE                      =             RFO
	PROGRAM                        =            PSI4
	STEEPEST_DESCENT_TYPE          =         OVERLAP
	CONJUGATE_GRADIENT_TYPE        =        FLETCHER
	OPT_COORDINATES                =        INTERNAL
	RFO_FOLLOW_ROOT                =           False
	RFO_ROOT                       =               0
	ACCEPT_SYMMETRY_BREAKING       =           False
	DYNAMIC_LVL                    =               0
	DYNAMIC_LVL_MAX                =               0
	IRC_STEP_SIZE                  =             0.2
	IRC_DIRECTION                  =         FORWARD
	IRC_POINTS                     =              20
	IRC_MODE                       =          NORMAL
	IRC_CONVERGENCE                =            -0.7
	INTRAFRAG_STEP_LIMIT           =             0.5
	INTRAFRAG_STEP_LIMIT_MIN       =           0.001
	INTRAFRAG_STEP_LIMIT_MAX       =             1.0
	INTERFRAG_STEP_LIMIT           =             0.5
	INTERFRAG_STEP_LIMIT_MIN       =           0.001
	INTERFRAG_STEP_LIMIT_MAX       =             1.0
	ENSURE_BT_CONVERGENCE          =           False
	SIMPLE_STEP_SCALING            =           False
	CONSECUTIVE_BACKSTEPS          =               0
	RFO_NORMALIZATION_MAX          =             100
	RSRFO_ALPHA_MAX                =     100000000.0
	PRINT_TRAJECTORY_XYZ_FILE      =           False
	WRITE_TRAJECTORY               =           False
	FROZEN_DISTANCE                =                
	FROZEN_BEND                    =                
	FROZEN_DIHEDRAL                =                
	FROZEN_OOFP                    =                
	FROZEN_CARTESIAN               =                
	FREEZE_ALL_DIHEDRALS           =           False
	UNFREEZE_DIHEDRALS             =                
	RANGED_DISTANCE                =                
	RANGED_BEND                    =                
	RANGED_DIHEDRAL                =                
	RANGED_OOFP                    =                
	RANGED_CARTESIAN               =                
	EXT_FORCE_DISTANCE             =                
	EXT_FORCE_BEND                 =                
	EXT_FORCE_DIHEDRAL             =                
	EXT_FORCE_OOFP                 =                
	EXT_FORCE_CARTESIAN            =                
	G_CONVERGENCE                  =           QCHEM
	MAX_FORCE_G_CONVERGENCE        =          0.0003
	RMS_FORCE_G_CONVERGENCE        =          0.0003
	MAX_ENERGY_G_CONVERGENCE       =           1e-06
	MAX_DISP_G_CONVERGENCE         =          0.0012
	RMS_DISP_G_CONVERGENCE         =          0.0012
	FLEXIBLE_G_CONVERGENCE         =           False
	HESS_UPDATE                    =            BFGS
	HESS_UPDATE_USE_LAST           =               4
	HESS_UPDATE_LIMIT              =            True
	HESS_UPDATE_LIMIT_MAX          =             1.0
	HESS_UPDATE_LIMIT_SCALE        =             0.5
	HESS_UPDATE_DEN_TOL            =           1e-07
	HESS_UPDATE_DQ_TOL             =             0.5
	CART_HESS_READ                 =           False
	HESSIAN_FILE                   =               .
	FULL_HESS_EVERY                =              -1
	INTRAFRAG_HESS                 =        SCHLEGEL
	H_GUESS_EVERY                  =           False
	BT_MAX_ITER                    =              25
	BT_DX_CONV                     =           1e-07
	BT_DX_RMS_CHANGE_CONV          =           1e-12
	BT_PINV_RCOND                  =           1e-06
	FRAG_MODE                      =          SINGLE
	FRAG_REF_ATOMS                 =              []
	FREEZE_INTRAFRAG               =           False
	INTERFRAG_MODE                 =           FIXED
	ADD_AUXILIARY_BONDS            =           False
	AUXILIARY_BOND_FACTOR          =             2.5
	INTERFRAG_DIST_INV             =           False
	INTERFRAG_COLLINEAR_TOL        =            0.01
	INTERFRAG_COORDS               =              []
	INTERFRAG_HESS                 =         DEFAULT
	COVALENT_CONNECT               =             1.3
	INTERFRAGMENT_CONNECT          =             1.8
	H_BOND_CONNECT                 =             4.3
	INCLUDE_OOFP                   =           False
	TEST_B                         =           False
	TEST_DERIVATIVE_B              =           False
	LINESEARCH_STEP                =             0.1
	LINESEARCH                     =           False
	SD_HESSIAN                     =             1.0
	FIX_VAL_NEAR_PI                =            1.57
	V3D_TORS_ANGLE_LIM             =           0.017
	V3D_TORS_COS_TOL               =           1e-10
	LINEAR_BEND_THRESHOLD          =            3.05
	SMALL_BEND_FIX_THRESHOLD       =            0.35
	REDUNDANT_EVAL_TOL             =           1e-10
	LINEAR_ALGEBRA_TOL             =           1e-10


2025-12-23:11:05:18,28 INFO     [psi4.optking.opt_helper:164] Molsys:

	                            ===> Fragment 1 <== 

	 Z (Atomic Numbers)          Masses                          Geom                  
	       8.000000            15.994915          0.00000000  0.00000000  1.61947690   
	      18.000000            39.962383          0.00000000  0.00000000 -0.64819445   

	 - Coordinate -           - BOHR/RAD -       - ANG/DEG -
	 R(1,2)           =         2.267671           1.200000

2025-12-23:11:05:18,38 INFO     [psi4.driver.task_planner:259] PLANNING Atomic:  keywords={'DAMPING_PERCENTAGE': 1.0, 'GEOM_MAXITER': 500, 'GUESS': 'SAP', 'MAXITER': 500, 'REFERENCE': 'UKS', 'function_kwargs': {}}
2025-12-23:11:05:18,39 INFO     [psi4.driver.driver:638] Compute gradient(): method=b3lyp, basis=cc-pvdz, molecule=default, nre=63.50126528040001
2025-12-23:11:05:18,599 INFO     [psi4.driver.driver:641] Return gradient(): -601.9956861156129
2025-12-23:11:05:18,599 INFO     [psi4.driver.driver:642] [[ 0.00000000 -0.00000000 -1.08219023]
 [ 0.00000000 -0.00000000  1.08216362]]
2025-12-23:11:05:18,601 INFO     [psi4.optking.molsys:944] Projected (PHP) Hessian matrix
	   4.182219

2025-12-23:11:05:18,601 INFO     [psi4.optking.opt_helper:182] 
	         Geometry (au)                                       Gradient (au)
   0.0000000000   0.0000000000   1.6194769041		   0.0000000000  -0.0000000000  -1.0821902332
   0.0000000000   0.0000000000  -0.6481944465		   0.0000000000  -0.0000000000   1.0821636214

2025-12-23:11:05:18,601 INFO     [psi4.optking.stepAlgorithms:929] 	Using RFO solution 1.
2025-12-23:11:05:18,601 INFO     [psi4.optking.displace:100] 	Determining Cartesian step for fragment 1.
2025-12-23:11:05:18,602 INFO     [psi4.optking.displace:415] 	Successfully converged to displaced geometry.
2025-12-23:11:05:18,602 INFO     [psi4.optking.displace:416] 	RMS(dx):  0.000e+00 	Max(dx):  0.000e+00 	RMS(dq):  0.000e+00
2025-12-23:11:05:18,602 INFO     [psi4.optking.displace:172] 

	        --- Internal Coordinate Step in ANG or DEG, aJ/ANG or AJ/DEG ---
	-------------------------------------------------------------------------------
	           Coordinate      Previous         Force          Change          New 
	           ----------      --------        ------          ------        ------
	               R(1,2)       1.20000        8.91576        0.12881       1.32881
	-------------------------------------------------------------------------------

2025-12-23:11:05:18,602 INFO     [psi4.optking.stepAlgorithms:113] 	|target step| :    0.2434239805
2025-12-23:11:05:18,602 INFO     [psi4.optking.stepAlgorithms:114] 	gradient     :   -1.0821769273
2025-12-23:11:05:18,602 INFO     [psi4.optking.stepAlgorithms:115] 	hessian      :    4.1822185214
2025-12-23:11:05:18,602 INFO     [psi4.optking.stepAlgorithms:113] 	|target step| :    0.2434239805
2025-12-23:11:05:18,602 INFO     [psi4.optking.stepAlgorithms:114] 	gradient     :   -1.0821769273
2025-12-23:11:05:18,602 INFO     [psi4.optking.stepAlgorithms:115] 	hessian      :    4.1822185214
2025-12-23:11:05:18,602 INFO     [psi4.optking.stepAlgorithms:206] 	Norm of achieved step-size    0.2434239805
2025-12-23:11:05:18,602 INFO     [psi4.optking.stepAlgorithms:208] 	Norm of achieved step-size (cart):    0.1721267473
2025-12-23:11:05:18,602 INFO     [psi4.optking.opt_helper:164] Molsys:

	                            ===> Fragment 1 <== 

	 Z (Atomic Numbers)          Masses                          Geom                  
	       8.000000            15.994915          0.00000000  0.00000000  1.74118889   
	      18.000000            39.962383          0.00000000  0.00000000 -0.76990644   

	 - Coordinate -           - BOHR/RAD -       - ANG/DEG -
	 R(1,2)           =         2.511095           1.328814

2025-12-23:11:05:18,602 INFO     [psi4.optking.convcheck:76] Performing convergence check.
2025-12-23:11:05:18,602 INFO     [psi4.optking.convcheck:282] 
	                                 ==> Convergence Check <==                                  
    
	Measures of convergence in internal coordinates in au.
    
	Criteria marked as inactive (o), active & met (*), and active & unmet ( ).

	----------------------------------------------------------------------------------------------~
	   Step    Total Energy     Delta E     Max Force     RMS Force      Max Disp      RMS Disp   ~
	----------------------------------------------------------------------------------------------~
	  Convergence Criteria     1.00e-06 *    3.00e-04 *             o    1.20e-03 *             o~
	----------------------------------------------------------------------------------------------~
	     1    -601.99568612   -6.02e+02      1.08e+00      1.08e+00 o    2.43e-01      2.43e-01 o  ~
	----------------------------------------------------------------------------------------------


2025-12-23:11:05:18,602 INFO     [psi4.optking.stepAlgorithms:296] 	Convergence check returned False
2025-12-23:11:05:18,613 INFO     [psi4.driver.task_planner:259] PLANNING Atomic:  keywords={'DAMPING_PERCENTAGE': 1.0, 'GEOM_MAXITER': 500, 'SCF__GUESS': 'READ', 'GUESS': 'SAP', 'MAXITER': 500, 'REFERENCE': 'UKS', 'function_kwargs': {}}
2025-12-23:11:05:18,615 INFO     [psi4.driver.driver:638] Compute gradient(): method=b3lyp, basis=cc-pvdz, molecule=default, nre=57.345493107163456
2025-12-23:11:05:19,120 INFO     [psi4.driver.driver:641] Return gradient(): -602.2025892838055
2025-12-23:11:05:19,120 INFO     [psi4.driver.driver:642] [[-0.00000000  0.00000000 -0.67248307]
 [ 0.00000000 -0.00000000  0.67245867]]
2025-12-23:11:05:19,121 INFO     [psi4.optking.history:269] 	Performing BFGS update.
2025-12-23:11:05:19,121 INFO     [psi4.optking.history:280] 	Using 1 previous steps for update.
2025-12-23:11:05:19,121 INFO     [psi4.optking.history:317] 	Steps to be used in Hessian update:  1

2025-12-23:11:05:19,122 INFO     [psi4.optking.history:418] 	Updated Hessian (in au) 
 	   2.091109

2025-12-23:11:05:19,122 INFO     [psi4.optking.molsys:944] Projected (PHP) Hessian matrix
	   2.091109

2025-12-23:11:05:19,122 INFO     [psi4.optking.opt_helper:182] 
	         Geometry (au)                                       Gradient (au)
   0.0000000000   0.0000000000   1.7933202232		  -0.0000000000   0.0000000000  -0.6724830667
   0.0000000000   0.0000000000  -0.7177751078		   0.0000000000  -0.0000000000   0.6724586718

2025-12-23:11:05:19,122 INFO     [psi4.optking.stepAlgorithms:368] 	Current Step Report 
 
	Current energy:      -602.2025892838
	Energy change for the previous step:
		Actual       :        -0.2069031682
		Projected    :        -0.1317139076

2025-12-23:11:05:19,122 INFO     [psi4.optking.stepAlgorithms:371] 	Energy ratio =    1.57085
2025-12-23:11:05:19,122 INFO     [psi4.optking.stepAlgorithms:399] 	Energy ratio indicates good step.
2025-12-23:11:05:19,122 INFO     [psi4.optking.stepAlgorithms:400] 	Intrafrag trust radius increased to      1.
2025-12-23:11:05:19,122 INFO     [psi4.optking.stepAlgorithms:929] 	Using RFO solution 1.
2025-12-23:11:05:19,122 INFO     [psi4.optking.displace:100] 	Determining Cartesian step for fragment 1.
2025-12-23:11:05:19,122 INFO     [psi4.optking.displace:415] 	Successfully converged to displaced geometry.
2025-12-23:11:05:19,122 INFO     [psi4.optking.displace:416] 	RMS(dx):  1.282e-16 	Max(dx):  2.220e-16 	RMS(dq):  0.000e+00
2025-12-23:11:05:19,123 INFO     [psi4.optking.displace:172] 

	        --- Internal Coordinate Step in ANG or DEG, aJ/ANG or AJ/DEG ---
	-------------------------------------------------------------------------------
	           Coordinate      Previous         Force          Change          New 
	           ----------      --------        ------          ------        ------
	               R(1,2)       1.32881        5.54030        0.15548       1.48430
	-------------------------------------------------------------------------------

2025-12-23:11:05:19,123 INFO     [psi4.optking.stepAlgorithms:113] 	|target step| :    0.2938226573
2025-12-23:11:05:19,123 INFO     [psi4.optking.stepAlgorithms:114] 	gradient     :   -0.6724708692
2025-12-23:11:05:19,123 INFO     [psi4.optking.stepAlgorithms:115] 	hessian      :    2.0911092607
2025-12-23:11:05:19,123 INFO     [psi4.optking.stepAlgorithms:113] 	|target step| :    0.2938226573
2025-12-23:11:05:19,123 INFO     [psi4.optking.stepAlgorithms:114] 	gradient     :   -0.6724708692
2025-12-23:11:05:19,123 INFO     [psi4.optking.stepAlgorithms:115] 	hessian      :    2.0911092607
2025-12-23:11:05:19,123 INFO     [psi4.optking.stepAlgorithms:206] 	Norm of achieved step-size    0.2938226573
2025-12-23:11:05:19,123 INFO     [psi4.optking.stepAlgorithms:208] 	Norm of achieved step-size (cart):    0.2077639934
2025-12-23:11:05:19,123 INFO     [psi4.optking.opt_helper:164] Molsys:

	                            ===> Fragment 1 <== 

	 Z (Atomic Numbers)          Masses                          Geom                  
	       8.000000            15.994915          0.00000000  0.00000000  1.94023155   
	      18.000000            39.962383          0.00000000  0.00000000 -0.86468644   

	 - Coordinate -           - BOHR/RAD -       - ANG/DEG -
	 R(1,2)           =         2.804918           1.484299

2025-12-23:11:05:19,123 INFO     [psi4.optking.convcheck:76] Performing convergence check.
2025-12-23:11:05:19,123 INFO     [psi4.optking.convcheck:282] 
	                                 ==> Convergence Check <==                                  
    
	Measures of convergence in internal coordinates in au.
    
	Criteria marked as inactive (o), active & met (*), and active & unmet ( ).

	----------------------------------------------------------------------------------------------
	   Step    Total Energy     Delta E     Max Force     RMS Force      Max Disp      RMS Disp   
	----------------------------------------------------------------------------------------------
	  Convergence Criteria     1.00e-06 *    3.00e-04 *             o    1.20e-03 *             o
	----------------------------------------------------------------------------------------------
	     2    -602.20258928   -2.07e-01      6.72e-01      6.72e-01 o    2.94e-01      2.94e-01 o  ~
	----------------------------------------------------------------------------------------------


2025-12-23:11:05:19,123 INFO     [psi4.optking.stepAlgorithms:296] 	Convergence check returned False
2025-12-23:11:05:19,134 INFO     [psi4.driver.task_planner:259] PLANNING Atomic:  keywords={'DAMPING_PERCENTAGE': 1.0, 'GEOM_MAXITER': 500, 'SCF__GUESS': 'READ', 'GUESS': 'SAP', 'MAXITER': 500, 'REFERENCE': 'UKS', 'function_kwargs': {}}
2025-12-23:11:05:19,135 INFO     [psi4.driver.driver:638] Compute gradient(): method=b3lyp, basis=cc-pvdz, molecule=default, nre=51.338399410462266
2025-12-23:11:05:19,689 INFO     [psi4.driver.driver:641] Return gradient(): -602.3614369579002
2025-12-23:11:05:19,689 INFO     [psi4.driver.driver:642] [[-0.00000000  0.00000000 -0.43121545]
 [-0.00000000  0.00000000  0.43118505]]
2025-12-23:11:05:19,691 INFO     [psi4.optking.history:269] 	Performing BFGS update.
2025-12-23:11:05:19,691 INFO     [psi4.optking.history:280] 	Using 2 previous steps for update.
2025-12-23:11:05:19,691 WARNING  [psi4.optking.history:301] 	Change in internal coordinate of 5.37e-01 exceeds limit of 5.00e-01.
2025-12-23:11:05:19,691 WARNING  [psi4.optking.history:306] 	Skipping Hessian update for step 1.
2025-12-23:11:05:19,691 INFO     [psi4.optking.history:317] 	Steps to be used in Hessian update:  2

2025-12-23:11:05:19,691 INFO     [psi4.optking.history:418] 	Updated Hessian (in au) 
 	   1.045555

2025-12-23:11:05:19,691 INFO     [psi4.optking.molsys:944] Projected (PHP) Hessian matrix
	   1.045555

2025-12-23:11:05:19,691 INFO     [psi4.optking.opt_helper:182] 
	         Geometry (au)                                       Gradient (au)
   0.0000000000   0.0000000000   2.0031561888		  -0.0000000000   0.0000000000  -0.4312154481
   0.0000000000   0.0000000000  -0.8017617996		  -0.0000000000   0.0000000000   0.4311850502

2025-12-23:11:05:19,691 INFO     [psi4.optking.stepAlgorithms:368] 	Current Step Report 
 
	Current energy:      -602.3614369579
	Energy change for the previous step:
		Actual       :        -0.1588476741
		Projected    :        -0.0987935889

2025-12-23:11:05:19,691 INFO     [psi4.optking.stepAlgorithms:371] 	Energy ratio =    1.60787
2025-12-23:11:05:19,691 INFO     [psi4.optking.stepAlgorithms:929] 	Using RFO solution 1.
2025-12-23:11:05:19,692 INFO     [psi4.optking.displace:100] 	Determining Cartesian step for fragment 1.
2025-12-23:11:05:19,692 INFO     [psi4.optking.displace:415] 	Successfully converged to displaced geometry.
2025-12-23:11:05:19,692 INFO     [psi4.optking.displace:416] 	RMS(dx):  0.000e+00 	Max(dx):  0.000e+00 	RMS(dq):  0.000e+00
2025-12-23:11:05:19,692 INFO     [psi4.optking.displace:172] 

	        --- Internal Coordinate Step in ANG or DEG, aJ/ANG or AJ/DEG ---
	-------------------------------------------------------------------------------
	           Coordinate      Previous         Force          Change          New 
	           ----------      --------        ------          ------        ------
	               R(1,2)       1.48430        3.55254        0.19008       1.67438
	-------------------------------------------------------------------------------

2025-12-23:11:05:19,692 INFO     [psi4.optking.stepAlgorithms:113] 	|target step| :    0.3592011577
2025-12-23:11:05:19,692 INFO     [psi4.optking.stepAlgorithms:114] 	gradient     :   -0.4312002492
2025-12-23:11:05:19,692 INFO     [psi4.optking.stepAlgorithms:115] 	hessian      :    1.0455546304
2025-12-23:11:05:19,692 INFO     [psi4.optking.stepAlgorithms:113] 	|target step| :    0.3592011577
2025-12-23:11:05:19,692 INFO     [psi4.optking.stepAlgorithms:114] 	gradient     :   -0.4312002492
2025-12-23:11:05:19,692 INFO     [psi4.optking.stepAlgorithms:115] 	hessian      :    1.0455546304
2025-12-23:11:05:19,692 INFO     [psi4.optking.stepAlgorithms:206] 	Norm of achieved step-size    0.3592011577
2025-12-23:11:05:19,692 INFO     [psi4.optking.stepAlgorithms:208] 	Norm of achieved step-size (cart):    0.2539935744
2025-12-23:11:05:19,692 INFO     [psi4.optking.opt_helper:164] Molsys:

	                            ===> Fragment 1 <== 

	 Z (Atomic Numbers)          Masses                          Geom                  
	       8.000000            15.994915          0.00000000  0.00000000  2.18275677   
	      18.000000            39.962383          0.00000000  0.00000000 -0.98136238   

	 - Coordinate -           - BOHR/RAD -       - ANG/DEG -
	 R(1,2)           =         3.164119           1.674380

2025-12-23:11:05:19,692 INFO     [psi4.optking.convcheck:76] Performing convergence check.
2025-12-23:11:05:19,692 INFO     [psi4.optking.convcheck:282] 
	                                 ==> Convergence Check <==                                  
    
	Measures of convergence in internal coordinates in au.
    
	Criteria marked as inactive (o), active & met (*), and active & unmet ( ).

	----------------------------------------------------------------------------------------------
	   Step    Total Energy     Delta E     Max Force     RMS Force      Max Disp      RMS Disp   
	----------------------------------------------------------------------------------------------
	  Convergence Criteria     1.00e-06 *    3.00e-04 *             o    1.20e-03 *             o
	----------------------------------------------------------------------------------------------
	     3    -602.36143696   -1.59e-01      4.31e-01      4.31e-01 o    3.59e-01      3.59e-01 o  ~
	----------------------------------------------------------------------------------------------


2025-12-23:11:05:19,692 INFO     [psi4.optking.stepAlgorithms:296] 	Convergence check returned False
2025-12-23:11:05:19,703 INFO     [psi4.driver.task_planner:259] PLANNING Atomic:  keywords={'DAMPING_PERCENTAGE': 1.0, 'GEOM_MAXITER': 500, 'SCF__GUESS': 'READ', 'GUESS': 'SAP', 'MAXITER': 500, 'REFERENCE': 'UKS', 'function_kwargs': {}}
2025-12-23:11:05:19,704 INFO     [psi4.driver.driver:638] Compute gradient(): method=b3lyp, basis=cc-pvdz, molecule=default, nre=45.510296342876686
2025-12-23:11:05:20,277 INFO     [psi4.driver.driver:641] Return gradient(): -602.4805746137225
2025-12-23:11:05:20,277 INFO     [psi4.driver.driver:642] [[ 0.00000000  0.00000000 -0.24562377]
 [ 0.00000000  0.00000000  0.24560314]]
2025-12-23:11:05:20,279 INFO     [psi4.optking.history:269] 	Performing BFGS update.
2025-12-23:11:05:20,279 INFO     [psi4.optking.history:280] 	Using 3 previous steps for update.
2025-12-23:11:05:20,279 WARNING  [psi4.optking.history:301] 	Change in internal coordinate of 6.53e-01 exceeds limit of 5.00e-01.
2025-12-23:11:05:20,279 WARNING  [psi4.optking.history:306] 	Skipping Hessian update for step 2.
2025-12-23:11:05:20,279 WARNING  [psi4.optking.history:301] 	Change in internal coordinate of 8.96e-01 exceeds limit of 5.00e-01.
2025-12-23:11:05:20,279 WARNING  [psi4.optking.history:306] 	Skipping Hessian update for step 1.
2025-12-23:11:05:20,279 INFO     [psi4.optking.history:317] 	Steps to be used in Hessian update:  3

2025-12-23:11:05:20,279 INFO     [psi4.optking.history:418] 	Updated Hessian (in au) 
 	   0.516665

2025-12-23:11:05:20,279 INFO     [psi4.optking.molsys:944] Projected (PHP) Hessian matrix
	   0.516665

2025-12-23:11:05:20,279 INFO     [psi4.optking.opt_helper:182] 
	         Geometry (au)                                       Gradient (au)
   0.0000000000   0.0000000000   2.2596827699		   0.0000000000   0.0000000000  -0.2456237745
   0.0000000000   0.0000000000  -0.9044363761		   0.0000000000   0.0000000000   0.2456031417

2025-12-23:11:05:20,279 INFO     [psi4.optking.stepAlgorithms:368] 	Current Step Report 
 
	Current energy:      -602.4805746137
	Energy change for the previous step:
		Actual       :        -0.1191376558
		Projected    :        -0.0774438143

2025-12-23:11:05:20,279 INFO     [psi4.optking.stepAlgorithms:371] 	Energy ratio =    1.53838
2025-12-23:11:05:20,280 INFO     [psi4.optking.stepAlgorithms:929] 	Using RFO solution 1.
2025-12-23:11:05:20,280 INFO     [psi4.optking.displace:100] 	Determining Cartesian step for fragment 1.
2025-12-23:11:05:20,280 INFO     [psi4.optking.displace:415] 	Successfully converged to displaced geometry.
2025-12-23:11:05:20,280 INFO     [psi4.optking.displace:416] 	RMS(dx):  0.000e+00 	Max(dx):  0.000e+00 	RMS(dq):  0.000e+00
2025-12-23:11:05:20,280 INFO     [psi4.optking.displace:172] 

	        --- Internal Coordinate Step in ANG or DEG, aJ/ANG or AJ/DEG ---
	-------------------------------------------------------------------------------
	           Coordinate      Previous         Force          Change          New 
	           ----------      --------        ------          ------        ------
	               R(1,2)       1.67438        2.02354        0.21141       1.88579
	-------------------------------------------------------------------------------

2025-12-23:11:05:20,280 INFO     [psi4.optking.stepAlgorithms:113] 	|target step| :    0.3995079707
2025-12-23:11:05:20,280 INFO     [psi4.optking.stepAlgorithms:114] 	gradient     :   -0.2456134581
2025-12-23:11:05:20,280 INFO     [psi4.optking.stepAlgorithms:115] 	hessian      :    0.5166653477
2025-12-23:11:05:20,280 INFO     [psi4.optking.stepAlgorithms:113] 	|target step| :    0.3995079707
2025-12-23:11:05:20,280 INFO     [psi4.optking.stepAlgorithms:114] 	gradient     :   -0.2456134581
2025-12-23:11:05:20,280 INFO     [psi4.optking.stepAlgorithms:115] 	hessian      :    0.5166653477
2025-12-23:11:05:20,280 INFO     [psi4.optking.stepAlgorithms:206] 	Norm of achieved step-size    0.3995079707
2025-12-23:11:05:20,280 INFO     [psi4.optking.stepAlgorithms:208] 	Norm of achieved step-size (cart):    0.2824947952
2025-12-23:11:05:20,280 INFO     [psi4.optking.opt_helper:164] Molsys:

	                            ===> Fragment 1 <== 

	 Z (Atomic Numbers)          Masses                          Geom                  
	       8.000000            15.994915          0.00000000  0.00000000  2.45943676   
	      18.000000            39.962383          0.00000000  0.00000000 -1.10419036   

	 - Coordinate -           - BOHR/RAD -       - ANG/DEG -
	 R(1,2)           =         3.563627           1.885790

2025-12-23:11:05:20,280 INFO     [psi4.optking.convcheck:76] Performing convergence check.
2025-12-23:11:05:20,280 INFO     [psi4.optking.convcheck:282] 
	                                 ==> Convergence Check <==                                  
    
	Measures of convergence in internal coordinates in au.
    
	Criteria marked as inactive (o), active & met (*), and active & unmet ( ).

	----------------------------------------------------------------------------------------------
	   Step    Total Energy     Delta E     Max Force     RMS Force      Max Disp      RMS Disp   
	----------------------------------------------------------------------------------------------
	  Convergence Criteria     1.00e-06 *    3.00e-04 *             o    1.20e-03 *             o
	----------------------------------------------------------------------------------------------
	     4    -602.48057461   -1.19e-01      2.46e-01      2.46e-01 o    4.00e-01      4.00e-01 o  ~
	----------------------------------------------------------------------------------------------


2025-12-23:11:05:20,280 INFO     [psi4.optking.stepAlgorithms:296] 	Convergence check returned False
2025-12-23:11:05:20,291 INFO     [psi4.driver.task_planner:259] PLANNING Atomic:  keywords={'DAMPING_PERCENTAGE': 1.0, 'GEOM_MAXITER': 500, 'SCF__GUESS': 'READ', 'GUESS': 'SAP', 'MAXITER': 500, 'REFERENCE': 'UKS', 'function_kwargs': {}}
2025-12-23:11:05:20,292 INFO     [psi4.driver.driver:638] Compute gradient(): method=b3lyp, basis=cc-pvdz, molecule=default, nre=40.40826811700223
2025-12-23:11:05:20,822 INFO     [psi4.driver.driver:641] Return gradient(): -602.5514244718114
2025-12-23:11:05:20,822 INFO     [psi4.driver.driver:642] [[-0.00000000  0.00000000 -0.12148039]
 [ 0.00000000  0.00000000  0.12146020]]
2025-12-23:11:05:20,824 INFO     [psi4.optking.history:269] 	Performing BFGS update.
2025-12-23:11:05:20,824 INFO     [psi4.optking.history:280] 	Using 4 previous steps for update.
2025-12-23:11:05:20,824 WARNING  [psi4.optking.history:301] 	Change in internal coordinate of 7.59e-01 exceeds limit of 5.00e-01.
2025-12-23:11:05:20,824 WARNING  [psi4.optking.history:306] 	Skipping Hessian update for step 3.
2025-12-23:11:05:20,824 WARNING  [psi4.optking.history:301] 	Change in internal coordinate of 1.05e+00 exceeds limit of 5.00e-01.
2025-12-23:11:05:20,824 WARNING  [psi4.optking.history:306] 	Skipping Hessian update for step 2.
2025-12-23:11:05:20,824 WARNING  [psi4.optking.history:301] 	Change in internal coordinate of 1.30e+00 exceeds limit of 5.00e-01.
2025-12-23:11:05:20,824 WARNING  [psi4.optking.history:306] 	Skipping Hessian update for step 1.
2025-12-23:11:05:20,824 INFO     [psi4.optking.history:317] 	Steps to be used in Hessian update:  4

2025-12-23:11:05:20,824 INFO     [psi4.optking.history:418] 	Updated Hessian (in au) 
 	   0.310740

2025-12-23:11:05:20,824 INFO     [psi4.optking.molsys:944] Projected (PHP) Hessian matrix
	   0.310740

2025-12-23:11:05:20,824 INFO     [psi4.optking.opt_helper:182] 
	         Geometry (au)                                       Gradient (au)
   0.0000000000   0.0000000000   2.5449948066		  -0.0000000000   0.0000000000  -0.1214803855
   0.0000000000   0.0000000000  -1.0186323101		   0.0000000000   0.0000000000   0.1214602035

2025-12-23:11:05:20,825 INFO     [psi4.optking.stepAlgorithms:368] 	Current Step Report 
 
	Current energy:      -602.5514244718
	Energy change for the previous step:
		Actual       :        -0.0708498581
		Projected    :        -0.0490622671

2025-12-23:11:05:20,825 INFO     [psi4.optking.stepAlgorithms:371] 	Energy ratio =    1.44408
2025-12-23:11:05:20,825 INFO     [psi4.optking.stepAlgorithms:929] 	Using RFO solution 1.
2025-12-23:11:05:20,825 INFO     [psi4.optking.displace:100] 	Determining Cartesian step for fragment 1.
2025-12-23:11:05:20,825 INFO     [psi4.optking.displace:415] 	Successfully converged to displaced geometry.
2025-12-23:11:05:20,825 INFO     [psi4.optking.displace:416] 	RMS(dx):  1.282e-16 	Max(dx):  2.220e-16 	RMS(dq):  4.441e-16
2025-12-23:11:05:20,825 INFO     [psi4.optking.displace:172] 

	        --- Internal Coordinate Step in ANG or DEG, aJ/ANG or AJ/DEG ---
	-------------------------------------------------------------------------------
	           Coordinate      Previous         Force          Change          New 
	           ----------      --------        ------          ------        ------
	               R(1,2)       1.88579        1.00076        0.18231       2.06810
	-------------------------------------------------------------------------------

2025-12-23:11:05:20,825 INFO     [psi4.optking.stepAlgorithms:113] 	|target step| :    0.3445106241
2025-12-23:11:05:20,825 INFO     [psi4.optking.stepAlgorithms:114] 	gradient     :   -0.1214702945
2025-12-23:11:05:20,825 INFO     [psi4.optking.stepAlgorithms:115] 	hessian      :    0.3107401423
2025-12-23:11:05:20,825 INFO     [psi4.optking.stepAlgorithms:113] 	|target step| :    0.3445106241
2025-12-23:11:05:20,825 INFO     [psi4.optking.stepAlgorithms:114] 	gradient     :   -0.1214702945
2025-12-23:11:05:20,825 INFO     [psi4.optking.stepAlgorithms:115] 	hessian      :    0.3107401423
2025-12-23:11:05:20,825 INFO     [psi4.optking.stepAlgorithms:206] 	Norm of achieved step-size    0.3445106241
2025-12-23:11:05:20,825 INFO     [psi4.optking.stepAlgorithms:208] 	Norm of achieved step-size (cart):    0.2436057985
2025-12-23:11:05:20,825 INFO     [psi4.optking.opt_helper:164] Molsys:

	                            ===> Fragment 1 <== 

	 Z (Atomic Numbers)          Masses                          Geom                  
	       8.000000            15.994915          0.00000000  0.00000000  2.71725012   
	      18.000000            39.962383          0.00000000  0.00000000 -1.19088762   

	 - Coordinate -           - BOHR/RAD -       - ANG/DEG -
	 R(1,2)           =         3.908138           2.068097

2025-12-23:11:05:20,825 INFO     [psi4.optking.convcheck:76] Performing convergence check.
2025-12-23:11:05:20,826 INFO     [psi4.optking.convcheck:282] 
	                                 ==> Convergence Check <==                                  
    
	Measures of convergence in internal coordinates in au.
    
	Criteria marked as inactive (o), active & met (*), and active & unmet ( ).

	----------------------------------------------------------------------------------------------
	   Step    Total Energy     Delta E     Max Force     RMS Force      Max Disp      RMS Disp   
	----------------------------------------------------------------------------------------------
	  Convergence Criteria     1.00e-06 *    3.00e-04 *             o    1.20e-03 *             o
	----------------------------------------------------------------------------------------------
	     5    -602.55142447   -7.08e-02      1.21e-01      1.21e-01 o    3.45e-01      3.45e-01 o  ~
	----------------------------------------------------------------------------------------------


2025-12-23:11:05:20,826 INFO     [psi4.optking.stepAlgorithms:296] 	Convergence check returned False
2025-12-23:11:05:20,836 INFO     [psi4.driver.task_planner:259] PLANNING Atomic:  keywords={'DAMPING_PERCENTAGE': 1.0, 'GEOM_MAXITER': 500, 'SCF__GUESS': 'READ', 'GUESS': 'SAP', 'MAXITER': 500, 'REFERENCE': 'UKS', 'function_kwargs': {}}
2025-12-23:11:05:20,837 INFO     [psi4.driver.driver:638] Compute gradient(): method=b3lyp, basis=cc-pvdz, molecule=default, nre=36.846193648169816
2025-12-23:11:05:21,334 INFO     [psi4.driver.driver:641] Return gradient(): -602.5821817213603
2025-12-23:11:05:21,335 INFO     [psi4.driver.driver:642] [[ 0.00000000  0.00000000 -0.06287279]
 [ 0.00000000 -0.00000000  0.06284431]]
2025-12-23:11:05:21,336 INFO     [psi4.optking.history:269] 	Performing BFGS update.
2025-12-23:11:05:21,336 INFO     [psi4.optking.history:280] 	Using 4 previous steps for update.
2025-12-23:11:05:21,336 WARNING  [psi4.optking.history:301] 	Change in internal coordinate of 7.44e-01 exceeds limit of 5.00e-01.
2025-12-23:11:05:21,337 WARNING  [psi4.optking.history:306] 	Skipping Hessian update for step 4.
2025-12-23:11:05:21,337 WARNING  [psi4.optking.history:301] 	Change in internal coordinate of 1.10e+00 exceeds limit of 5.00e-01.
2025-12-23:11:05:21,337 WARNING  [psi4.optking.history:306] 	Skipping Hessian update for step 3.
2025-12-23:11:05:21,337 WARNING  [psi4.optking.history:301] 	Change in internal coordinate of 1.40e+00 exceeds limit of 5.00e-01.
2025-12-23:11:05:21,337 WARNING  [psi4.optking.history:306] 	Skipping Hessian update for step 2.
2025-12-23:11:05:21,337 WARNING  [psi4.optking.history:301] 	Change in internal coordinate of 1.64e+00 exceeds limit of 5.00e-01.
2025-12-23:11:05:21,337 WARNING  [psi4.optking.history:306] 	Skipping Hessian update for step 1.
2025-12-23:11:05:21,337 INFO     [psi4.optking.history:317] 	Steps to be used in Hessian update:  5

2025-12-23:11:05:21,337 INFO     [psi4.optking.history:418] 	Updated Hessian (in au) 
 	   0.170130

2025-12-23:11:05:21,337 INFO     [psi4.optking.molsys:944] Projected (PHP) Hessian matrix
	   0.170130

2025-12-23:11:05:21,337 INFO     [psi4.optking.opt_helper:182] 
	         Geometry (au)                                       Gradient (au)
   0.0000000000   0.0000000000   2.7910300174		   0.0000000000   0.0000000000  -0.0628727933
   0.0000000000   0.0000000000  -1.1171077233		   0.0000000000  -0.0000000000   0.0628443092

2025-12-23:11:05:21,337 INFO     [psi4.optking.stepAlgorithms:368] 	Current Step Report 
 
	Current energy:      -602.5821817214
	Energy change for the previous step:
		Actual       :        -0.0307572495
		Projected    :        -0.0209239035

2025-12-23:11:05:21,337 INFO     [psi4.optking.stepAlgorithms:371] 	Energy ratio =    1.46996
2025-12-23:11:05:21,337 INFO     [psi4.optking.stepAlgorithms:929] 	Using RFO solution 1.
2025-12-23:11:05:21,337 INFO     [psi4.optking.displace:100] 	Determining Cartesian step for fragment 1.
2025-12-23:11:05:21,337 INFO     [psi4.optking.displace:415] 	Successfully converged to displaced geometry.
2025-12-23:11:05:21,337 INFO     [psi4.optking.displace:416] 	RMS(dx):  0.000e+00 	Max(dx):  0.000e+00 	RMS(dq):  0.000e+00
2025-12-23:11:05:21,338 INFO     [psi4.optking.displace:172] 

	        --- Internal Coordinate Step in ANG or DEG, aJ/ANG or AJ/DEG ---
	-------------------------------------------------------------------------------
	           Coordinate      Previous         Force          Change          New 
	           ----------      --------        ------          ------        ------
	               R(1,2)       2.06810        0.51787        0.17430       2.24240
	-------------------------------------------------------------------------------

2025-12-23:11:05:21,338 INFO     [psi4.optking.stepAlgorithms:113] 	|target step| :    0.3293865666
2025-12-23:11:05:21,338 INFO     [psi4.optking.stepAlgorithms:114] 	gradient     :   -0.0628585513
2025-12-23:11:05:21,338 INFO     [psi4.optking.stepAlgorithms:115] 	hessian      :    0.1701304375
2025-12-23:11:05:21,338 INFO     [psi4.optking.stepAlgorithms:113] 	|target step| :    0.3293865666
2025-12-23:11:05:21,338 INFO     [psi4.optking.stepAlgorithms:114] 	gradient     :   -0.0628585513
2025-12-23:11:05:21,338 INFO     [psi4.optking.stepAlgorithms:115] 	hessian      :    0.1701304375
2025-12-23:11:05:21,338 INFO     [psi4.optking.stepAlgorithms:206] 	Norm of achieved step-size    0.3293865666
2025-12-23:11:05:21,338 INFO     [psi4.optking.stepAlgorithms:208] 	Norm of achieved step-size (cart):    0.2329114748
2025-12-23:11:05:21,338 INFO     [psi4.optking.opt_helper:164] Molsys:

	                            ===> Fragment 1 <== 

	 Z (Atomic Numbers)          Masses                          Geom                  
	       8.000000            15.994915          0.00000000  0.00000000  2.95572330   
	      18.000000            39.962383          0.00000000  0.00000000 -1.28180101   

	 - Coordinate -           - BOHR/RAD -       - ANG/DEG -
	 R(1,2)           =         4.237524           2.242401

2025-12-23:11:05:21,338 INFO     [psi4.optking.convcheck:76] Performing convergence check.
2025-12-23:11:05:21,338 INFO     [psi4.optking.convcheck:282] 
	                                 ==> Convergence Check <==                                  
    
	Measures of convergence in internal coordinates in au.
    
	Criteria marked as inactive (o), active & met (*), and active & unmet ( ).

	----------------------------------------------------------------------------------------------
	   Step    Total Energy     Delta E     Max Force     RMS Force      Max Disp      RMS Disp   
	----------------------------------------------------------------------------------------------
	  Convergence Criteria     1.00e-06 *    3.00e-04 *             o    1.20e-03 *             o
	----------------------------------------------------------------------------------------------
	     6    -602.58218172   -3.08e-02      6.29e-02      6.29e-02 o    3.29e-01      3.29e-01 o  ~
	----------------------------------------------------------------------------------------------


2025-12-23:11:05:21,338 INFO     [psi4.optking.stepAlgorithms:296] 	Convergence check returned False
2025-12-23:11:05:21,348 INFO     [psi4.driver.task_planner:259] PLANNING Atomic:  keywords={'DAMPING_PERCENTAGE': 1.0, 'GEOM_MAXITER': 500, 'SCF__GUESS': 'READ', 'GUESS': 'SAP', 'MAXITER': 500, 'REFERENCE': 'UKS', 'function_kwargs': {}}
2025-12-23:11:05:21,349 INFO     [psi4.driver.driver:638] Compute gradient(): method=b3lyp, basis=cc-pvdz, molecule=default, nre=33.98210595538122
2025-12-23:11:05:21,875 INFO     [psi4.driver.driver:641] Return gradient(): -602.5973104714867
2025-12-23:11:05:21,875 INFO     [psi4.driver.driver:642] [[ 0.00000000  0.00000000 -0.03210297]
 [ 0.00000000 -0.00000000  0.03208876]]
2025-12-23:11:05:21,877 INFO     [psi4.optking.history:269] 	Performing BFGS update.
2025-12-23:11:05:21,877 INFO     [psi4.optking.history:280] 	Using 4 previous steps for update.
2025-12-23:11:05:21,877 WARNING  [psi4.optking.history:301] 	Change in internal coordinate of 6.74e-01 exceeds limit of 5.00e-01.
2025-12-23:11:05:21,877 WARNING  [psi4.optking.history:306] 	Skipping Hessian update for step 5.
2025-12-23:11:05:21,877 WARNING  [psi4.optking.history:301] 	Change in internal coordinate of 1.07e+00 exceeds limit of 5.00e-01.
2025-12-23:11:05:21,877 WARNING  [psi4.optking.history:306] 	Skipping Hessian update for step 4.
2025-12-23:11:05:21,877 WARNING  [psi4.optking.history:301] 	Change in internal coordinate of 1.43e+00 exceeds limit of 5.00e-01.
2025-12-23:11:05:21,877 WARNING  [psi4.optking.history:306] 	Skipping Hessian update for step 3.
2025-12-23:11:05:21,877 WARNING  [psi4.optking.history:301] 	Change in internal coordinate of 1.73e+00 exceeds limit of 5.00e-01.
2025-12-23:11:05:21,877 WARNING  [psi4.optking.history:306] 	Skipping Hessian update for step 2.
2025-12-23:11:05:21,877 WARNING  [psi4.optking.history:301] 	Change in internal coordinate of 1.97e+00 exceeds limit of 5.00e-01.
2025-12-23:11:05:21,877 WARNING  [psi4.optking.history:306] 	Skipping Hessian update for step 1.
2025-12-23:11:05:21,877 INFO     [psi4.optking.history:317] 	Steps to be used in Hessian update:  6

2025-12-23:11:05:21,877 INFO     [psi4.optking.history:418] 	Updated Hessian (in au) 
 	   0.093394

2025-12-23:11:05:21,877 INFO     [psi4.optking.molsys:944] Projected (PHP) Hessian matrix
	   0.093394

2025-12-23:11:05:21,877 INFO     [psi4.optking.opt_helper:182] 
	         Geometry (au)                                       Gradient (au)
   0.0000000000   0.0000000000   3.0262642532		   0.0000000000   0.0000000000  -0.0321029680
   0.0000000000   0.0000000000  -1.2112600541		   0.0000000000  -0.0000000000   0.0320887622

2025-12-23:11:05:21,877 INFO     [psi4.optking.stepAlgorithms:368] 	Current Step Report 
 
	Current energy:      -602.5973104715
	Energy change for the previous step:
		Actual       :        -0.0151287501
		Projected    :        -0.0103523812

2025-12-23:11:05:21,877 INFO     [psi4.optking.stepAlgorithms:371] 	Energy ratio =    1.46138
2025-12-23:11:05:21,877 INFO     [psi4.optking.stepAlgorithms:929] 	Using RFO solution 1.
2025-12-23:11:05:21,878 INFO     [psi4.optking.displace:100] 	Determining Cartesian step for fragment 1.
2025-12-23:11:05:21,878 INFO     [psi4.optking.displace:415] 	Successfully converged to displaced geometry.
2025-12-23:11:05:21,878 INFO     [psi4.optking.displace:416] 	RMS(dx):  2.564e-16 	Max(dx):  4.441e-16 	RMS(dq):  8.882e-16
2025-12-23:11:05:21,878 INFO     [psi4.optking.displace:172] 

	        --- Internal Coordinate Step in ANG or DEG, aJ/ANG or AJ/DEG ---
	-------------------------------------------------------------------------------
	           Coordinate      Previous         Force          Change          New 
	           ----------      --------        ------          ------        ------
	               R(1,2)       2.24240        0.26443        0.16432       2.40672
	-------------------------------------------------------------------------------

2025-12-23:11:05:21,878 INFO     [psi4.optking.stepAlgorithms:113] 	|target step| :    0.3105238085
2025-12-23:11:05:21,878 INFO     [psi4.optking.stepAlgorithms:114] 	gradient     :   -0.0320958651
2025-12-23:11:05:21,878 INFO     [psi4.optking.stepAlgorithms:115] 	hessian      :    0.0933938699
2025-12-23:11:05:21,878 INFO     [psi4.optking.stepAlgorithms:113] 	|target step| :    0.3105238085
2025-12-23:11:05:21,878 INFO     [psi4.optking.stepAlgorithms:114] 	gradient     :   -0.0320958651
2025-12-23:11:05:21,878 INFO     [psi4.optking.stepAlgorithms:115] 	hessian      :    0.0933938699
2025-12-23:11:05:21,878 INFO     [psi4.optking.stepAlgorithms:206] 	Norm of achieved step-size    0.3105238085
2025-12-23:11:05:21,878 INFO     [psi4.optking.stepAlgorithms:208] 	Norm of achieved step-size (cart):    0.2195734907
2025-12-23:11:05:21,878 INFO     [psi4.optking.opt_helper:164] Molsys:

	                            ===> Fragment 1 <== 

	 Z (Atomic Numbers)          Masses                          Geom                  
	       8.000000            15.994915          0.00000000  0.00000000  3.18152616   
	      18.000000            39.962383          0.00000000  0.00000000 -1.36652196   

	 - Coordinate -           - BOHR/RAD -       - ANG/DEG -
	 R(1,2)           =         4.548048           2.406723

2025-12-23:11:05:21,878 INFO     [psi4.optking.convcheck:76] Performing convergence check.
2025-12-23:11:05:21,878 INFO     [psi4.optking.convcheck:282] 
	                                 ==> Convergence Check <==                                  
    
	Measures of convergence in internal coordinates in au.
    
	Criteria marked as inactive (o), active & met (*), and active & unmet ( ).

	----------------------------------------------------------------------------------------------
	   Step    Total Energy     Delta E     Max Force     RMS Force      Max Disp      RMS Disp   
	----------------------------------------------------------------------------------------------
	  Convergence Criteria     1.00e-06 *    3.00e-04 *             o    1.20e-03 *             o
	----------------------------------------------------------------------------------------------
	     7    -602.59731047   -1.51e-02      3.21e-02      3.21e-02 o    3.11e-01      3.11e-01 o  ~
	----------------------------------------------------------------------------------------------


2025-12-23:11:05:21,878 INFO     [psi4.optking.stepAlgorithms:296] 	Convergence check returned False
2025-12-23:11:05:21,889 INFO     [psi4.driver.task_planner:259] PLANNING Atomic:  keywords={'DAMPING_PERCENTAGE': 1.0, 'GEOM_MAXITER': 500, 'SCF__GUESS': 'READ', 'GUESS': 'SAP', 'MAXITER': 500, 'REFERENCE': 'UKS', 'function_kwargs': {}}
2025-12-23:11:05:21,890 INFO     [psi4.driver.driver:638] Compute gradient(): method=b3lyp, basis=cc-pvdz, molecule=default, nre=31.661934160162073
2025-12-23:11:05:22,440 INFO     [psi4.driver.driver:641] Return gradient(): -602.6045852765869
2025-12-23:11:05:22,440 INFO     [psi4.driver.driver:642] [[ 0.00000000  0.00000000 -0.01632544]
 [ 0.00000000 -0.00000000  0.01633068]]
2025-12-23:11:05:22,442 INFO     [psi4.optking.history:269] 	Performing BFGS update.
2025-12-23:11:05:22,442 INFO     [psi4.optking.history:280] 	Using 4 previous steps for update.
2025-12-23:11:05:22,442 WARNING  [psi4.optking.history:301] 	Change in internal coordinate of 6.40e-01 exceeds limit of 5.00e-01.
2025-12-23:11:05:22,442 WARNING  [psi4.optking.history:306] 	Skipping Hessian update for step 6.
2025-12-23:11:05:22,442 WARNING  [psi4.optking.history:301] 	Change in internal coordinate of 9.84e-01 exceeds limit of 5.00e-01.
2025-12-23:11:05:22,442 WARNING  [psi4.optking.history:306] 	Skipping Hessian update for step 5.
2025-12-23:11:05:22,442 WARNING  [psi4.optking.history:301] 	Change in internal coordinate of 1.38e+00 exceeds limit of 5.00e-01.
2025-12-23:11:05:22,442 WARNING  [psi4.optking.history:306] 	Skipping Hessian update for step 4.
2025-12-23:11:05:22,442 WARNING  [psi4.optking.history:301] 	Change in internal coordinate of 1.74e+00 exceeds limit of 5.00e-01.
2025-12-23:11:05:22,442 WARNING  [psi4.optking.history:306] 	Skipping Hessian update for step 3.
2025-12-23:11:05:22,442 WARNING  [psi4.optking.history:301] 	Change in internal coordinate of 2.04e+00 exceeds limit of 5.00e-01.
2025-12-23:11:05:22,442 WARNING  [psi4.optking.history:306] 	Skipping Hessian update for step 2.
2025-12-23:11:05:22,442 WARNING  [psi4.optking.history:301] 	Change in internal coordinate of 2.28e+00 exceeds limit of 5.00e-01.
2025-12-23:11:05:22,442 WARNING  [psi4.optking.history:306] 	Skipping Hessian update for step 1.
2025-12-23:11:05:22,442 INFO     [psi4.optking.history:317] 	Steps to be used in Hessian update:  7

2025-12-23:11:05:22,442 INFO     [psi4.optking.history:418] 	Updated Hessian (in au) 
 	   0.050778

2025-12-23:11:05:22,443 INFO     [psi4.optking.molsys:944] Projected (PHP) Hessian matrix
	   0.050778

2025-12-23:11:05:22,443 INFO     [psi4.optking.opt_helper:182] 
	         Geometry (au)                                       Gradient (au)
   0.0000000000   0.0000000000   3.2480274888		   0.0000000000   0.0000000000  -0.0163254450
   0.0000000000   0.0000000000  -1.3000206270		   0.0000000000  -0.0000000000   0.0163306782

2025-12-23:11:05:22,443 INFO     [psi4.optking.stepAlgorithms:368] 	Current Step Report 
 
	Current energy:      -602.6045852766
	Energy change for the previous step:
		Actual       :        -0.0072748051
		Projected    :        -0.0049832651

2025-12-23:11:05:22,443 INFO     [psi4.optking.stepAlgorithms:371] 	Energy ratio =    1.45985
2025-12-23:11:05:22,443 INFO     [psi4.optking.stepAlgorithms:929] 	Using RFO solution 1.
2025-12-23:11:05:22,443 INFO     [psi4.optking.displace:100] 	Determining Cartesian step for fragment 1.
2025-12-23:11:05:22,443 INFO     [psi4.optking.displace:415] 	Successfully converged to displaced geometry.
2025-12-23:11:05:22,443 INFO     [psi4.optking.displace:416] 	RMS(dx):  0.000e+00 	Max(dx):  0.000e+00 	RMS(dq):  0.000e+00
2025-12-23:11:05:22,443 INFO     [psi4.optking.displace:172] 

	        --- Internal Coordinate Step in ANG or DEG, aJ/ANG or AJ/DEG ---
	-------------------------------------------------------------------------------
	           Coordinate      Previous         Force          Change          New 
	           ----------      --------        ------          ------        ------
	               R(1,2)       2.40672        0.13452        0.15547       2.56220
	-------------------------------------------------------------------------------

2025-12-23:11:05:22,443 INFO     [psi4.optking.stepAlgorithms:113] 	|target step| :    0.2938007970
2025-12-23:11:05:22,443 INFO     [psi4.optking.stepAlgorithms:114] 	gradient     :   -0.0163280616
2025-12-23:11:05:22,443 INFO     [psi4.optking.stepAlgorithms:115] 	hessian      :    0.0507780825
2025-12-23:11:05:22,443 INFO     [psi4.optking.stepAlgorithms:113] 	|target step| :    0.2938007970
2025-12-23:11:05:22,443 INFO     [psi4.optking.stepAlgorithms:114] 	gradient     :   -0.0163280616
2025-12-23:11:05:22,443 INFO     [psi4.optking.stepAlgorithms:115] 	hessian      :    0.0507780825
2025-12-23:11:05:22,443 INFO     [psi4.optking.stepAlgorithms:206] 	Norm of achieved step-size    0.2938007970
2025-12-23:11:05:22,443 INFO     [psi4.optking.stepAlgorithms:208] 	Norm of achieved step-size (cart):    0.2077485359
2025-12-23:11:05:22,443 INFO     [psi4.optking.opt_helper:164] Molsys:

	                            ===> Fragment 1 <== 

	 Z (Atomic Numbers)          Masses                          Geom                  
	       8.000000            15.994915          0.00000000  0.00000000  3.39492789   
	      18.000000            39.962383          0.00000000  0.00000000 -1.44692103   

	 - Coordinate -           - BOHR/RAD -       - ANG/DEG -
	 R(1,2)           =         4.841849           2.562196

2025-12-23:11:05:22,444 INFO     [psi4.optking.convcheck:76] Performing convergence check.
2025-12-23:11:05:22,444 INFO     [psi4.optking.convcheck:282] 
	                                 ==> Convergence Check <==                                  
    
	Measures of convergence in internal coordinates in au.
    
	Criteria marked as inactive (o), active & met (*), and active & unmet ( ).

	----------------------------------------------------------------------------------------------
	   Step    Total Energy     Delta E     Max Force     RMS Force      Max Disp      RMS Disp   
	----------------------------------------------------------------------------------------------
	  Convergence Criteria     1.00e-06 *    3.00e-04 *             o    1.20e-03 *             o
	----------------------------------------------------------------------------------------------
	     8    -602.60458528   -7.27e-03      1.63e-02      1.63e-02 o    2.94e-01      2.94e-01 o  ~
	----------------------------------------------------------------------------------------------


2025-12-23:11:05:22,444 INFO     [psi4.optking.stepAlgorithms:296] 	Convergence check returned False
2025-12-23:11:05:22,454 INFO     [psi4.driver.task_planner:259] PLANNING Atomic:  keywords={'DAMPING_PERCENTAGE': 1.0, 'GEOM_MAXITER': 500, 'SCF__GUESS': 'READ', 'GUESS': 'SAP', 'MAXITER': 500, 'REFERENCE': 'UKS', 'function_kwargs': {}}
2025-12-23:11:05:22,455 INFO     [psi4.driver.driver:638] Compute gradient(): method=b3lyp, basis=cc-pvdz, molecule=default, nre=29.7407049646371
2025-12-23:11:05:23,16 INFO     [psi4.driver.driver:641] Return gradient(): -602.6080764338819
2025-12-23:11:05:23,16 INFO     [psi4.driver.driver:642] [[ 0.00000000  0.00000000 -0.00822570]
 [-0.00000000  0.00000000  0.00824705]]
2025-12-23:11:05:23,18 INFO     [psi4.optking.history:269] 	Performing BFGS update.
2025-12-23:11:05:23,18 INFO     [psi4.optking.history:280] 	Using 4 previous steps for update.
2025-12-23:11:05:23,18 WARNING  [psi4.optking.history:301] 	Change in internal coordinate of 6.04e-01 exceeds limit of 5.00e-01.
2025-12-23:11:05:23,18 WARNING  [psi4.optking.history:306] 	Skipping Hessian update for step 7.
2025-12-23:11:05:23,18 WARNING  [psi4.optking.history:301] 	Change in internal coordinate of 9.34e-01 exceeds limit of 5.00e-01.
2025-12-23:11:05:23,18 WARNING  [psi4.optking.history:306] 	Skipping Hessian update for step 6.
2025-12-23:11:05:23,18 WARNING  [psi4.optking.history:301] 	Change in internal coordinate of 1.28e+00 exceeds limit of 5.00e-01.
2025-12-23:11:05:23,18 WARNING  [psi4.optking.history:306] 	Skipping Hessian update for step 5.
2025-12-23:11:05:23,18 WARNING  [psi4.optking.history:301] 	Change in internal coordinate of 1.68e+00 exceeds limit of 5.00e-01.
2025-12-23:11:05:23,18 WARNING  [psi4.optking.history:306] 	Skipping Hessian update for step 4.
2025-12-23:11:05:23,18 WARNING  [psi4.optking.history:301] 	Change in internal coordinate of 2.04e+00 exceeds limit of 5.00e-01.
2025-12-23:11:05:23,18 WARNING  [psi4.optking.history:306] 	Skipping Hessian update for step 3.
2025-12-23:11:05:23,18 WARNING  [psi4.optking.history:301] 	Change in internal coordinate of 2.33e+00 exceeds limit of 5.00e-01.
2025-12-23:11:05:23,18 WARNING  [psi4.optking.history:306] 	Skipping Hessian update for step 2.
2025-12-23:11:05:23,18 WARNING  [psi4.optking.history:301] 	Change in internal coordinate of 2.57e+00 exceeds limit of 5.00e-01.
2025-12-23:11:05:23,18 WARNING  [psi4.optking.history:306] 	Skipping Hessian update for step 1.
2025-12-23:11:05:23,18 INFO     [psi4.optking.history:317] 	Steps to be used in Hessian update:  8

2025-12-23:11:05:23,18 INFO     [psi4.optking.history:418] 	Updated Hessian (in au) 
 	   0.027541

2025-12-23:11:05:23,18 INFO     [psi4.optking.molsys:944] Projected (PHP) Hessian matrix
	   0.027541

2025-12-23:11:05:23,18 INFO     [psi4.optking.opt_helper:182] 
	         Geometry (au)                                       Gradient (au)
   0.0000000000   0.0000000000   3.4578478426		   0.0000000000   0.0000000000  -0.0082256997
   0.0000000000   0.0000000000  -1.3840010702		  -0.0000000000   0.0000000000   0.0082470536

2025-12-23:11:05:23,18 INFO     [psi4.optking.stepAlgorithms:368] 	Current Step Report 
 
	Current energy:      -602.6080764339
	Energy change for the previous step:
		Actual       :        -0.0034911573
		Projected    :        -0.0023985987

2025-12-23:11:05:23,18 INFO     [psi4.optking.stepAlgorithms:371] 	Energy ratio =    1.45550
2025-12-23:11:05:23,18 INFO     [psi4.optking.stepAlgorithms:929] 	Using RFO solution 1.
2025-12-23:11:05:23,19 INFO     [psi4.optking.displace:100] 	Determining Cartesian step for fragment 1.
2025-12-23:11:05:23,19 INFO     [psi4.optking.displace:415] 	Successfully converged to displaced geometry.
2025-12-23:11:05:23,19 INFO     [psi4.optking.displace:416] 	RMS(dx):  0.000e+00 	Max(dx):  0.000e+00 	RMS(dq):  0.000e+00
2025-12-23:11:05:23,19 INFO     [psi4.optking.displace:172] 

	        --- Internal Coordinate Step in ANG or DEG, aJ/ANG or AJ/DEG ---
	-------------------------------------------------------------------------------
	           Coordinate      Previous         Force          Change          New 
	           ----------      --------        ------          ------        ------
	               R(1,2)       2.56220        0.06786        0.14618       2.70837
	-------------------------------------------------------------------------------

2025-12-23:11:05:23,19 INFO     [psi4.optking.stepAlgorithms:113] 	|target step| :    0.2762348525
2025-12-23:11:05:23,19 INFO     [psi4.optking.stepAlgorithms:114] 	gradient     :   -0.0082363767
2025-12-23:11:05:23,19 INFO     [psi4.optking.stepAlgorithms:115] 	hessian      :    0.0275413987
2025-12-23:11:05:23,19 INFO     [psi4.optking.stepAlgorithms:113] 	|target step| :    0.2762348525
2025-12-23:11:05:23,19 INFO     [psi4.optking.stepAlgorithms:114] 	gradient     :   -0.0082363767
2025-12-23:11:05:23,19 INFO     [psi4.optking.stepAlgorithms:115] 	hessian      :    0.0275413987
2025-12-23:11:05:23,19 INFO     [psi4.optking.stepAlgorithms:206] 	Norm of achieved step-size    0.2762348525
2025-12-23:11:05:23,19 INFO     [psi4.optking.stepAlgorithms:208] 	Norm of achieved step-size (cart):    0.1953275374
2025-12-23:11:05:23,19 INFO     [psi4.optking.opt_helper:164] Molsys:

	                            ===> Fragment 1 <== 

	 Z (Atomic Numbers)          Masses                          Geom                  
	       8.000000            15.994915          0.00000000  0.00000000  3.59596527   
	      18.000000            39.962383          0.00000000  0.00000000 -1.52211850   

	 - Coordinate -           - BOHR/RAD -       - ANG/DEG -
	 R(1,2)           =         5.118084           2.708373

2025-12-23:11:05:23,19 INFO     [psi4.optking.convcheck:76] Performing convergence check.
2025-12-23:11:05:23,19 INFO     [psi4.optking.convcheck:282] 
	                                 ==> Convergence Check <==                                  
    
	Measures of convergence in internal coordinates in au.
    
	Criteria marked as inactive (o), active & met (*), and active & unmet ( ).

	----------------------------------------------------------------------------------------------
	   Step    Total Energy     Delta E     Max Force     RMS Force      Max Disp      RMS Disp   
	----------------------------------------------------------------------------------------------
	  Convergence Criteria     1.00e-06 *    3.00e-04 *             o    1.20e-03 *             o
	----------------------------------------------------------------------------------------------
	     9    -602.60807643   -3.49e-03      8.24e-03      8.24e-03 o    2.76e-01      2.76e-01 o  ~
	----------------------------------------------------------------------------------------------


2025-12-23:11:05:23,19 INFO     [psi4.optking.stepAlgorithms:296] 	Convergence check returned False
2025-12-23:11:05:23,30 INFO     [psi4.driver.task_planner:259] PLANNING Atomic:  keywords={'DAMPING_PERCENTAGE': 1.0, 'GEOM_MAXITER': 500, 'SCF__GUESS': 'READ', 'GUESS': 'SAP', 'MAXITER': 500, 'REFERENCE': 'UKS', 'function_kwargs': {}}
2025-12-23:11:05:23,31 INFO     [psi4.driver.driver:638] Compute gradient(): method=b3lyp, basis=cc-pvdz, molecule=default, nre=28.13553013239165
2025-12-23:11:05:23,491 INFO     [psi4.driver.driver:641] Return gradient(): -602.6097261623686
2025-12-23:11:05:23,491 INFO     [psi4.driver.driver:642] [[ 0.00000000  0.00000000 -0.00409655]
 [ 0.00000000 -0.00000000  0.00412485]]
2025-12-23:11:05:23,493 INFO     [psi4.optking.history:269] 	Performing BFGS update.
2025-12-23:11:05:23,493 INFO     [psi4.optking.history:280] 	Using 4 previous steps for update.
2025-12-23:11:05:23,493 WARNING  [psi4.optking.history:301] 	Change in internal coordinate of 5.70e-01 exceeds limit of 5.00e-01.
2025-12-23:11:05:23,493 WARNING  [psi4.optking.history:306] 	Skipping Hessian update for step 8.
2025-12-23:11:05:23,493 WARNING  [psi4.optking.history:301] 	Change in internal coordinate of 8.81e-01 exceeds limit of 5.00e-01.
2025-12-23:11:05:23,493 WARNING  [psi4.optking.history:306] 	Skipping Hessian update for step 7.
2025-12-23:11:05:23,493 WARNING  [psi4.optking.history:301] 	Change in internal coordinate of 1.21e+00 exceeds limit of 5.00e-01.
2025-12-23:11:05:23,493 WARNING  [psi4.optking.history:306] 	Skipping Hessian update for step 6.
2025-12-23:11:05:23,493 WARNING  [psi4.optking.history:301] 	Change in internal coordinate of 1.55e+00 exceeds limit of 5.00e-01.
2025-12-23:11:05:23,493 WARNING  [psi4.optking.history:306] 	Skipping Hessian update for step 5.
2025-12-23:11:05:23,493 WARNING  [psi4.optking.history:301] 	Change in internal coordinate of 1.95e+00 exceeds limit of 5.00e-01.
2025-12-23:11:05:23,493 WARNING  [psi4.optking.history:306] 	Skipping Hessian update for step 4.
2025-12-23:11:05:23,493 WARNING  [psi4.optking.history:301] 	Change in internal coordinate of 2.31e+00 exceeds limit of 5.00e-01.
2025-12-23:11:05:23,493 WARNING  [psi4.optking.history:306] 	Skipping Hessian update for step 3.
2025-12-23:11:05:23,493 WARNING  [psi4.optking.history:301] 	Change in internal coordinate of 2.61e+00 exceeds limit of 5.00e-01.
2025-12-23:11:05:23,493 WARNING  [psi4.optking.history:306] 	Skipping Hessian update for step 2.
2025-12-23:11:05:23,493 WARNING  [psi4.optking.history:301] 	Change in internal coordinate of 2.85e+00 exceeds limit of 5.00e-01.
2025-12-23:11:05:23,493 WARNING  [psi4.optking.history:306] 	Skipping Hessian update for step 1.
2025-12-23:11:05:23,493 INFO     [psi4.optking.history:317] 	Steps to be used in Hessian update:  9

2025-12-23:11:05:23,493 INFO     [psi4.optking.history:418] 	Updated Hessian (in au) 
 	   0.014935

2025-12-23:11:05:23,493 INFO     [psi4.optking.molsys:944] Projected (PHP) Hessian matrix
	   0.014935

2025-12-23:11:05:23,493 INFO     [psi4.optking.opt_helper:182] 
	         Geometry (au)                                       Gradient (au)
   0.0000000000   0.0000000000   3.6551233269		   0.0000000000   0.0000000000  -0.0040965476
   0.0000000000   0.0000000000  -1.4629604385		   0.0000000000  -0.0000000000   0.0041248484

2025-12-23:11:05:23,493 INFO     [psi4.optking.stepAlgorithms:368] 	Current Step Report 
 
	Current energy:      -602.6097261624
	Energy change for the previous step:
		Actual       :        -0.0016497285
		Projected    :        -0.0011375871

2025-12-23:11:05:23,493 INFO     [psi4.optking.stepAlgorithms:371] 	Energy ratio =    1.45020
2025-12-23:11:05:23,494 INFO     [psi4.optking.stepAlgorithms:929] 	Using RFO solution 1.
2025-12-23:11:05:23,494 INFO     [psi4.optking.displace:100] 	Determining Cartesian step for fragment 1.
2025-12-23:11:05:23,494 INFO     [psi4.optking.displace:415] 	Successfully converged to displaced geometry.
2025-12-23:11:05:23,494 INFO     [psi4.optking.displace:416] 	RMS(dx):  0.000e+00 	Max(dx):  0.000e+00 	RMS(dq):  0.000e+00
2025-12-23:11:05:23,494 INFO     [psi4.optking.displace:172] 

	        --- Internal Coordinate Step in ANG or DEG, aJ/ANG or AJ/DEG ---
	-------------------------------------------------------------------------------
	           Coordinate      Previous         Force          Change          New 
	           ----------      --------        ------          ------        ------
	               R(1,2)       2.70837        0.03387        0.13602       2.84440
	-------------------------------------------------------------------------------

2025-12-23:11:05:23,494 INFO     [psi4.optking.stepAlgorithms:113] 	|target step| :    0.2570464637
2025-12-23:11:05:23,494 INFO     [psi4.optking.stepAlgorithms:114] 	gradient     :   -0.0041106980
2025-12-23:11:05:23,494 INFO     [psi4.optking.stepAlgorithms:115] 	hessian      :    0.0149354023
2025-12-23:11:05:23,494 INFO     [psi4.optking.stepAlgorithms:113] 	|target step| :    0.2570464637
2025-12-23:11:05:23,494 INFO     [psi4.optking.stepAlgorithms:114] 	gradient     :   -0.0041106980
2025-12-23:11:05:23,494 INFO     [psi4.optking.stepAlgorithms:115] 	hessian      :    0.0149354023
2025-12-23:11:05:23,494 INFO     [psi4.optking.stepAlgorithms:206] 	Norm of achieved step-size    0.2570464637
2025-12-23:11:05:23,494 INFO     [psi4.optking.stepAlgorithms:208] 	Norm of achieved step-size (cart):    0.1817592976
2025-12-23:11:05:23,494 INFO     [psi4.optking.opt_helper:164] Molsys:

	                            ===> Fragment 1 <== 

	 Z (Atomic Numbers)          Masses                          Geom                  
	       8.000000            15.994915          0.00000000  0.00000000  3.78364656   
	      18.000000            39.962383          0.00000000  0.00000000 -1.59148367   

	 - Coordinate -           - BOHR/RAD -       - ANG/DEG -
	 R(1,2)           =         5.375130           2.844396

2025-12-23:11:05:23,494 INFO     [psi4.optking.convcheck:76] Performing convergence check.
2025-12-23:11:05:23,495 INFO     [psi4.optking.convcheck:282] 
	                                 ==> Convergence Check <==                                  
    
	Measures of convergence in internal coordinates in au.
    
	Criteria marked as inactive (o), active & met (*), and active & unmet ( ).

	----------------------------------------------------------------------------------------------
	   Step    Total Energy     Delta E     Max Force     RMS Force      Max Disp      RMS Disp   
	----------------------------------------------------------------------------------------------
	  Convergence Criteria     1.00e-06 *    3.00e-04 *             o    1.20e-03 *             o
	----------------------------------------------------------------------------------------------
	    10    -602.60972616   -1.65e-03      4.11e-03      4.11e-03 o    2.57e-01      2.57e-01 o  ~
	----------------------------------------------------------------------------------------------


2025-12-23:11:05:23,495 INFO     [psi4.optking.stepAlgorithms:296] 	Convergence check returned False
2025-12-23:11:05:23,506 INFO     [psi4.driver.task_planner:259] PLANNING Atomic:  keywords={'DAMPING_PERCENTAGE': 1.0, 'GEOM_MAXITER': 500, 'SCF__GUESS': 'READ', 'GUESS': 'SAP', 'MAXITER': 500, 'REFERENCE': 'UKS', 'function_kwargs': {}}
2025-12-23:11:05:23,507 INFO     [psi4.driver.driver:638] Compute gradient(): method=b3lyp, basis=cc-pvdz, molecule=default, nre=26.79004858727793
2025-12-23:11:05:24,5 INFO     [psi4.driver.driver:641] Return gradient(): -602.6104874889103
2025-12-23:11:05:24,5 INFO     [psi4.driver.driver:642] [[-0.00000000  0.00000000 -0.00200723]
 [-0.00000000  0.00000000  0.00202236]]
2025-12-23:11:05:24,7 INFO     [psi4.optking.history:269] 	Performing BFGS update.
2025-12-23:11:05:24,7 INFO     [psi4.optking.history:280] 	Using 4 previous steps for update.
2025-12-23:11:05:24,7 WARNING  [psi4.optking.history:301] 	Change in internal coordinate of 5.33e-01 exceeds limit of 5.00e-01.
2025-12-23:11:05:24,7 WARNING  [psi4.optking.history:306] 	Skipping Hessian update for step 9.
2025-12-23:11:05:24,7 WARNING  [psi4.optking.history:301] 	Change in internal coordinate of 8.27e-01 exceeds limit of 5.00e-01.
2025-12-23:11:05:24,7 WARNING  [psi4.optking.history:306] 	Skipping Hessian update for step 8.
2025-12-23:11:05:24,7 WARNING  [psi4.optking.history:301] 	Change in internal coordinate of 1.14e+00 exceeds limit of 5.00e-01.
2025-12-23:11:05:24,7 WARNING  [psi4.optking.history:306] 	Skipping Hessian update for step 7.
2025-12-23:11:05:24,7 WARNING  [psi4.optking.history:301] 	Change in internal coordinate of 1.47e+00 exceeds limit of 5.00e-01.
2025-12-23:11:05:24,7 WARNING  [psi4.optking.history:306] 	Skipping Hessian update for step 6.
2025-12-23:11:05:24,7 WARNING  [psi4.optking.history:301] 	Change in internal coordinate of 1.81e+00 exceeds limit of 5.00e-01.
2025-12-23:11:05:24,7 WARNING  [psi4.optking.history:306] 	Skipping Hessian update for step 5.
2025-12-23:11:05:24,7 WARNING  [psi4.optking.history:301] 	Change in internal coordinate of 2.21e+00 exceeds limit of 5.00e-01.
2025-12-23:11:05:24,7 WARNING  [psi4.optking.history:306] 	Skipping Hessian update for step 4.
2025-12-23:11:05:24,7 WARNING  [psi4.optking.history:301] 	Change in internal coordinate of 2.57e+00 exceeds limit of 5.00e-01.
2025-12-23:11:05:24,7 WARNING  [psi4.optking.history:306] 	Skipping Hessian update for step 3.
2025-12-23:11:05:24,7 WARNING  [psi4.optking.history:301] 	Change in internal coordinate of 2.86e+00 exceeds limit of 5.00e-01.
2025-12-23:11:05:24,7 WARNING  [psi4.optking.history:306] 	Skipping Hessian update for step 2.
2025-12-23:11:05:24,7 WARNING  [psi4.optking.history:301] 	Change in internal coordinate of 3.11e+00 exceeds limit of 5.00e-01.
2025-12-23:11:05:24,7 WARNING  [psi4.optking.history:306] 	Skipping Hessian update for step 1.
2025-12-23:11:05:24,7 INFO     [psi4.optking.history:317] 	Steps to be used in Hessian update:  10

2025-12-23:11:05:24,7 INFO     [psi4.optking.history:418] 	Updated Hessian (in au) 
 	   0.008154

2025-12-23:11:05:24,7 INFO     [psi4.optking.molsys:944] Projected (PHP) Hessian matrix
	   0.008154

2025-12-23:11:05:24,7 INFO     [psi4.optking.opt_helper:182] 
	         Geometry (au)                                       Gradient (au)
   0.0000000000   0.0000000000   3.8386952590		  -0.0000000000   0.0000000000  -0.0020072316
   0.0000000000   0.0000000000  -1.5364349701		  -0.0000000000   0.0000000000   0.0020223588

2025-12-23:11:05:24,8 INFO     [psi4.optking.stepAlgorithms:368] 	Current Step Report 
 
	Current energy:      -602.6104874889
	Energy change for the previous step:
		Actual       :        -0.0007613265
		Projected    :        -0.0005283202

2025-12-23:11:05:24,8 INFO     [psi4.optking.stepAlgorithms:371] 	Energy ratio =    1.44103
2025-12-23:11:05:24,8 INFO     [psi4.optking.stepAlgorithms:929] 	Using RFO solution 1.
2025-12-23:11:05:24,8 INFO     [psi4.optking.displace:100] 	Determining Cartesian step for fragment 1.
2025-12-23:11:05:24,8 INFO     [psi4.optking.displace:415] 	Successfully converged to displaced geometry.
2025-12-23:11:05:24,8 INFO     [psi4.optking.displace:416] 	RMS(dx):  2.564e-16 	Max(dx):  4.441e-16 	RMS(dq):  8.882e-16
2025-12-23:11:05:24,8 INFO     [psi4.optking.displace:172] 

	        --- Internal Coordinate Step in ANG or DEG, aJ/ANG or AJ/DEG ---
	-------------------------------------------------------------------------------
	           Coordinate      Previous         Force          Change          New 
	           ----------      --------        ------          ------        ------
	               R(1,2)       2.84440        0.01660        0.12362       2.96802
	-------------------------------------------------------------------------------

2025-12-23:11:05:24,8 INFO     [psi4.optking.stepAlgorithms:113] 	|target step| :    0.2336137071
2025-12-23:11:05:24,8 INFO     [psi4.optking.stepAlgorithms:114] 	gradient     :   -0.0020147952
2025-12-23:11:05:24,8 INFO     [psi4.optking.stepAlgorithms:115] 	hessian      :    0.0081537897
2025-12-23:11:05:24,8 INFO     [psi4.optking.stepAlgorithms:113] 	|target step| :    0.2336137071
2025-12-23:11:05:24,8 INFO     [psi4.optking.stepAlgorithms:114] 	gradient     :   -0.0020147952
2025-12-23:11:05:24,8 INFO     [psi4.optking.stepAlgorithms:115] 	hessian      :    0.0081537897
2025-12-23:11:05:24,8 INFO     [psi4.optking.stepAlgorithms:206] 	Norm of achieved step-size    0.2336137071
2025-12-23:11:05:24,8 INFO     [psi4.optking.stepAlgorithms:208] 	Norm of achieved step-size (cart):    0.1651898365
2025-12-23:11:05:24,8 INFO     [psi4.optking.opt_helper:164] Molsys:

	                            ===> Fragment 1 <== 

	 Z (Atomic Numbers)          Masses                          Geom                  
	       8.000000            15.994915          0.00000000  0.00000000  3.95550211   
	      18.000000            39.962383          0.00000000  0.00000000 -1.65324182   

	 - Coordinate -           - BOHR/RAD -       - ANG/DEG -
	 R(1,2)           =         5.608744           2.968019

2025-12-23:11:05:24,9 INFO     [psi4.optking.convcheck:76] Performing convergence check.
2025-12-23:11:05:24,9 INFO     [psi4.optking.convcheck:282] 
	                                 ==> Convergence Check <==                                  
    
	Measures of convergence in internal coordinates in au.
    
	Criteria marked as inactive (o), active & met (*), and active & unmet ( ).

	----------------------------------------------------------------------------------------------
	   Step    Total Energy     Delta E     Max Force     RMS Force      Max Disp      RMS Disp   
	----------------------------------------------------------------------------------------------
	  Convergence Criteria     1.00e-06 *    3.00e-04 *             o    1.20e-03 *             o
	----------------------------------------------------------------------------------------------
	    11    -602.61048749   -7.61e-04      2.01e-03      2.01e-03 o    2.34e-01      2.34e-01 o  ~
	----------------------------------------------------------------------------------------------


2025-12-23:11:05:24,9 INFO     [psi4.optking.stepAlgorithms:296] 	Convergence check returned False
2025-12-23:11:05:24,19 INFO     [psi4.driver.task_planner:259] PLANNING Atomic:  keywords={'DAMPING_PERCENTAGE': 1.0, 'GEOM_MAXITER': 500, 'SCF__GUESS': 'READ', 'GUESS': 'SAP', 'MAXITER': 500, 'REFERENCE': 'UKS', 'function_kwargs': {}}
2025-12-23:11:05:24,21 INFO     [psi4.driver.driver:638] Compute gradient(): method=b3lyp, basis=cc-pvdz, molecule=default, nre=25.6741975810302
2025-12-23:11:05:24,556 INFO     [psi4.driver.driver:641] Return gradient(): -602.6108221643782
2025-12-23:11:05:24,556 INFO     [psi4.driver.driver:642] [[ 0.00000000 -0.00000000 -0.00094989]
 [-0.00000000  0.00000000  0.00096062]]
2025-12-23:11:05:24,558 INFO     [psi4.optking.history:269] 	Performing BFGS update.
2025-12-23:11:05:24,558 INFO     [psi4.optking.history:280] 	Using 4 previous steps for update.
2025-12-23:11:05:24,558 WARNING  [psi4.optking.history:301] 	Change in internal coordinate of 7.67e-01 exceeds limit of 5.00e-01.
2025-12-23:11:05:24,558 WARNING  [psi4.optking.history:306] 	Skipping Hessian update for step 9.
2025-12-23:11:05:24,558 WARNING  [psi4.optking.history:301] 	Change in internal coordinate of 1.06e+00 exceeds limit of 5.00e-01.
2025-12-23:11:05:24,558 WARNING  [psi4.optking.history:306] 	Skipping Hessian update for step 8.
2025-12-23:11:05:24,558 WARNING  [psi4.optking.history:301] 	Change in internal coordinate of 1.37e+00 exceeds limit of 5.00e-01.
2025-12-23:11:05:24,558 WARNING  [psi4.optking.history:306] 	Skipping Hessian update for step 7.
2025-12-23:11:05:24,558 WARNING  [psi4.optking.history:301] 	Change in internal coordinate of 1.70e+00 exceeds limit of 5.00e-01.
2025-12-23:11:05:24,558 WARNING  [psi4.optking.history:306] 	Skipping Hessian update for step 6.
2025-12-23:11:05:24,558 WARNING  [psi4.optking.history:301] 	Change in internal coordinate of 2.05e+00 exceeds limit of 5.00e-01.
2025-12-23:11:05:24,558 WARNING  [psi4.optking.history:306] 	Skipping Hessian update for step 5.
2025-12-23:11:05:24,558 WARNING  [psi4.optking.history:301] 	Change in internal coordinate of 2.44e+00 exceeds limit of 5.00e-01.
2025-12-23:11:05:24,558 WARNING  [psi4.optking.history:306] 	Skipping Hessian update for step 4.
2025-12-23:11:05:24,559 WARNING  [psi4.optking.history:301] 	Change in internal coordinate of 2.80e+00 exceeds limit of 5.00e-01.
2025-12-23:11:05:24,559 WARNING  [psi4.optking.history:306] 	Skipping Hessian update for step 3.
2025-12-23:11:05:24,559 WARNING  [psi4.optking.history:301] 	Change in internal coordinate of 3.10e+00 exceeds limit of 5.00e-01.
2025-12-23:11:05:24,559 WARNING  [psi4.optking.history:306] 	Skipping Hessian update for step 2.
2025-12-23:11:05:24,559 WARNING  [psi4.optking.history:301] 	Change in internal coordinate of 3.34e+00 exceeds limit of 5.00e-01.
2025-12-23:11:05:24,559 WARNING  [psi4.optking.history:306] 	Skipping Hessian update for step 1.
2025-12-23:11:05:24,559 INFO     [psi4.optking.history:317] 	Steps to be used in Hessian update:  11 10

2025-12-23:11:05:24,559 INFO     [psi4.optking.history:418] 	Updated Hessian (in au) 
 	   0.006431

2025-12-23:11:05:24,559 INFO     [psi4.optking.molsys:944] Projected (PHP) Hessian matrix
	   0.006431

2025-12-23:11:05:24,559 INFO     [psi4.optking.opt_helper:182] 
	         Geometry (au)                                       Gradient (au)
   0.0000000000   0.0000000000   4.0055324875		   0.0000000000  -0.0000000000  -0.0009498931
   0.0000000000   0.0000000000  -1.6032114487		  -0.0000000000   0.0000000000   0.0009606164

2025-12-23:11:05:24,559 INFO     [psi4.optking.stepAlgorithms:368] 	Current Step Report 
 
	Current energy:      -602.6108221644
	Energy change for the previous step:
		Actual       :        -0.0003346755
		Projected    :        -0.0002353419

2025-12-23:11:05:24,559 INFO     [psi4.optking.stepAlgorithms:371] 	Energy ratio =    1.42208
2025-12-23:11:05:24,559 INFO     [psi4.optking.stepAlgorithms:929] 	Using RFO solution 1.
2025-12-23:11:05:24,559 INFO     [psi4.optking.displace:100] 	Determining Cartesian step for fragment 1.
2025-12-23:11:05:24,559 INFO     [psi4.optking.displace:415] 	Successfully converged to displaced geometry.
2025-12-23:11:05:24,559 INFO     [psi4.optking.displace:416] 	RMS(dx):  2.564e-16 	Max(dx):  4.441e-16 	RMS(dq):  8.882e-16
2025-12-23:11:05:24,560 INFO     [psi4.optking.displace:172] 

	        --- Internal Coordinate Step in ANG or DEG, aJ/ANG or AJ/DEG ---
	-------------------------------------------------------------------------------
	           Coordinate      Previous         Force          Change          New 
	           ----------      --------        ------          ------        ------
	               R(1,2)       2.96802        0.00787        0.07694       3.04496
	-------------------------------------------------------------------------------

2025-12-23:11:05:24,560 INFO     [psi4.optking.stepAlgorithms:113] 	|target step| :    0.1453984908
2025-12-23:11:05:24,560 INFO     [psi4.optking.stepAlgorithms:114] 	gradient     :   -0.0009552548
2025-12-23:11:05:24,560 INFO     [psi4.optking.stepAlgorithms:115] 	hessian      :    0.0064310157
2025-12-23:11:05:24,560 INFO     [psi4.optking.stepAlgorithms:113] 	|target step| :    0.1453984908
2025-12-23:11:05:24,560 INFO     [psi4.optking.stepAlgorithms:114] 	gradient     :   -0.0009552548
2025-12-23:11:05:24,560 INFO     [psi4.optking.stepAlgorithms:115] 	hessian      :    0.0064310157
2025-12-23:11:05:24,560 INFO     [psi4.optking.stepAlgorithms:206] 	Norm of achieved step-size    0.1453984908
2025-12-23:11:05:24,560 INFO     [psi4.optking.stepAlgorithms:208] 	Norm of achieved step-size (cart):    0.1028122588
2025-12-23:11:05:24,560 INFO     [psi4.optking.opt_helper:164] Molsys:

	                            ===> Fragment 1 <== 

	 Z (Atomic Numbers)          Masses                          Geom                  
	       8.000000            15.994915          0.00000000  0.00000000  4.07823173   
	      18.000000            39.962383          0.00000000  0.00000000 -1.67591069   

	 - Coordinate -           - BOHR/RAD -       - ANG/DEG -
	 R(1,2)           =         5.754142           3.044961

2025-12-23:11:05:24,560 INFO     [psi4.optking.convcheck:76] Performing convergence check.
2025-12-23:11:05:24,560 INFO     [psi4.optking.convcheck:282] 
	                                 ==> Convergence Check <==                                  
    
	Measures of convergence in internal coordinates in au.
    
	Criteria marked as inactive (o), active & met (*), and active & unmet ( ).

	----------------------------------------------------------------------------------------------
	   Step    Total Energy     Delta E     Max Force     RMS Force      Max Disp      RMS Disp   
	----------------------------------------------------------------------------------------------
	  Convergence Criteria     1.00e-06 *    3.00e-04 *             o    1.20e-03 *             o
	----------------------------------------------------------------------------------------------
	    12    -602.61082216   -3.35e-04      9.55e-04      9.55e-04 o    1.45e-01      1.45e-01 o  ~
	----------------------------------------------------------------------------------------------


2025-12-23:11:05:24,560 INFO     [psi4.optking.stepAlgorithms:296] 	Convergence check returned False
2025-12-23:11:05:24,570 INFO     [psi4.driver.task_planner:259] PLANNING Atomic:  keywords={'DAMPING_PERCENTAGE': 1.0, 'GEOM_MAXITER': 500, 'SCF__GUESS': 'READ', 'GUESS': 'SAP', 'MAXITER': 500, 'REFERENCE': 'UKS', 'function_kwargs': {}}
2025-12-23:11:05:24,571 INFO     [psi4.driver.driver:638] Compute gradient(): method=b3lyp, basis=cc-pvdz, molecule=default, nre=25.02544937435807
2025-12-23:11:05:25,34 INFO     [psi4.driver.driver:641] Return gradient(): -602.6109290923332
2025-12-23:11:05:25,34 INFO     [psi4.driver.driver:642] [[ 0.00000000  0.00000000 -0.00054509]
 [-0.00000000  0.00000000  0.00054840]]
2025-12-23:11:05:25,35 INFO     [psi4.optking.history:269] 	Performing BFGS update.
2025-12-23:11:05:25,36 INFO     [psi4.optking.history:280] 	Using 4 previous steps for update.
2025-12-23:11:05:25,36 WARNING  [psi4.optking.history:301] 	Change in internal coordinate of 6.36e-01 exceeds limit of 5.00e-01.
2025-12-23:11:05:25,36 WARNING  [psi4.optking.history:306] 	Skipping Hessian update for step 10.
2025-12-23:11:05:25,36 WARNING  [psi4.optking.history:301] 	Change in internal coordinate of 9.12e-01 exceeds limit of 5.00e-01.
2025-12-23:11:05:25,36 WARNING  [psi4.optking.history:306] 	Skipping Hessian update for step 9.
2025-12-23:11:05:25,36 WARNING  [psi4.optking.history:301] 	Change in internal coordinate of 1.21e+00 exceeds limit of 5.00e-01.
2025-12-23:11:05:25,36 WARNING  [psi4.optking.history:306] 	Skipping Hessian update for step 8.
2025-12-23:11:05:25,36 WARNING  [psi4.optking.history:301] 	Change in internal coordinate of 1.52e+00 exceeds limit of 5.00e-01.
2025-12-23:11:05:25,36 WARNING  [psi4.optking.history:306] 	Skipping Hessian update for step 7.
2025-12-23:11:05:25,36 WARNING  [psi4.optking.history:301] 	Change in internal coordinate of 1.85e+00 exceeds limit of 5.00e-01.
2025-12-23:11:05:25,36 WARNING  [psi4.optking.history:306] 	Skipping Hessian update for step 6.
2025-12-23:11:05:25,36 WARNING  [psi4.optking.history:301] 	Change in internal coordinate of 2.19e+00 exceeds limit of 5.00e-01.
2025-12-23:11:05:25,36 WARNING  [psi4.optking.history:306] 	Skipping Hessian update for step 5.
2025-12-23:11:05:25,36 WARNING  [psi4.optking.history:301] 	Change in internal coordinate of 2.59e+00 exceeds limit of 5.00e-01.
2025-12-23:11:05:25,36 WARNING  [psi4.optking.history:306] 	Skipping Hessian update for step 4.
2025-12-23:11:05:25,36 WARNING  [psi4.optking.history:301] 	Change in internal coordinate of 2.95e+00 exceeds limit of 5.00e-01.
2025-12-23:11:05:25,36 WARNING  [psi4.optking.history:306] 	Skipping Hessian update for step 3.
2025-12-23:11:05:25,36 WARNING  [psi4.optking.history:301] 	Change in internal coordinate of 3.24e+00 exceeds limit of 5.00e-01.
2025-12-23:11:05:25,36 WARNING  [psi4.optking.history:306] 	Skipping Hessian update for step 2.
2025-12-23:11:05:25,36 WARNING  [psi4.optking.history:301] 	Change in internal coordinate of 3.49e+00 exceeds limit of 5.00e-01.
2025-12-23:11:05:25,36 WARNING  [psi4.optking.history:306] 	Skipping Hessian update for step 1.
2025-12-23:11:05:25,36 INFO     [psi4.optking.history:317] 	Steps to be used in Hessian update:  12 11

2025-12-23:11:05:25,36 INFO     [psi4.optking.history:418] 	Updated Hessian (in au) 
 	   0.003873

2025-12-23:11:05:25,36 INFO     [psi4.optking.molsys:944] Projected (PHP) Hessian matrix
	   0.003873

2025-12-23:11:05:25,36 INFO     [psi4.optking.opt_helper:182] 
	         Geometry (au)                                       Gradient (au)
   0.0000000000   0.0000000000   4.1093700641		   0.0000000000   0.0000000000  -0.0005450887
   0.0000000000   0.0000000000  -1.6447723629		  -0.0000000000   0.0000000000   0.0005483958

2025-12-23:11:05:25,37 INFO     [psi4.optking.stepAlgorithms:368] 	Current Step Report 
 
	Current energy:      -602.6109290923
	Energy change for the previous step:
		Actual       :        -0.0001069280
		Projected    :        -0.0000694463

2025-12-23:11:05:25,37 INFO     [psi4.optking.stepAlgorithms:371] 	Energy ratio =    1.53972
2025-12-23:11:05:25,37 INFO     [psi4.optking.stepAlgorithms:929] 	Using RFO solution 1.
2025-12-23:11:05:25,37 INFO     [psi4.optking.displace:100] 	Determining Cartesian step for fragment 1.
2025-12-23:11:05:25,37 INFO     [psi4.optking.displace:415] 	Successfully converged to displaced geometry.
2025-12-23:11:05:25,37 INFO     [psi4.optking.displace:416] 	RMS(dx):  0.000e+00 	Max(dx):  0.000e+00 	RMS(dq):  0.000e+00
2025-12-23:11:05:25,37 INFO     [psi4.optking.displace:172] 

	        --- Internal Coordinate Step in ANG or DEG, aJ/ANG or AJ/DEG ---
	-------------------------------------------------------------------------------
	           Coordinate      Previous         Force          Change          New 
	           ----------      --------        ------          ------        ------
	               R(1,2)       3.04496        0.00450        0.07326       3.11822
	-------------------------------------------------------------------------------

2025-12-23:11:05:25,37 INFO     [psi4.optking.stepAlgorithms:113] 	|target step| :    0.1384486420
2025-12-23:11:05:25,37 INFO     [psi4.optking.stepAlgorithms:114] 	gradient     :   -0.0005467422
2025-12-23:11:05:25,37 INFO     [psi4.optking.stepAlgorithms:115] 	hessian      :    0.0038733660
2025-12-23:11:05:25,37 INFO     [psi4.optking.stepAlgorithms:113] 	|target step| :    0.1384486420
2025-12-23:11:05:25,37 INFO     [psi4.optking.stepAlgorithms:114] 	gradient     :   -0.0005467422
2025-12-23:11:05:25,37 INFO     [psi4.optking.stepAlgorithms:115] 	hessian      :    0.0038733660
2025-12-23:11:05:25,37 INFO     [psi4.optking.stepAlgorithms:206] 	Norm of achieved step-size    0.1384486420
2025-12-23:11:05:25,37 INFO     [psi4.optking.stepAlgorithms:208] 	Norm of achieved step-size (cart):    0.0978979736
2025-12-23:11:05:25,37 INFO     [psi4.optking.opt_helper:164] Molsys:

	                            ===> Fragment 1 <== 

	 Z (Atomic Numbers)          Masses                          Geom                  
	       8.000000            15.994915          0.00000000  0.00000000  4.17859439   
	      18.000000            39.962383          0.00000000  0.00000000 -1.71399668   

	 - Coordinate -           - BOHR/RAD -       - ANG/DEG -
	 R(1,2)           =         5.892591           3.118225

2025-12-23:11:05:25,38 INFO     [psi4.optking.convcheck:76] Performing convergence check.
2025-12-23:11:05:25,38 INFO     [psi4.optking.convcheck:282] 
	                                 ==> Convergence Check <==                                  
    
	Measures of convergence in internal coordinates in au.
    
	Criteria marked as inactive (o), active & met (*), and active & unmet ( ).

	----------------------------------------------------------------------------------------------
	   Step    Total Energy     Delta E     Max Force     RMS Force      Max Disp      RMS Disp   
	----------------------------------------------------------------------------------------------
	  Convergence Criteria     1.00e-06 *    3.00e-04 *             o    1.20e-03 *             o
	----------------------------------------------------------------------------------------------
	    13    -602.61092909   -1.07e-04      5.47e-04      5.47e-04 o    1.38e-01      1.38e-01 o  ~
	----------------------------------------------------------------------------------------------


2025-12-23:11:05:25,38 INFO     [psi4.optking.stepAlgorithms:296] 	Convergence check returned False
2025-12-23:11:05:25,48 INFO     [psi4.driver.task_planner:259] PLANNING Atomic:  keywords={'DAMPING_PERCENTAGE': 1.0, 'GEOM_MAXITER': 500, 'SCF__GUESS': 'READ', 'GUESS': 'SAP', 'MAXITER': 500, 'REFERENCE': 'UKS', 'function_kwargs': {}}
2025-12-23:11:05:25,49 INFO     [psi4.driver.driver:638] Compute gradient(): method=b3lyp, basis=cc-pvdz, molecule=default, nre=24.437467035118672
2025-12-23:11:05:25,551 INFO     [psi4.driver.driver:641] Return gradient(): -602.610984302694
2025-12-23:11:05:25,551 INFO     [psi4.driver.driver:642] [[ 0.00000000 -0.00000000 -0.00027289]
 [ 0.00000000  0.00000000  0.00028083]]
2025-12-23:11:05:25,553 INFO     [psi4.optking.history:269] 	Performing BFGS update.
2025-12-23:11:05:25,553 INFO     [psi4.optking.history:280] 	Using 4 previous steps for update.
2025-12-23:11:05:25,553 WARNING  [psi4.optking.history:301] 	Change in internal coordinate of 5.17e-01 exceeds limit of 5.00e-01.
2025-12-23:11:05:25,553 WARNING  [psi4.optking.history:306] 	Skipping Hessian update for step 11.
2025-12-23:11:05:25,553 WARNING  [psi4.optking.history:301] 	Change in internal coordinate of 7.75e-01 exceeds limit of 5.00e-01.
2025-12-23:11:05:25,553 WARNING  [psi4.optking.history:306] 	Skipping Hessian update for step 10.
2025-12-23:11:05:25,553 WARNING  [psi4.optking.history:301] 	Change in internal coordinate of 1.05e+00 exceeds limit of 5.00e-01.
2025-12-23:11:05:25,553 WARNING  [psi4.optking.history:306] 	Skipping Hessian update for step 9.
2025-12-23:11:05:25,553 WARNING  [psi4.optking.history:301] 	Change in internal coordinate of 1.34e+00 exceeds limit of 5.00e-01.
2025-12-23:11:05:25,553 WARNING  [psi4.optking.history:306] 	Skipping Hessian update for step 8.
2025-12-23:11:05:25,553 WARNING  [psi4.optking.history:301] 	Change in internal coordinate of 1.66e+00 exceeds limit of 5.00e-01.
2025-12-23:11:05:25,553 WARNING  [psi4.optking.history:306] 	Skipping Hessian update for step 7.
2025-12-23:11:05:25,553 WARNING  [psi4.optking.history:301] 	Change in internal coordinate of 1.98e+00 exceeds limit of 5.00e-01.
2025-12-23:11:05:25,553 WARNING  [psi4.optking.history:306] 	Skipping Hessian update for step 6.
2025-12-23:11:05:25,553 WARNING  [psi4.optking.history:301] 	Change in internal coordinate of 2.33e+00 exceeds limit of 5.00e-01.
2025-12-23:11:05:25,553 WARNING  [psi4.optking.history:306] 	Skipping Hessian update for step 5.
2025-12-23:11:05:25,553 WARNING  [psi4.optking.history:301] 	Change in internal coordinate of 2.73e+00 exceeds limit of 5.00e-01.
2025-12-23:11:05:25,553 WARNING  [psi4.optking.history:306] 	Skipping Hessian update for step 4.
2025-12-23:11:05:25,553 WARNING  [psi4.optking.history:301] 	Change in internal coordinate of 3.09e+00 exceeds limit of 5.00e-01.
2025-12-23:11:05:25,553 WARNING  [psi4.optking.history:306] 	Skipping Hessian update for step 3.
2025-12-23:11:05:25,553 WARNING  [psi4.optking.history:301] 	Change in internal coordinate of 3.38e+00 exceeds limit of 5.00e-01.
2025-12-23:11:05:25,553 WARNING  [psi4.optking.history:306] 	Skipping Hessian update for step 2.
2025-12-23:11:05:25,553 WARNING  [psi4.optking.history:301] 	Change in internal coordinate of 3.62e+00 exceeds limit of 5.00e-01.
2025-12-23:11:05:25,553 WARNING  [psi4.optking.history:306] 	Skipping Hessian update for step 1.
2025-12-23:11:05:25,553 INFO     [psi4.optking.history:317] 	Steps to be used in Hessian update:  13 12

2025-12-23:11:05:25,554 INFO     [psi4.optking.history:418] 	Updated Hessian (in au) 
 	   0.002390

2025-12-23:11:05:25,554 INFO     [psi4.optking.molsys:944] Projected (PHP) Hessian matrix
	   0.002390

2025-12-23:11:05:25,554 INFO     [psi4.optking.opt_helper:182] 
	         Geometry (au)                                       Gradient (au)
   0.0000000000   0.0000000000   4.2082443468		   0.0000000000  -0.0000000000  -0.0002728902
   0.0000000000   0.0000000000  -1.6843467222		   0.0000000000   0.0000000000   0.0002808267

2025-12-23:11:05:25,554 INFO     [psi4.optking.stepAlgorithms:368] 	Current Step Report 
 
	Current energy:      -602.6109843027
	Energy change for the previous step:
		Actual       :        -0.0000552104
		Projected    :        -0.0000378479

2025-12-23:11:05:25,554 INFO     [psi4.optking.stepAlgorithms:371] 	Energy ratio =    1.45874
2025-12-23:11:05:25,554 INFO     [psi4.optking.stepAlgorithms:929] 	Using RFO solution 1.
2025-12-23:11:05:25,554 INFO     [psi4.optking.displace:100] 	Determining Cartesian step for fragment 1.
2025-12-23:11:05:25,554 INFO     [psi4.optking.displace:415] 	Successfully converged to displaced geometry.
2025-12-23:11:05:25,554 INFO     [psi4.optking.displace:416] 	RMS(dx):  0.000e+00 	Max(dx):  0.000e+00 	RMS(dq):  0.000e+00
2025-12-23:11:05:25,554 INFO     [psi4.optking.displace:172] 

	        --- Internal Coordinate Step in ANG or DEG, aJ/ANG or AJ/DEG ---
	-------------------------------------------------------------------------------
	           Coordinate      Previous         Force          Change          New 
	           ----------      --------        ------          ------        ------
	               R(1,2)       3.11822        0.00228        0.06050       3.17872
	-------------------------------------------------------------------------------

2025-12-23:11:05:25,554 INFO     [psi4.optking.stepAlgorithms:113] 	|target step| :    0.1143259871
2025-12-23:11:05:25,554 INFO     [psi4.optking.stepAlgorithms:114] 	gradient     :   -0.0002768584
2025-12-23:11:05:25,554 INFO     [psi4.optking.stepAlgorithms:115] 	hessian      :    0.0023900059
2025-12-23:11:05:25,554 INFO     [psi4.optking.stepAlgorithms:113] 	|target step| :    0.1143259871
2025-12-23:11:05:25,554 INFO     [psi4.optking.stepAlgorithms:114] 	gradient     :   -0.0002768584
2025-12-23:11:05:25,554 INFO     [psi4.optking.stepAlgorithms:115] 	hessian      :    0.0023900059
2025-12-23:11:05:25,554 INFO     [psi4.optking.stepAlgorithms:206] 	Norm of achieved step-size    0.1143259871
2025-12-23:11:05:25,554 INFO     [psi4.optking.stepAlgorithms:208] 	Norm of achieved step-size (cart):    0.0808406808
2025-12-23:11:05:25,555 INFO     [psi4.optking.opt_helper:164] Molsys:

	                            ===> Fragment 1 <== 

	 Z (Atomic Numbers)          Masses                          Geom                  
	       8.000000            15.994915          0.00000000  0.00000000  4.26540734   
	      18.000000            39.962383          0.00000000  0.00000000 -1.74150972   

	 - Coordinate -           - BOHR/RAD -       - ANG/DEG -
	 R(1,2)           =         6.006917           3.178724

2025-12-23:11:05:25,555 INFO     [psi4.optking.convcheck:76] Performing convergence check.
2025-12-23:11:05:25,555 INFO     [psi4.optking.convcheck:282] 
	                                 ==> Convergence Check <==                                  
    
	Measures of convergence in internal coordinates in au.
    
	Criteria marked as inactive (o), active & met (*), and active & unmet ( ).

	----------------------------------------------------------------------------------------------
	   Step    Total Energy     Delta E     Max Force     RMS Force      Max Disp      RMS Disp   
	----------------------------------------------------------------------------------------------
	  Convergence Criteria     1.00e-06 *    3.00e-04 *             o    1.20e-03 *             o
	----------------------------------------------------------------------------------------------
	    14    -602.61098430   -5.52e-05      2.77e-04 *    2.77e-04 o    1.14e-01      1.14e-01 o  ~
	----------------------------------------------------------------------------------------------


2025-12-23:11:05:25,555 INFO     [psi4.optking.stepAlgorithms:296] 	Convergence check returned False
2025-12-23:11:05:25,565 INFO     [psi4.driver.task_planner:259] PLANNING Atomic:  keywords={'DAMPING_PERCENTAGE': 1.0, 'GEOM_MAXITER': 500, 'SCF__GUESS': 'READ', 'GUESS': 'SAP', 'MAXITER': 500, 'REFERENCE': 'UKS', 'function_kwargs': {}}
2025-12-23:11:05:25,567 INFO     [psi4.driver.driver:638] Compute gradient(): method=b3lyp, basis=cc-pvdz, molecule=default, nre=23.972363635865342
2025-12-23:11:05:26,82 INFO     [psi4.driver.driver:641] Return gradient(): -602.611005624548
2025-12-23:11:05:26,82 INFO     [psi4.driver.driver:642] [[-0.00000000 -0.00000000 -0.00011738]
 [ 0.00000000  0.00000000  0.00011994]]
2025-12-23:11:05:26,84 INFO     [psi4.optking.history:269] 	Performing BFGS update.
2025-12-23:11:05:26,84 INFO     [psi4.optking.history:280] 	Using 4 previous steps for update.
2025-12-23:11:05:26,84 WARNING  [psi4.optking.history:301] 	Change in internal coordinate of 6.32e-01 exceeds limit of 5.00e-01.
2025-12-23:11:05:26,84 WARNING  [psi4.optking.history:306] 	Skipping Hessian update for step 11.
2025-12-23:11:05:26,84 WARNING  [psi4.optking.history:301] 	Change in internal coordinate of 8.89e-01 exceeds limit of 5.00e-01.
2025-12-23:11:05:26,84 WARNING  [psi4.optking.history:306] 	Skipping Hessian update for step 10.
2025-12-23:11:05:26,84 WARNING  [psi4.optking.history:301] 	Change in internal coordinate of 1.17e+00 exceeds limit of 5.00e-01.
2025-12-23:11:05:26,84 WARNING  [psi4.optking.history:306] 	Skipping Hessian update for step 9.
2025-12-23:11:05:26,84 WARNING  [psi4.optking.history:301] 	Change in internal coordinate of 1.46e+00 exceeds limit of 5.00e-01.
2025-12-23:11:05:26,84 WARNING  [psi4.optking.history:306] 	Skipping Hessian update for step 8.
2025-12-23:11:05:26,84 WARNING  [psi4.optking.history:301] 	Change in internal coordinate of 1.77e+00 exceeds limit of 5.00e-01.
2025-12-23:11:05:26,84 WARNING  [psi4.optking.history:306] 	Skipping Hessian update for step 7.
2025-12-23:11:05:26,84 WARNING  [psi4.optking.history:301] 	Change in internal coordinate of 2.10e+00 exceeds limit of 5.00e-01.
2025-12-23:11:05:26,84 WARNING  [psi4.optking.history:306] 	Skipping Hessian update for step 6.
2025-12-23:11:05:26,84 WARNING  [psi4.optking.history:301] 	Change in internal coordinate of 2.44e+00 exceeds limit of 5.00e-01.
2025-12-23:11:05:26,84 WARNING  [psi4.optking.history:306] 	Skipping Hessian update for step 5.
2025-12-23:11:05:26,84 WARNING  [psi4.optking.history:301] 	Change in internal coordinate of 2.84e+00 exceeds limit of 5.00e-01.
2025-12-23:11:05:26,84 WARNING  [psi4.optking.history:306] 	Skipping Hessian update for step 4.
2025-12-23:11:05:26,85 WARNING  [psi4.optking.history:301] 	Change in internal coordinate of 3.20e+00 exceeds limit of 5.00e-01.
2025-12-23:11:05:26,85 WARNING  [psi4.optking.history:306] 	Skipping Hessian update for step 3.
2025-12-23:11:05:26,85 WARNING  [psi4.optking.history:301] 	Change in internal coordinate of 3.50e+00 exceeds limit of 5.00e-01.
2025-12-23:11:05:26,85 WARNING  [psi4.optking.history:306] 	Skipping Hessian update for step 2.
2025-12-23:11:05:26,85 WARNING  [psi4.optking.history:301] 	Change in internal coordinate of 3.74e+00 exceeds limit of 5.00e-01.
2025-12-23:11:05:26,85 WARNING  [psi4.optking.history:306] 	Skipping Hessian update for step 1.
2025-12-23:11:05:26,85 INFO     [psi4.optking.history:317] 	Steps to be used in Hessian update:  14 13 12

2025-12-23:11:05:26,85 INFO     [psi4.optking.history:418] 	Updated Hessian (in au) 
 	   0.002101

2025-12-23:11:05:26,85 INFO     [psi4.optking.molsys:944] Projected (PHP) Hessian matrix
	   0.002101

2025-12-23:11:05:26,85 INFO     [psi4.optking.opt_helper:182] 
	         Geometry (au)                                       Gradient (au)
   0.0000000000   0.0000000000   4.2898912290		  -0.0000000000  -0.0000000000  -0.0001173839
   0.0000000000   0.0000000000  -1.7170258271		   0.0000000000   0.0000000000   0.0001199417

2025-12-23:11:05:26,85 INFO     [psi4.optking.stepAlgorithms:368] 	Current Step Report 
 
	Current energy:      -602.6110056245
	Energy change for the previous step:
		Actual       :        -0.0000213219
		Projected    :        -0.0000158261

2025-12-23:11:05:26,85 INFO     [psi4.optking.stepAlgorithms:371] 	Energy ratio =    1.34726
2025-12-23:11:05:26,85 INFO     [psi4.optking.stepAlgorithms:929] 	Using RFO solution 1.
2025-12-23:11:05:26,85 INFO     [psi4.optking.displace:100] 	Determining Cartesian step for fragment 1.
2025-12-23:11:05:26,85 INFO     [psi4.optking.displace:415] 	Successfully converged to displaced geometry.
2025-12-23:11:05:26,85 INFO     [psi4.optking.displace:416] 	RMS(dx):  0.000e+00 	Max(dx):  0.000e+00 	RMS(dq):  0.000e+00
2025-12-23:11:05:26,85 INFO     [psi4.optking.displace:172] 

	        --- Internal Coordinate Step in ANG or DEG, aJ/ANG or AJ/DEG ---
	-------------------------------------------------------------------------------
	           Coordinate      Previous         Force          Change          New 
	           ----------      --------        ------          ------        ------
	               R(1,2)       3.17872        0.00098        0.02979       3.20852
	-------------------------------------------------------------------------------

2025-12-23:11:05:26,86 INFO     [psi4.optking.stepAlgorithms:113] 	|target step| :    0.0562981479
2025-12-23:11:05:26,86 INFO     [psi4.optking.stepAlgorithms:114] 	gradient     :   -0.0001186628
2025-12-23:11:05:26,86 INFO     [psi4.optking.stepAlgorithms:115] 	hessian      :    0.0021010760
2025-12-23:11:05:26,86 INFO     [psi4.optking.stepAlgorithms:113] 	|target step| :    0.0562981479
2025-12-23:11:05:26,86 INFO     [psi4.optking.stepAlgorithms:114] 	gradient     :   -0.0001186628
2025-12-23:11:05:26,86 INFO     [psi4.optking.stepAlgorithms:115] 	hessian      :    0.0021010760
2025-12-23:11:05:26,86 INFO     [psi4.optking.stepAlgorithms:206] 	Norm of achieved step-size    0.0562981479
2025-12-23:11:05:26,86 INFO     [psi4.optking.stepAlgorithms:208] 	Norm of achieved step-size (cart):    0.0398088021
2025-12-23:11:05:26,86 INFO     [psi4.optking.opt_helper:164] Molsys:

	                            ===> Fragment 1 <== 

	 Z (Atomic Numbers)          Masses                          Geom                  
	       8.000000            15.994915          0.00000000  0.00000000  4.31804030   
	      18.000000            39.962383          0.00000000  0.00000000 -1.74517490   

	 - Coordinate -           - BOHR/RAD -       - ANG/DEG -
	 R(1,2)           =         6.063215           3.208515

2025-12-23:11:05:26,86 INFO     [psi4.optking.convcheck:76] Performing convergence check.
2025-12-23:11:05:26,86 INFO     [psi4.optking.convcheck:282] 
	                                 ==> Convergence Check <==                                  
    
	Measures of convergence in internal coordinates in au.
    
	Criteria marked as inactive (o), active & met (*), and active & unmet ( ).

	----------------------------------------------------------------------------------------------
	   Step    Total Energy     Delta E     Max Force     RMS Force      Max Disp      RMS Disp   
	----------------------------------------------------------------------------------------------
	  Convergence Criteria     1.00e-06 *    3.00e-04 *             o    1.20e-03 *             o
	----------------------------------------------------------------------------------------------
	    15    -602.61100562   -2.13e-05      1.19e-04 *    1.19e-04 o    5.63e-02      5.63e-02 o  ~
	----------------------------------------------------------------------------------------------


2025-12-23:11:05:26,86 INFO     [psi4.optking.stepAlgorithms:296] 	Convergence check returned False
2025-12-23:11:05:26,97 INFO     [psi4.driver.task_planner:259] PLANNING Atomic:  keywords={'DAMPING_PERCENTAGE': 1.0, 'GEOM_MAXITER': 500, 'SCF__GUESS': 'READ', 'GUESS': 'SAP', 'MAXITER': 500, 'REFERENCE': 'UKS', 'function_kwargs': {}}
2025-12-23:11:05:26,98 INFO     [psi4.driver.driver:638] Compute gradient(): method=b3lyp, basis=cc-pvdz, molecule=default, nre=23.749775516037726
2025-12-23:11:05:26,561 INFO     [psi4.driver.driver:641] Return gradient(): -602.6110101274685
2025-12-23:11:05:26,561 INFO     [psi4.driver.driver:642] [[-0.00000000  0.00000000 -0.00005897]
 [ 0.00000000  0.00000000  0.00005722]]
2025-12-23:11:05:26,563 INFO     [psi4.optking.history:269] 	Performing BFGS update.
2025-12-23:11:05:26,563 INFO     [psi4.optking.history:280] 	Using 4 previous steps for update.
2025-12-23:11:05:26,563 INFO     [psi4.optking.history:317] 	Steps to be used in Hessian update:  15 14 13 12

2025-12-23:11:05:26,564 INFO     [psi4.optking.history:418] 	Updated Hessian (in au) 
 	   0.001974

2025-12-23:11:05:26,564 INFO     [psi4.optking.molsys:944] Projected (PHP) Hessian matrix
	   0.001974

2025-12-23:11:05:26,564 INFO     [psi4.optking.opt_helper:182] 
	         Geometry (au)                                       Gradient (au)
   0.0000000000   0.0000000000   4.3300970332		  -0.0000000000   0.0000000000  -0.0000589703
   0.0000000000   0.0000000000  -1.7331181708		   0.0000000000   0.0000000000   0.0000572213

2025-12-23:11:05:26,564 INFO     [psi4.optking.stepAlgorithms:368] 	Current Step Report 
 
	Current energy:      -602.6110101275
	Energy change for the previous step:
		Actual       :        -0.0000045029
		Projected    :        -0.0000033402

2025-12-23:11:05:26,564 INFO     [psi4.optking.stepAlgorithms:371] 	Energy ratio =    1.34808
2025-12-23:11:05:26,564 INFO     [psi4.optking.stepAlgorithms:929] 	Using RFO solution 1.
2025-12-23:11:05:26,564 INFO     [psi4.optking.displace:100] 	Determining Cartesian step for fragment 1.
2025-12-23:11:05:26,564 INFO     [psi4.optking.displace:415] 	Successfully converged to displaced geometry.
2025-12-23:11:05:26,564 INFO     [psi4.optking.displace:416] 	RMS(dx):  0.000e+00 	Max(dx):  0.000e+00 	RMS(dq):  0.000e+00
2025-12-23:11:05:26,564 INFO     [psi4.optking.displace:172] 

	        --- Internal Coordinate Step in ANG or DEG, aJ/ANG or AJ/DEG ---
	-------------------------------------------------------------------------------
	           Coordinate      Previous         Force          Change          New 
	           ----------      --------        ------          ------        ------
	               R(1,2)       3.20852        0.00048        0.01556       3.22408
	-------------------------------------------------------------------------------

2025-12-23:11:05:26,564 INFO     [psi4.optking.stepAlgorithms:113] 	|target step| :    0.0294039823
2025-12-23:11:05:26,564 INFO     [psi4.optking.stepAlgorithms:114] 	gradient     :   -0.0000580958
2025-12-23:11:05:26,564 INFO     [psi4.optking.stepAlgorithms:115] 	hessian      :    0.0019740719
2025-12-23:11:05:26,564 INFO     [psi4.optking.stepAlgorithms:113] 	|target step| :    0.0294039823
2025-12-23:11:05:26,564 INFO     [psi4.optking.stepAlgorithms:114] 	gradient     :   -0.0000580958
2025-12-23:11:05:26,564 INFO     [psi4.optking.stepAlgorithms:115] 	hessian      :    0.0019740719
2025-12-23:11:05:26,564 INFO     [psi4.optking.stepAlgorithms:206] 	Norm of achieved step-size    0.0294039823
2025-12-23:11:05:26,564 INFO     [psi4.optking.stepAlgorithms:208] 	Norm of achieved step-size (cart):    0.0207917553
2025-12-23:11:05:26,564 INFO     [psi4.optking.opt_helper:164] Molsys:

	                            ===> Fragment 1 <== 

	 Z (Atomic Numbers)          Masses                          Geom                  
	       8.000000            15.994915          0.00000000  0.00000000  4.34479902   
	      18.000000            39.962383          0.00000000  0.00000000 -1.74782016   

	 - Coordinate -           - BOHR/RAD -       - ANG/DEG -
	 R(1,2)           =         6.092619           3.224075

2025-12-23:11:05:26,565 INFO     [psi4.optking.convcheck:76] Performing convergence check.
2025-12-23:11:05:26,565 INFO     [psi4.optking.convcheck:282] 
	                                 ==> Convergence Check <==                                  
    
	Measures of convergence in internal coordinates in au.
    
	Criteria marked as inactive (o), active & met (*), and active & unmet ( ).

	----------------------------------------------------------------------------------------------
	   Step    Total Energy     Delta E     Max Force     RMS Force      Max Disp      RMS Disp   
	----------------------------------------------------------------------------------------------
	  Convergence Criteria     1.00e-06 *    3.00e-04 *             o    1.20e-03 *             o
	----------------------------------------------------------------------------------------------
	    16    -602.61101013   -4.50e-06      5.81e-05 *    5.81e-05 o    2.94e-02      2.94e-02 o  ~
	----------------------------------------------------------------------------------------------


2025-12-23:11:05:26,565 INFO     [psi4.optking.stepAlgorithms:296] 	Convergence check returned False
2025-12-23:11:05:26,575 INFO     [psi4.driver.task_planner:259] PLANNING Atomic:  keywords={'DAMPING_PERCENTAGE': 1.0, 'GEOM_MAXITER': 500, 'SCF__GUESS': 'READ', 'GUESS': 'SAP', 'MAXITER': 500, 'REFERENCE': 'UKS', 'function_kwargs': {}}
2025-12-23:11:05:26,576 INFO     [psi4.driver.driver:638] Compute gradient(): method=b3lyp, basis=cc-pvdz, molecule=default, nre=23.635155193054672
2025-12-23:11:05:27,50 INFO     [psi4.driver.driver:641] Return gradient(): -602.6110112008129
2025-12-23:11:05:27,51 INFO     [psi4.driver.driver:642] [[ 0.00000000  0.00000000 -0.00003174]
 [ 0.00000000 -0.00000000  0.00002881]]
2025-12-23:11:05:27,52 INFO     [psi4.optking.history:269] 	Performing BFGS update.
2025-12-23:11:05:27,52 INFO     [psi4.optking.history:280] 	Using 4 previous steps for update.
2025-12-23:11:05:27,53 INFO     [psi4.optking.history:317] 	Steps to be used in Hessian update:  16 15 14 13

2025-12-23:11:05:27,53 INFO     [psi4.optking.history:418] 	Updated Hessian (in au) 
 	   0.001526

2025-12-23:11:05:27,53 INFO     [psi4.optking.molsys:944] Projected (PHP) Hessian matrix
	   0.001526

2025-12-23:11:05:27,53 INFO     [psi4.optking.opt_helper:182] 
	         Geometry (au)                                       Gradient (au)
   0.0000000000   0.0000000000   4.3510961388		   0.0000000000   0.0000000000  -0.0000317389
   0.0000000000   0.0000000000  -1.7415230475		   0.0000000000  -0.0000000000   0.0000288131

2025-12-23:11:05:27,53 INFO     [psi4.optking.stepAlgorithms:368] 	Current Step Report 
 
	Current energy:      -602.6110112008
	Energy change for the previous step:
		Actual       :        -0.0000010733
		Projected    :        -0.0000008541

2025-12-23:11:05:27,53 INFO     [psi4.optking.stepAlgorithms:371] 	Energy ratio =    1.25666
2025-12-23:11:05:27,53 INFO     [psi4.optking.stepAlgorithms:929] 	Using RFO solution 1.
2025-12-23:11:05:27,53 INFO     [psi4.optking.displace:100] 	Determining Cartesian step for fragment 1.
2025-12-23:11:05:27,53 INFO     [psi4.optking.displace:415] 	Successfully converged to displaced geometry.
2025-12-23:11:05:27,53 INFO     [psi4.optking.displace:416] 	RMS(dx):  0.000e+00 	Max(dx):  0.000e+00 	RMS(dq):  0.000e+00
2025-12-23:11:05:27,54 INFO     [psi4.optking.displace:172] 

	        --- Internal Coordinate Step in ANG or DEG, aJ/ANG or AJ/DEG ---
	-------------------------------------------------------------------------------
	           Coordinate      Previous         Force          Change          New 
	           ----------      --------        ------          ------        ------
	               R(1,2)       3.22408        0.00025        0.01050       3.23457
	-------------------------------------------------------------------------------

2025-12-23:11:05:27,54 INFO     [psi4.optking.stepAlgorithms:113] 	|target step| :    0.0198341926
2025-12-23:11:05:27,54 INFO     [psi4.optking.stepAlgorithms:114] 	gradient     :   -0.0000302760
2025-12-23:11:05:27,54 INFO     [psi4.optking.stepAlgorithms:115] 	hessian      :    0.0015258544
2025-12-23:11:05:27,54 INFO     [psi4.optking.stepAlgorithms:113] 	|target step| :    0.0198341926
2025-12-23:11:05:27,54 INFO     [psi4.optking.stepAlgorithms:114] 	gradient     :   -0.0000302760
2025-12-23:11:05:27,54 INFO     [psi4.optking.stepAlgorithms:115] 	hessian      :    0.0015258544
2025-12-23:11:05:27,54 INFO     [psi4.optking.stepAlgorithms:206] 	Norm of achieved step-size    0.0198341926
2025-12-23:11:05:27,54 INFO     [psi4.optking.stepAlgorithms:208] 	Norm of achieved step-size (cart):    0.0140248921
2025-12-23:11:05:27,54 INFO     [psi4.optking.opt_helper:164] Molsys:

	                            ===> Fragment 1 <== 

	 Z (Atomic Numbers)          Masses                          Geom                  
	       8.000000            15.994915          0.00000000  0.00000000  4.36101324   
	      18.000000            39.962383          0.00000000  0.00000000 -1.75144014   

	 - Coordinate -           - BOHR/RAD -       - ANG/DEG -
	 R(1,2)           =         6.112453           3.234571

2025-12-23:11:05:27,54 INFO     [psi4.optking.convcheck:76] Performing convergence check.
2025-12-23:11:05:27,54 INFO     [psi4.optking.convcheck:282] 
	                                 ==> Convergence Check <==                                  
    
	Measures of convergence in internal coordinates in au.
    
	Criteria marked as inactive (o), active & met (*), and active & unmet ( ).

	----------------------------------------------------------------------------------------------
	   Step    Total Energy     Delta E     Max Force     RMS Force      Max Disp      RMS Disp   
	----------------------------------------------------------------------------------------------
	  Convergence Criteria     1.00e-06 *    3.00e-04 *             o    1.20e-03 *             o
	----------------------------------------------------------------------------------------------
	    17    -602.61101120   -1.07e-06      3.03e-05 *    3.03e-05 o    1.98e-02      1.98e-02 o  ~
	----------------------------------------------------------------------------------------------


2025-12-23:11:05:27,54 INFO     [psi4.optking.stepAlgorithms:296] 	Convergence check returned False
2025-12-23:11:05:27,65 INFO     [psi4.driver.task_planner:259] PLANNING Atomic:  keywords={'DAMPING_PERCENTAGE': 1.0, 'GEOM_MAXITER': 500, 'SCF__GUESS': 'READ', 'GUESS': 'SAP', 'MAXITER': 500, 'REFERENCE': 'UKS', 'function_kwargs': {}}
2025-12-23:11:05:27,66 INFO     [psi4.driver.driver:638] Compute gradient(): method=b3lyp, basis=cc-pvdz, molecule=default, nre=23.558461893162143
2025-12-23:11:05:27,483 INFO     [psi4.driver.driver:641] Return gradient(): -602.6110114748315
2025-12-23:11:05:27,483 INFO     [psi4.driver.driver:642] [[-0.00000000 -0.00000000 -0.00001444]
 [ 0.00000000 -0.00000000  0.00001124]]
2025-12-23:11:05:27,484 INFO     [psi4.optking.history:269] 	Performing BFGS update.
2025-12-23:11:05:27,484 INFO     [psi4.optking.history:280] 	Using 4 previous steps for update.
2025-12-23:11:05:27,485 INFO     [psi4.optking.history:317] 	Steps to be used in Hessian update:  17 16 15 14

2025-12-23:11:05:27,485 INFO     [psi4.optking.history:418] 	Updated Hessian (in au) 
 	   0.001201

2025-12-23:11:05:27,485 INFO     [psi4.optking.molsys:944] Projected (PHP) Hessian matrix
	   0.001201

2025-12-23:11:05:27,485 INFO     [psi4.optking.opt_helper:182] 
	         Geometry (au)                                       Gradient (au)
   0.0000000000   0.0000000000   4.3652608972		  -0.0000000000  -0.0000000000  -0.0000144360
   0.0000000000   0.0000000000  -1.7471924817		   0.0000000000  -0.0000000000   0.0000112444

2025-12-23:11:05:27,485 INFO     [psi4.optking.stepAlgorithms:368] 	Current Step Report 
 
	Current energy:      -602.6110114748
	Energy change for the previous step:
		Actual       :        -0.0000002740
		Projected    :        -0.0000003003

2025-12-23:11:05:27,485 INFO     [psi4.optking.stepAlgorithms:371] 	Energy ratio =    0.91263
2025-12-23:11:05:27,485 INFO     [psi4.optking.stepAlgorithms:929] 	Using RFO solution 1.
2025-12-23:11:05:27,485 INFO     [psi4.optking.displace:100] 	Determining Cartesian step for fragment 1.
2025-12-23:11:05:27,486 INFO     [psi4.optking.displace:415] 	Successfully converged to displaced geometry.
2025-12-23:11:05:27,486 INFO     [psi4.optking.displace:416] 	RMS(dx):  0.000e+00 	Max(dx):  0.000e+00 	RMS(dq):  0.000e+00
2025-12-23:11:05:27,486 INFO     [psi4.optking.displace:172] 

	        --- Internal Coordinate Step in ANG or DEG, aJ/ANG or AJ/DEG ---
	-------------------------------------------------------------------------------
	           Coordinate      Previous         Force          Change          New 
	           ----------      --------        ------          ------        ------
	               R(1,2)       3.23457        0.00011        0.00566       3.24023
	-------------------------------------------------------------------------------

2025-12-23:11:05:27,486 INFO     [psi4.optking.stepAlgorithms:113] 	|target step| :    0.0106915054
2025-12-23:11:05:27,486 INFO     [psi4.optking.stepAlgorithms:114] 	gradient     :   -0.0000128402
2025-12-23:11:05:27,486 INFO     [psi4.optking.stepAlgorithms:115] 	hessian      :    0.0012008345
2025-12-23:11:05:27,486 INFO     [psi4.optking.stepAlgorithms:113] 	|target step| :    0.0106915054
2025-12-23:11:05:27,486 INFO     [psi4.optking.stepAlgorithms:114] 	gradient     :   -0.0000128402
2025-12-23:11:05:27,486 INFO     [psi4.optking.stepAlgorithms:115] 	hessian      :    0.0012008345
2025-12-23:11:05:27,486 INFO     [psi4.optking.stepAlgorithms:206] 	Norm of achieved step-size    0.0106915054
2025-12-23:11:05:27,486 INFO     [psi4.optking.stepAlgorithms:208] 	Norm of achieved step-size (cart):    0.0075600360
2025-12-23:11:05:27,486 INFO     [psi4.optking.opt_helper:164] Molsys:

	                            ===> Fragment 1 <== 

	 Z (Atomic Numbers)          Masses                          Geom                  
	       8.000000            15.994915          0.00000000  0.00000000  4.37060665   
	      18.000000            39.962383          0.00000000  0.00000000 -1.75253823   

	 - Coordinate -           - BOHR/RAD -       - ANG/DEG -
	 R(1,2)           =         6.123145           3.240229

2025-12-23:11:05:27,486 INFO     [psi4.optking.convcheck:76] Performing convergence check.
2025-12-23:11:05:27,486 INFO     [psi4.optking.convcheck:282] 
	                                 ==> Convergence Check <==                                  
    
	Measures of convergence in internal coordinates in au.
    
	Criteria marked as inactive (o), active & met (*), and active & unmet ( ).

	----------------------------------------------------------------------------------------------
	   Step    Total Energy     Delta E     Max Force     RMS Force      Max Disp      RMS Disp   
	----------------------------------------------------------------------------------------------
	  Convergence Criteria     1.00e-06 *    3.00e-04 *             o    1.20e-03 *             o
	----------------------------------------------------------------------------------------------
	    18    -602.61101147   -2.74e-07 *    1.28e-05 *    1.28e-05 o    1.07e-02      1.07e-02 o  ~
	----------------------------------------------------------------------------------------------


2025-12-23:11:05:27,486 INFO     [psi4.optking.convcheck:206] 
	                      ===> Final Convergence Report <===                     

	----------------------------------------------------------------------------
	|   Required Criteria    |  One or More Criteria  |   Alternate Criteria   |
	----------------------------------------------------------------------------
	| [x]     max_force      | [x]       max_DE       |                        |
	|                        | [ ]      max_disp      |                        |
	----------------------------------------------------------------------------


2025-12-23:11:05:27,486 INFO     [psi4.optking.stepAlgorithms:296] 	Convergence check returned True
2025-12-23:11:05:27,486 INFO     [psi4.optking.optimize:332] 	Converged in 18 steps!
2025-12-23:11:05:27,486 INFO     [psi4.optking.optimize:333] 	Final energy is   -602.6110114748315
2025-12-23:11:05:27,486 INFO     [psi4.optking.optimize:334] 	Final structure (Angstroms): 
	Fragment 1 (Ang)

	    O   0.0000000000   0.0000000000   2.3128254359
	   Ar   0.0000000000   0.0000000000  -0.9274032945


2025-12-23:11:05:27,487 INFO     [psi4.optking.optimize:562] 	Optimization Finished

	==> Optimization Summary <==

        
	Measures of convergence in internal coordinates in au. (Any backward steps not shown.)
        
	---------------------------------------------------------------------------------------------------------------  ~
        
	 Step         Total Energy             Delta E       MAX Force       RMS Force        MAX Disp        RMS Disp   ~
        
	---------------------------------------------------------------------------------------------------------------  ~
        
	     1    -601.995686115613   -601.995686115613      1.08217693      1.08217693      0.24342398      0.24342398  ~
	     2    -602.202589283806     -0.206903168193      0.67247087      0.67247087      0.29382266      0.29382266  ~
	     3    -602.361436957900     -0.158847674095      0.43120025      0.43120025      0.35920116      0.35920116  ~
	     4    -602.480574613723     -0.119137655822      0.24561346      0.24561346      0.39950797      0.39950797  ~
	     5    -602.551424471811     -0.070849858089      0.12147029      0.12147029      0.34451062      0.34451062  ~
	     6    -602.582181721360     -0.030757249549      0.06285855      0.06285855      0.32938657      0.32938657  ~
	     7    -602.597310471487     -0.015128750126      0.03209587      0.03209587      0.31052381      0.31052381  ~
	     8    -602.604585276587     -0.007274805100      0.01632806      0.01632806      0.29380080      0.29380080  ~
	     9    -602.608076433882     -0.003491157295      0.00823638      0.00823638      0.27623485      0.27623485  ~
	    10    -602.609726162369     -0.001649728487      0.00411070      0.00411070      0.25704646      0.25704646  ~
	    11    -602.610487488910     -0.000761326542      0.00201480      0.00201480      0.23361371      0.23361371  ~
	    12    -602.610822164378     -0.000334675468      0.00095525      0.00095525      0.14539849      0.14539849  ~
	    13    -602.610929092333     -0.000106927955      0.00054674      0.00054674      0.13844864      0.13844864  ~
	    14    -602.610984302694     -0.000055210361      0.00027686      0.00027686      0.11432599      0.11432599  ~
	    15    -602.611005624548     -0.000021321854      0.00011866      0.00011866      0.05629815      0.05629815  ~
	    16    -602.611010127468     -0.000004502920      0.00005810      0.00005810      0.02940398      0.02940398  ~
	    17    -602.611011200813     -0.000001073344      0.00003028      0.00003028      0.01983419      0.01983419  ~
	    18    -602.611011474831     -0.000000274019      0.00001284      0.00001284      0.01069151      0.01069151  ~
	----------------------------------------------------------------------------------------------------------------


2025-12-23:11:05:27,487 INFO     [psi4.optking.optimize:806] Preparing OptimizationResult
