2025-12-23:11:49:33,748 WARNING  [psi4.optking:38] Some dependencies such as QCElemental have not yet finished migration to pydantic v2. If issues are encountered please downgrade pydantic or upgrade QCElemental as appropriate
2025-12-23:11:49:33,904 INFO     [psi4.optking.optwrapper:234] Creating a UserComputer
2025-12-23:11:49:33,904 INFO     [psi4.optking.optwrapper:242] 
    			-----------------------------------------

    			 OPTKING 3.0: for geometry optimizations 

    			     By R.A. King, Bethel University     

    			        with contributions from          

    			    A.V. Copan, J. Cayton, A. Heide      

    			-----------------------------------------

    
2025-12-23:11:49:33,904 INFO     [psi4.optking.optwrapper:272] 
		 -- Optimization Parameters --
	GEOM_MAXITER                   =             500
	ALG_GEOM_MAXITER               =              50
	PRINT                          =               1
	OPT_TYPE                       =             MIN
	STEP_TYPE                      =             RFO
	PROGRAM                        =            PSI4
	STEEPEST_DESCENT_TYPE          =         OVERLAP
	CONJUGATE_GRADIENT_TYPE        =        FLETCHER
	OPT_COORDINATES                =        INTERNAL
	RFO_FOLLOW_ROOT                =           False
	RFO_ROOT                       =               0
	ACCEPT_SYMMETRY_BREAKING       =           False
	DYNAMIC_LVL                    =               0
	DYNAMIC_LVL_MAX                =               0
	IRC_STEP_SIZE                  =             0.2
	IRC_DIRECTION                  =         FORWARD
	IRC_POINTS                     =              20
	IRC_MODE                       =          NORMAL
	IRC_CONVERGENCE                =            -0.7
	INTRAFRAG_STEP_LIMIT           =             0.5
	INTRAFRAG_STEP_LIMIT_MIN       =           0.001
	INTRAFRAG_STEP_LIMIT_MAX       =             1.0
	INTERFRAG_STEP_LIMIT           =             0.5
	INTERFRAG_STEP_LIMIT_MIN       =           0.001
	INTERFRAG_STEP_LIMIT_MAX       =             1.0
	ENSURE_BT_CONVERGENCE          =           False
	SIMPLE_STEP_SCALING            =           False
	CONSECUTIVE_BACKSTEPS          =               0
	RFO_NORMALIZATION_MAX          =             100
	RSRFO_ALPHA_MAX                =     100000000.0
	PRINT_TRAJECTORY_XYZ_FILE      =           False
	WRITE_TRAJECTORY               =           False
	FROZEN_DISTANCE                =                
	FROZEN_BEND                    =                
	FROZEN_DIHEDRAL                =                
	FROZEN_OOFP                    =                
	FROZEN_CARTESIAN               =                
	FREEZE_ALL_DIHEDRALS           =           False
	UNFREEZE_DIHEDRALS             =                
	RANGED_DISTANCE                =                
	RANGED_BEND                    =                
	RANGED_DIHEDRAL                =                
	RANGED_OOFP                    =                
	RANGED_CARTESIAN               =                
	EXT_FORCE_DISTANCE             =                
	EXT_FORCE_BEND                 =                
	EXT_FORCE_DIHEDRAL             =                
	EXT_FORCE_OOFP                 =                
	EXT_FORCE_CARTESIAN            =                
	G_CONVERGENCE                  =           QCHEM
	MAX_FORCE_G_CONVERGENCE        =          0.0003
	RMS_FORCE_G_CONVERGENCE        =          0.0003
	MAX_ENERGY_G_CONVERGENCE       =           1e-06
	MAX_DISP_G_CONVERGENCE         =          0.0012
	RMS_DISP_G_CONVERGENCE         =          0.0012
	FLEXIBLE_G_CONVERGENCE         =           False
	HESS_UPDATE                    =            BFGS
	HESS_UPDATE_USE_LAST           =               4
	HESS_UPDATE_LIMIT              =            True
	HESS_UPDATE_LIMIT_MAX          =             1.0
	HESS_UPDATE_LIMIT_SCALE        =             0.5
	HESS_UPDATE_DEN_TOL            =           1e-07
	HESS_UPDATE_DQ_TOL             =             0.5
	CART_HESS_READ                 =           False
	HESSIAN_FILE                   =               .
	FULL_HESS_EVERY                =              -1
	INTRAFRAG_HESS                 =        SCHLEGEL
	H_GUESS_EVERY                  =           False
	BT_MAX_ITER                    =              25
	BT_DX_CONV                     =           1e-07
	BT_DX_RMS_CHANGE_CONV          =           1e-12
	BT_PINV_RCOND                  =           1e-06
	FRAG_MODE                      =          SINGLE
	FRAG_REF_ATOMS                 =              []
	FREEZE_INTRAFRAG               =           False
	INTERFRAG_MODE                 =           FIXED
	ADD_AUXILIARY_BONDS            =           False
	AUXILIARY_BOND_FACTOR          =             2.5
	INTERFRAG_DIST_INV             =           False
	INTERFRAG_COLLINEAR_TOL        =            0.01
	INTERFRAG_COORDS               =              []
	INTERFRAG_HESS                 =         DEFAULT
	COVALENT_CONNECT               =             1.3
	INTERFRAGMENT_CONNECT          =             1.8
	H_BOND_CONNECT                 =             4.3
	INCLUDE_OOFP                   =           False
	TEST_B                         =           False
	TEST_DERIVATIVE_B              =           False
	LINESEARCH_STEP                =             0.1
	LINESEARCH                     =           False
	SD_HESSIAN                     =             1.0
	FIX_VAL_NEAR_PI                =            1.57
	V3D_TORS_ANGLE_LIM             =           0.017
	V3D_TORS_COS_TOL               =           1e-10
	LINEAR_BEND_THRESHOLD          =            3.05
	SMALL_BEND_FIX_THRESHOLD       =            0.35
	REDUNDANT_EVAL_TOL             =           1e-10
	LINEAR_ALGEBRA_TOL             =           1e-10


2025-12-23:11:49:34,31 INFO     [psi4.optking.opt_helper:164] Molsys:

	                            ===> Fragment 1 <== 

	 Z (Atomic Numbers)          Masses                          Geom                  
	      17.000000            34.968853         -0.00000000  1.13383568  0.00000000   
	      17.000000            34.968853          0.00000000 -1.13383568  0.00000000   

	 - Coordinate -           - BOHR/RAD -       - ANG/DEG -
	 R(1,2)           =         2.267671           1.200000

2025-12-23:11:49:34,41 INFO     [psi4.driver.task_planner:259] PLANNING Atomic:  keywords={'DAMPING_PERCENTAGE': 1.0, 'GEOM_MAXITER': 500, 'GUESS': 'SAP', 'MAXITER': 500, 'REFERENCE': 'UKS', 'function_kwargs': {}}
2025-12-23:11:49:34,42 INFO     [psi4.driver.driver:638] Compute gradient(): method=b3lyp, basis=cc-pvdz, molecule=default, nre=127.44351156969168
2025-12-23:11:49:34,631 INFO     [psi4.driver.driver:641] Return gradient(): -918.8274451828315
2025-12-23:11:49:34,631 INFO     [psi4.driver.driver:642] [[ 0.00000000 -3.41957773 -0.00000000]
 [-0.00000000  3.41957773  0.00000000]]
2025-12-23:11:49:34,633 INFO     [psi4.optking.molsys:944] Projected (PHP) Hessian matrix
	 217.822043

2025-12-23:11:49:34,633 INFO     [psi4.optking.opt_helper:182] 
	         Geometry (au)                                       Gradient (au)
  -0.0000000000   1.1338356753   0.0000000000		   0.0000000000  -3.4195777327  -0.0000000000
   0.0000000000  -1.1338356753   0.0000000000		  -0.0000000000   3.4195777327   0.0000000000

2025-12-23:11:49:34,633 INFO     [psi4.optking.stepAlgorithms:929] 	Using RFO solution 1.
2025-12-23:11:49:34,634 INFO     [psi4.optking.displace:100] 	Determining Cartesian step for fragment 1.
2025-12-23:11:49:34,634 INFO     [psi4.optking.displace:415] 	Successfully converged to displaced geometry.
2025-12-23:11:49:34,634 INFO     [psi4.optking.displace:416] 	RMS(dx):  0.000e+00 	Max(dx):  0.000e+00 	RMS(dq):  0.000e+00
2025-12-23:11:49:34,634 INFO     [psi4.optking.displace:172] 

	        --- Internal Coordinate Step in ANG or DEG, aJ/ANG or AJ/DEG ---
	-------------------------------------------------------------------------------
	           Coordinate      Previous         Force          Change          New 
	           ----------      --------        ------          ------        ------
	               R(1,2)       1.20000       28.17295        0.00831       1.20831
	-------------------------------------------------------------------------------

2025-12-23:11:49:34,634 INFO     [psi4.optking.stepAlgorithms:113] 	|target step| :    0.0156950845
2025-12-23:11:49:34,634 INFO     [psi4.optking.stepAlgorithms:114] 	gradient     :   -3.4195777327
2025-12-23:11:49:34,634 INFO     [psi4.optking.stepAlgorithms:115] 	hessian      :  217.8220428578
2025-12-23:11:49:34,634 INFO     [psi4.optking.stepAlgorithms:113] 	|target step| :    0.0156950845
2025-12-23:11:49:34,634 INFO     [psi4.optking.stepAlgorithms:114] 	gradient     :   -3.4195777327
2025-12-23:11:49:34,634 INFO     [psi4.optking.stepAlgorithms:115] 	hessian      :  217.8220428578
2025-12-23:11:49:34,634 INFO     [psi4.optking.stepAlgorithms:206] 	Norm of achieved step-size    0.0156950845
2025-12-23:11:49:34,634 INFO     [psi4.optking.stepAlgorithms:208] 	Norm of achieved step-size (cart):    0.0110981007
2025-12-23:11:49:34,634 INFO     [psi4.optking.opt_helper:164] Molsys:

	                            ===> Fragment 1 <== 

	 Z (Atomic Numbers)          Masses                          Geom                  
	      17.000000            34.968853         -0.00000000  1.14168322  0.00000000   
	      17.000000            34.968853          0.00000000 -1.14168322  0.00000000   

	 - Coordinate -           - BOHR/RAD -       - ANG/DEG -
	 R(1,2)           =         2.283366           1.208305

2025-12-23:11:49:34,634 INFO     [psi4.optking.convcheck:76] Performing convergence check.
2025-12-23:11:49:34,634 INFO     [psi4.optking.convcheck:282] 
	                                 ==> Convergence Check <==                                  
    
	Measures of convergence in internal coordinates in au.
    
	Criteria marked as inactive (o), active & met (*), and active & unmet ( ).

	----------------------------------------------------------------------------------------------~
	   Step    Total Energy     Delta E     Max Force     RMS Force      Max Disp      RMS Disp   ~
	----------------------------------------------------------------------------------------------~
	  Convergence Criteria     1.00e-06 *    3.00e-04 *             o    1.20e-03 *             o~
	----------------------------------------------------------------------------------------------~
	     1    -918.82744518   -9.19e+02      3.42e+00      3.42e+00 o    1.57e-02      1.57e-02 o  ~
	----------------------------------------------------------------------------------------------


2025-12-23:11:49:34,634 INFO     [psi4.optking.stepAlgorithms:296] 	Convergence check returned False
2025-12-23:11:49:34,645 INFO     [psi4.driver.task_planner:259] PLANNING Atomic:  keywords={'DAMPING_PERCENTAGE': 1.0, 'GEOM_MAXITER': 500, 'SCF__GUESS': 'READ', 'GUESS': 'SAP', 'MAXITER': 500, 'REFERENCE': 'UKS', 'function_kwargs': {}}
2025-12-23:11:49:34,647 INFO     [psi4.driver.driver:638] Compute gradient(): method=b3lyp, basis=cc-pvdz, molecule=default, nre=126.56750820361623
2025-12-23:11:49:35,197 INFO     [psi4.driver.driver:641] Return gradient(): -918.8801781018069
2025-12-23:11:49:35,197 INFO     [psi4.driver.driver:642] [[ 0.00000000 -3.30075850  0.00000000]
 [-0.00000000  3.30075850  0.00000000]]
2025-12-23:11:49:35,199 INFO     [psi4.optking.history:269] 	Performing BFGS update.
2025-12-23:11:49:35,199 INFO     [psi4.optking.history:280] 	Using 1 previous steps for update.
2025-12-23:11:49:35,199 INFO     [psi4.optking.history:317] 	Steps to be used in Hessian update:  1

2025-12-23:11:49:35,199 INFO     [psi4.optking.history:418] 	Updated Hessian (in au) 
 	 108.911021

2025-12-23:11:49:35,199 INFO     [psi4.optking.molsys:944] Projected (PHP) Hessian matrix
	 108.911021

2025-12-23:11:49:35,199 INFO     [psi4.optking.opt_helper:182] 
	         Geometry (au)                                       Gradient (au)
  -0.0000000000   1.1416832175   0.0000000000		   0.0000000000  -3.3007585010   0.0000000000
   0.0000000000  -1.1416832175   0.0000000000		  -0.0000000000   3.3007585010   0.0000000000

2025-12-23:11:49:35,200 INFO     [psi4.optking.stepAlgorithms:368] 	Current Step Report 
 
	Current energy:      -918.8801781018
	Energy change for the previous step:
		Actual       :        -0.0527329190
		Projected    :        -0.0268352807

2025-12-23:11:49:35,200 INFO     [psi4.optking.stepAlgorithms:371] 	Energy ratio =    1.96506
2025-12-23:11:49:35,200 INFO     [psi4.optking.stepAlgorithms:399] 	Energy ratio indicates good step.
2025-12-23:11:49:35,200 INFO     [psi4.optking.stepAlgorithms:400] 	Intrafrag trust radius increased to      1.
2025-12-23:11:49:35,200 INFO     [psi4.optking.stepAlgorithms:929] 	Using RFO solution 1.
2025-12-23:11:49:35,200 INFO     [psi4.optking.displace:100] 	Determining Cartesian step for fragment 1.
2025-12-23:11:49:35,200 INFO     [psi4.optking.displace:415] 	Successfully converged to displaced geometry.
2025-12-23:11:49:35,200 INFO     [psi4.optking.displace:416] 	RMS(dx):  0.000e+00 	Max(dx):  0.000e+00 	RMS(dq):  0.000e+00
2025-12-23:11:49:35,200 INFO     [psi4.optking.displace:172] 

	        --- Internal Coordinate Step in ANG or DEG, aJ/ANG or AJ/DEG ---
	-------------------------------------------------------------------------------
	           Coordinate      Previous         Force          Change          New 
	           ----------      --------        ------          ------        ------
	               R(1,2)       1.20831       27.19404        0.01602       1.22433
	-------------------------------------------------------------------------------

2025-12-23:11:49:35,200 INFO     [psi4.optking.stepAlgorithms:113] 	|target step| :    0.0302791420
2025-12-23:11:49:35,200 INFO     [psi4.optking.stepAlgorithms:114] 	gradient     :   -3.3007585010
2025-12-23:11:49:35,200 INFO     [psi4.optking.stepAlgorithms:115] 	hessian      :  108.9110214289
2025-12-23:11:49:35,200 INFO     [psi4.optking.stepAlgorithms:113] 	|target step| :    0.0302791420
2025-12-23:11:49:35,200 INFO     [psi4.optking.stepAlgorithms:114] 	gradient     :   -3.3007585010
2025-12-23:11:49:35,200 INFO     [psi4.optking.stepAlgorithms:115] 	hessian      :  108.9110214289
2025-12-23:11:49:35,200 INFO     [psi4.optking.stepAlgorithms:206] 	Norm of achieved step-size    0.0302791420
2025-12-23:11:49:35,200 INFO     [psi4.optking.stepAlgorithms:208] 	Norm of achieved step-size (cart):    0.0214105866
2025-12-23:11:49:35,200 INFO     [psi4.optking.opt_helper:164] Molsys:

	                            ===> Fragment 1 <== 

	 Z (Atomic Numbers)          Masses                          Geom                  
	      17.000000            34.968853         -0.00000000  1.15682279  0.00000000   
	      17.000000            34.968853          0.00000000 -1.15682279  0.00000000   

	 - Coordinate -           - BOHR/RAD -       - ANG/DEG -
	 R(1,2)           =         2.313646           1.224329

2025-12-23:11:49:35,201 INFO     [psi4.optking.convcheck:76] Performing convergence check.
2025-12-23:11:49:35,201 INFO     [psi4.optking.convcheck:282] 
	                                 ==> Convergence Check <==                                  
    
	Measures of convergence in internal coordinates in au.
    
	Criteria marked as inactive (o), active & met (*), and active & unmet ( ).

	----------------------------------------------------------------------------------------------
	   Step    Total Energy     Delta E     Max Force     RMS Force      Max Disp      RMS Disp   
	----------------------------------------------------------------------------------------------
	  Convergence Criteria     1.00e-06 *    3.00e-04 *             o    1.20e-03 *             o
	----------------------------------------------------------------------------------------------
	     2    -918.88017810   -5.27e-02      3.30e+00      3.30e+00 o    3.03e-02      3.03e-02 o  ~
	----------------------------------------------------------------------------------------------


2025-12-23:11:49:35,201 INFO     [psi4.optking.stepAlgorithms:296] 	Convergence check returned False
2025-12-23:11:49:35,211 INFO     [psi4.driver.task_planner:259] PLANNING Atomic:  keywords={'DAMPING_PERCENTAGE': 1.0, 'GEOM_MAXITER': 500, 'SCF__GUESS': 'READ', 'GUESS': 'SAP', 'MAXITER': 500, 'REFERENCE': 'UKS', 'function_kwargs': {}}
2025-12-23:11:49:35,212 INFO     [psi4.driver.driver:638] Compute gradient(): method=b3lyp, basis=cc-pvdz, molecule=default, nre=124.91109393432615
2025-12-23:11:49:35,796 INFO     [psi4.driver.driver:641] Return gradient(): -918.9767965859452
2025-12-23:11:49:35,796 INFO     [psi4.driver.driver:642] [[ 0.00000000 -3.08360586  0.00000000]
 [-0.00000000  3.08360586 -0.00000000]]
2025-12-23:11:49:35,798 INFO     [psi4.optking.history:269] 	Performing BFGS update.
2025-12-23:11:49:35,798 INFO     [psi4.optking.history:280] 	Using 2 previous steps for update.
2025-12-23:11:49:35,798 INFO     [psi4.optking.history:317] 	Steps to be used in Hessian update:  2 1

2025-12-23:11:49:35,798 INFO     [psi4.optking.history:418] 	Updated Hessian (in au) 
 	  27.227755

2025-12-23:11:49:35,798 INFO     [psi4.optking.molsys:944] Projected (PHP) Hessian matrix
	  27.227755

2025-12-23:11:49:35,798 INFO     [psi4.optking.opt_helper:182] 
	         Geometry (au)                                       Gradient (au)
  -0.0000000000   1.1568227885   0.0000000000		   0.0000000000  -3.0836058559   0.0000000000
   0.0000000000  -1.1568227885   0.0000000000		  -0.0000000000   3.0836058559  -0.0000000000

2025-12-23:11:49:35,798 INFO     [psi4.optking.stepAlgorithms:368] 	Current Step Report 
 
	Current energy:      -918.9767965859
	Energy change for the previous step:
		Actual       :        -0.0966184841
		Projected    :        -0.0499720676

2025-12-23:11:49:35,798 INFO     [psi4.optking.stepAlgorithms:371] 	Energy ratio =    1.93345
2025-12-23:11:49:35,798 INFO     [psi4.optking.stepAlgorithms:929] 	Using RFO solution 1.
2025-12-23:11:49:35,798 INFO     [psi4.optking.displace:100] 	Determining Cartesian step for fragment 1.
2025-12-23:11:49:35,798 INFO     [psi4.optking.displace:415] 	Successfully converged to displaced geometry.
2025-12-23:11:49:35,799 INFO     [psi4.optking.displace:416] 	RMS(dx):  0.000e+00 	Max(dx):  0.000e+00 	RMS(dq):  0.000e+00
2025-12-23:11:49:35,799 INFO     [psi4.optking.displace:172] 

	        --- Internal Coordinate Step in ANG or DEG, aJ/ANG or AJ/DEG ---
	-------------------------------------------------------------------------------
	           Coordinate      Previous         Force          Change          New 
	           ----------      --------        ------          ------        ------
	               R(1,2)       1.22433       25.40498        0.05918       1.28351
	-------------------------------------------------------------------------------

2025-12-23:11:49:35,799 INFO     [psi4.optking.stepAlgorithms:113] 	|target step| :    0.1118358228
2025-12-23:11:49:35,799 INFO     [psi4.optking.stepAlgorithms:114] 	gradient     :   -3.0836058559
2025-12-23:11:49:35,799 INFO     [psi4.optking.stepAlgorithms:115] 	hessian      :   27.2277553572
2025-12-23:11:49:35,799 INFO     [psi4.optking.stepAlgorithms:113] 	|target step| :    0.1118358228
2025-12-23:11:49:35,799 INFO     [psi4.optking.stepAlgorithms:114] 	gradient     :   -3.0836058559
2025-12-23:11:49:35,799 INFO     [psi4.optking.stepAlgorithms:115] 	hessian      :   27.2277553572
2025-12-23:11:49:35,799 INFO     [psi4.optking.stepAlgorithms:206] 	Norm of achieved step-size    0.1118358228
2025-12-23:11:49:35,799 INFO     [psi4.optking.stepAlgorithms:208] 	Norm of achieved step-size (cart):    0.0790798687
2025-12-23:11:49:35,799 INFO     [psi4.optking.opt_helper:164] Molsys:

	                            ===> Fragment 1 <== 

	 Z (Atomic Numbers)          Masses                          Geom                  
	      17.000000            34.968853         -0.00000000  1.21274070  0.00000000   
	      17.000000            34.968853          0.00000000 -1.21274070  0.00000000   

	 - Coordinate -           - BOHR/RAD -       - ANG/DEG -
	 R(1,2)           =         2.425481           1.283509

2025-12-23:11:49:35,799 INFO     [psi4.optking.convcheck:76] Performing convergence check.
2025-12-23:11:49:35,799 INFO     [psi4.optking.convcheck:282] 
	                                 ==> Convergence Check <==                                  
    
	Measures of convergence in internal coordinates in au.
    
	Criteria marked as inactive (o), active & met (*), and active & unmet ( ).

	----------------------------------------------------------------------------------------------
	   Step    Total Energy     Delta E     Max Force     RMS Force      Max Disp      RMS Disp   
	----------------------------------------------------------------------------------------------
	  Convergence Criteria     1.00e-06 *    3.00e-04 *             o    1.20e-03 *             o
	----------------------------------------------------------------------------------------------
	     3    -918.97679659   -9.66e-02      3.08e+00      3.08e+00 o    1.12e-01      1.12e-01 o  ~
	----------------------------------------------------------------------------------------------


2025-12-23:11:49:35,799 INFO     [psi4.optking.stepAlgorithms:296] 	Convergence check returned False
2025-12-23:11:49:35,809 INFO     [psi4.driver.task_planner:259] PLANNING Atomic:  keywords={'DAMPING_PERCENTAGE': 1.0, 'GEOM_MAXITER': 500, 'SCF__GUESS': 'READ', 'GUESS': 'SAP', 'MAXITER': 500, 'REFERENCE': 'UKS', 'function_kwargs': {}}
2025-12-23:11:49:35,811 INFO     [psi4.driver.driver:638] Compute gradient(): method=b3lyp, basis=cc-pvdz, molecule=default, nre=119.15160430676984
2025-12-23:11:49:36,408 INFO     [psi4.driver.driver:641] Return gradient(): -919.2820154172741
2025-12-23:11:49:36,409 INFO     [psi4.driver.driver:642] [[ 0.00000000 -2.40503296  0.00000000]
 [-0.00000000  2.40503296 -0.00000000]]
2025-12-23:11:49:36,410 INFO     [psi4.optking.history:269] 	Performing BFGS update.
2025-12-23:11:49:36,410 INFO     [psi4.optking.history:280] 	Using 3 previous steps for update.
2025-12-23:11:49:36,411 INFO     [psi4.optking.history:317] 	Steps to be used in Hessian update:  3 2 1

2025-12-23:11:49:36,411 INFO     [psi4.optking.history:418] 	Updated Hessian (in au) 
 	   6.428898

2025-12-23:11:49:36,411 INFO     [psi4.optking.molsys:944] Projected (PHP) Hessian matrix
	   6.428898

2025-12-23:11:49:36,411 INFO     [psi4.optking.opt_helper:182] 
	         Geometry (au)                                       Gradient (au)
  -0.0000000000   1.2127406999   0.0000000000		   0.0000000000  -2.4050329644   0.0000000000
   0.0000000000  -1.2127406999   0.0000000000		  -0.0000000000   2.4050329644  -0.0000000000

2025-12-23:11:49:36,411 INFO     [psi4.optking.stepAlgorithms:368] 	Current Step Report 
 
	Current energy:      -919.2820154173
	Energy change for the previous step:
		Actual       :        -0.3052188313
		Projected    :        -0.1724287990

2025-12-23:11:49:36,411 INFO     [psi4.optking.stepAlgorithms:371] 	Energy ratio =    1.77012
2025-12-23:11:49:36,411 INFO     [psi4.optking.stepAlgorithms:929] 	Using RFO solution 1.
2025-12-23:11:49:36,411 INFO     [psi4.optking.displace:100] 	Determining Cartesian step for fragment 1.
2025-12-23:11:49:36,411 INFO     [psi4.optking.displace:415] 	Successfully converged to displaced geometry.
2025-12-23:11:49:36,411 INFO     [psi4.optking.displace:416] 	RMS(dx):  0.000e+00 	Max(dx):  0.000e+00 	RMS(dq):  0.000e+00
2025-12-23:11:49:36,412 INFO     [psi4.optking.displace:172] 

	        --- Internal Coordinate Step in ANG or DEG, aJ/ANG or AJ/DEG ---
	-------------------------------------------------------------------------------
	           Coordinate      Previous         Force          Change          New 
	           ----------      --------        ------          ------        ------
	               R(1,2)       1.28351       19.81440        0.17605       1.45956
	-------------------------------------------------------------------------------

2025-12-23:11:49:36,412 INFO     [psi4.optking.stepAlgorithms:113] 	|target step| :    0.3326909188
2025-12-23:11:49:36,412 INFO     [psi4.optking.stepAlgorithms:114] 	gradient     :   -2.4050329644
2025-12-23:11:49:36,412 INFO     [psi4.optking.stepAlgorithms:115] 	hessian      :    6.4288983700
2025-12-23:11:49:36,412 INFO     [psi4.optking.stepAlgorithms:113] 	|target step| :    0.3326909188
2025-12-23:11:49:36,412 INFO     [psi4.optking.stepAlgorithms:114] 	gradient     :   -2.4050329644
2025-12-23:11:49:36,412 INFO     [psi4.optking.stepAlgorithms:115] 	hessian      :    6.4288983700
2025-12-23:11:49:36,412 INFO     [psi4.optking.stepAlgorithms:206] 	Norm of achieved step-size    0.3326909188
2025-12-23:11:49:36,412 INFO     [psi4.optking.stepAlgorithms:208] 	Norm of achieved step-size (cart):    0.2352480047
2025-12-23:11:49:36,412 INFO     [psi4.optking.opt_helper:164] Molsys:

	                            ===> Fragment 1 <== 

	 Z (Atomic Numbers)          Masses                          Geom                  
	      17.000000            34.968853         -0.00000000  1.37908616  0.00000000   
	      17.000000            34.968853          0.00000000 -1.37908616  0.00000000   

	 - Coordinate -           - BOHR/RAD -       - ANG/DEG -
	 R(1,2)           =         2.758172           1.459562

2025-12-23:11:49:36,412 INFO     [psi4.optking.convcheck:76] Performing convergence check.
2025-12-23:11:49:36,412 INFO     [psi4.optking.convcheck:282] 
	                                 ==> Convergence Check <==                                  
    
	Measures of convergence in internal coordinates in au.
    
	Criteria marked as inactive (o), active & met (*), and active & unmet ( ).

	----------------------------------------------------------------------------------------------
	   Step    Total Energy     Delta E     Max Force     RMS Force      Max Disp      RMS Disp   
	----------------------------------------------------------------------------------------------
	  Convergence Criteria     1.00e-06 *    3.00e-04 *             o    1.20e-03 *             o
	----------------------------------------------------------------------------------------------
	     4    -919.28201542   -3.05e-01      2.41e+00      2.41e+00 o    3.33e-01      3.33e-01 o  ~
	----------------------------------------------------------------------------------------------


2025-12-23:11:49:36,412 INFO     [psi4.optking.stepAlgorithms:296] 	Convergence check returned False
2025-12-23:11:49:36,423 INFO     [psi4.driver.task_planner:259] PLANNING Atomic:  keywords={'DAMPING_PERCENTAGE': 1.0, 'GEOM_MAXITER': 500, 'SCF__GUESS': 'READ', 'GUESS': 'SAP', 'MAXITER': 500, 'REFERENCE': 'UKS', 'function_kwargs': {}}
2025-12-23:11:49:36,424 INFO     [psi4.driver.driver:638] Compute gradient(): method=b3lyp, basis=cc-pvdz, molecule=default, nre=104.77953028972895
2025-12-23:11:49:36,997 INFO     [psi4.driver.driver:641] Return gradient(): -919.8549073879905
2025-12-23:11:49:36,997 INFO     [psi4.driver.driver:642] [[ 0.00000000 -1.19918391  0.00000000]
 [-0.00000000  1.19918391  0.00000000]]
2025-12-23:11:49:36,999 INFO     [psi4.optking.history:269] 	Performing BFGS update.
2025-12-23:11:49:36,999 INFO     [psi4.optking.history:280] 	Using 4 previous steps for update.
2025-12-23:11:49:36,999 INFO     [psi4.optking.history:317] 	Steps to be used in Hessian update:  4 3 2 1

2025-12-23:11:49:36,999 INFO     [psi4.optking.history:418] 	Updated Hessian (in au) 
 	   4.526788

2025-12-23:11:49:36,999 INFO     [psi4.optking.molsys:944] Projected (PHP) Hessian matrix
	   4.526788

2025-12-23:11:49:37,0 INFO     [psi4.optking.opt_helper:182] 
	         Geometry (au)                                       Gradient (au)
  -0.0000000000   1.3790861593   0.0000000000		   0.0000000000  -1.1991839100   0.0000000000
   0.0000000000  -1.3790861593   0.0000000000		  -0.0000000000   1.1991839100   0.0000000000

2025-12-23:11:49:37,0 INFO     [psi4.optking.stepAlgorithms:368] 	Current Step Report 
 
	Current energy:      -919.8549073880
	Energy change for the previous step:
		Actual       :        -0.5728919707
		Projected    :        -0.4000663133

2025-12-23:11:49:37,0 INFO     [psi4.optking.stepAlgorithms:371] 	Energy ratio =    1.43199
2025-12-23:11:49:37,0 INFO     [psi4.optking.stepAlgorithms:929] 	Using RFO solution 1.
2025-12-23:11:49:37,0 INFO     [psi4.optking.displace:100] 	Determining Cartesian step for fragment 1.
2025-12-23:11:49:37,0 INFO     [psi4.optking.displace:415] 	Successfully converged to displaced geometry.
2025-12-23:11:49:37,0 INFO     [psi4.optking.displace:416] 	RMS(dx):  0.000e+00 	Max(dx):  0.000e+00 	RMS(dq):  0.000e+00
2025-12-23:11:49:37,0 INFO     [psi4.optking.displace:172] 

	        --- Internal Coordinate Step in ANG or DEG, aJ/ANG or AJ/DEG ---
	-------------------------------------------------------------------------------
	           Coordinate      Previous         Force          Change          New 
	           ----------      --------        ------          ------        ------
	               R(1,2)       1.45956        9.87974        0.13152       1.59109
	-------------------------------------------------------------------------------

2025-12-23:11:49:37,0 INFO     [psi4.optking.stepAlgorithms:113] 	|target step| :    0.2485438868
2025-12-23:11:49:37,0 INFO     [psi4.optking.stepAlgorithms:114] 	gradient     :   -1.1991839100
2025-12-23:11:49:37,0 INFO     [psi4.optking.stepAlgorithms:115] 	hessian      :    4.5267878503
2025-12-23:11:49:37,0 INFO     [psi4.optking.stepAlgorithms:113] 	|target step| :    0.2485438868
2025-12-23:11:49:37,0 INFO     [psi4.optking.stepAlgorithms:114] 	gradient     :   -1.1991839100
2025-12-23:11:49:37,0 INFO     [psi4.optking.stepAlgorithms:115] 	hessian      :    4.5267878503
2025-12-23:11:49:37,0 INFO     [psi4.optking.stepAlgorithms:206] 	Norm of achieved step-size    0.2485438868
2025-12-23:11:49:37,0 INFO     [psi4.optking.stepAlgorithms:208] 	Norm of achieved step-size (cart):    0.1757470677
2025-12-23:11:49:37,0 INFO     [psi4.optking.opt_helper:164] Molsys:

	                            ===> Fragment 1 <== 

	 Z (Atomic Numbers)          Masses                          Geom                  
	      17.000000            34.968853         -0.00000000  1.50335810  0.00000000   
	      17.000000            34.968853          0.00000000 -1.50335810  0.00000000   

	 - Coordinate -           - BOHR/RAD -       - ANG/DEG -
	 R(1,2)           =         3.006716           1.591086

2025-12-23:11:49:37,1 INFO     [psi4.optking.convcheck:76] Performing convergence check.
2025-12-23:11:49:37,1 INFO     [psi4.optking.convcheck:282] 
	                                 ==> Convergence Check <==                                  
    
	Measures of convergence in internal coordinates in au.
    
	Criteria marked as inactive (o), active & met (*), and active & unmet ( ).

	----------------------------------------------------------------------------------------------
	   Step    Total Energy     Delta E     Max Force     RMS Force      Max Disp      RMS Disp   
	----------------------------------------------------------------------------------------------
	  Convergence Criteria     1.00e-06 *    3.00e-04 *             o    1.20e-03 *             o
	----------------------------------------------------------------------------------------------
	     5    -919.85490739   -5.73e-01      1.20e+00      1.20e+00 o    2.49e-01      2.49e-01 o  ~
	----------------------------------------------------------------------------------------------


2025-12-23:11:49:37,1 INFO     [psi4.optking.stepAlgorithms:296] 	Convergence check returned False
2025-12-23:11:49:37,10 INFO     [psi4.driver.task_planner:259] PLANNING Atomic:  keywords={'DAMPING_PERCENTAGE': 1.0, 'GEOM_MAXITER': 500, 'SCF__GUESS': 'READ', 'GUESS': 'SAP', 'MAXITER': 500, 'REFERENCE': 'UKS', 'function_kwargs': {}}
2025-12-23:11:49:37,12 INFO     [psi4.driver.driver:638] Compute gradient(): method=b3lyp, basis=cc-pvdz, molecule=default, nre=96.1181502552692
2025-12-23:11:49:37,589 INFO     [psi4.driver.driver:641] Return gradient(): -920.0919686057908
2025-12-23:11:49:37,589 INFO     [psi4.driver.driver:642] [[ 0.00000000 -0.74967152  0.00000000]
 [-0.00000000  0.74967152  0.00000000]]
2025-12-23:11:49:37,591 INFO     [psi4.optking.history:269] 	Performing BFGS update.
2025-12-23:11:49:37,591 INFO     [psi4.optking.history:280] 	Using 4 previous steps for update.
2025-12-23:11:49:37,591 WARNING  [psi4.optking.history:301] 	Change in internal coordinate of 5.81e-01 exceeds limit of 5.00e-01.
2025-12-23:11:49:37,591 WARNING  [psi4.optking.history:306] 	Skipping Hessian update for step 4.
2025-12-23:11:49:37,591 WARNING  [psi4.optking.history:301] 	Change in internal coordinate of 6.93e-01 exceeds limit of 5.00e-01.
2025-12-23:11:49:37,591 WARNING  [psi4.optking.history:306] 	Skipping Hessian update for step 3.
2025-12-23:11:49:37,591 WARNING  [psi4.optking.history:301] 	Change in internal coordinate of 7.23e-01 exceeds limit of 5.00e-01.
2025-12-23:11:49:37,591 WARNING  [psi4.optking.history:306] 	Skipping Hessian update for step 2.
2025-12-23:11:49:37,591 WARNING  [psi4.optking.history:301] 	Change in internal coordinate of 7.39e-01 exceeds limit of 5.00e-01.
2025-12-23:11:49:37,591 WARNING  [psi4.optking.history:306] 	Skipping Hessian update for step 1.
2025-12-23:11:49:37,591 INFO     [psi4.optking.history:317] 	Steps to be used in Hessian update:  5

2025-12-23:11:49:37,591 INFO     [psi4.optking.history:418] 	Updated Hessian (in au) 
 	   2.263394

2025-12-23:11:49:37,591 INFO     [psi4.optking.molsys:944] Projected (PHP) Hessian matrix
	   2.263394

2025-12-23:11:49:37,591 INFO     [psi4.optking.opt_helper:182] 
	         Geometry (au)                                       Gradient (au)
  -0.0000000000   1.5033581027   0.0000000000		   0.0000000000  -0.7496715188   0.0000000000
   0.0000000000  -1.5033581027   0.0000000000		  -0.0000000000   0.7496715188   0.0000000000

2025-12-23:11:49:37,591 INFO     [psi4.optking.stepAlgorithms:368] 	Current Step Report 
 
	Current energy:      -920.0919686058
	Energy change for the previous step:
		Actual       :        -0.2370612178
		Projected    :        -0.1490249150

2025-12-23:11:49:37,591 INFO     [psi4.optking.stepAlgorithms:371] 	Energy ratio =    1.59075
2025-12-23:11:49:37,591 INFO     [psi4.optking.stepAlgorithms:929] 	Using RFO solution 1.
2025-12-23:11:49:37,592 INFO     [psi4.optking.displace:100] 	Determining Cartesian step for fragment 1.
2025-12-23:11:49:37,592 INFO     [psi4.optking.displace:415] 	Successfully converged to displaced geometry.
2025-12-23:11:49:37,592 INFO     [psi4.optking.displace:416] 	RMS(dx):  0.000e+00 	Max(dx):  0.000e+00 	RMS(dq):  0.000e+00
2025-12-23:11:49:37,592 INFO     [psi4.optking.displace:172] 

	        --- Internal Coordinate Step in ANG or DEG, aJ/ANG or AJ/DEG ---
	-------------------------------------------------------------------------------
	           Coordinate      Previous         Force          Change          New 
	           ----------      --------        ------          ------        ------
	               R(1,2)       1.59109        6.17634        0.15937       1.75046
	-------------------------------------------------------------------------------

2025-12-23:11:49:37,592 INFO     [psi4.optking.stepAlgorithms:113] 	|target step| :    0.3011727397
2025-12-23:11:49:37,592 INFO     [psi4.optking.stepAlgorithms:114] 	gradient     :   -0.7496715188
2025-12-23:11:49:37,592 INFO     [psi4.optking.stepAlgorithms:115] 	hessian      :    2.2633939251
2025-12-23:11:49:37,592 INFO     [psi4.optking.stepAlgorithms:113] 	|target step| :    0.3011727397
2025-12-23:11:49:37,592 INFO     [psi4.optking.stepAlgorithms:114] 	gradient     :   -0.7496715188
2025-12-23:11:49:37,592 INFO     [psi4.optking.stepAlgorithms:115] 	hessian      :    2.2633939251
2025-12-23:11:49:37,592 INFO     [psi4.optking.stepAlgorithms:206] 	Norm of achieved step-size    0.3011727397
2025-12-23:11:49:37,592 INFO     [psi4.optking.stepAlgorithms:208] 	Norm of achieved step-size (cart):    0.2129612865
2025-12-23:11:49:37,592 INFO     [psi4.optking.opt_helper:164] Molsys:

	                            ===> Fragment 1 <== 

	 Z (Atomic Numbers)          Masses                          Geom                  
	      17.000000            34.968853         -0.00000000  1.65394447  0.00000000   
	      17.000000            34.968853          0.00000000 -1.65394447  0.00000000   

	 - Coordinate -           - BOHR/RAD -       - ANG/DEG -
	 R(1,2)           =         3.307889           1.750459

2025-12-23:11:49:37,592 INFO     [psi4.optking.convcheck:76] Performing convergence check.
2025-12-23:11:49:37,592 INFO     [psi4.optking.convcheck:282] 
	                                 ==> Convergence Check <==                                  
    
	Measures of convergence in internal coordinates in au.
    
	Criteria marked as inactive (o), active & met (*), and active & unmet ( ).

	----------------------------------------------------------------------------------------------
	   Step    Total Energy     Delta E     Max Force     RMS Force      Max Disp      RMS Disp   
	----------------------------------------------------------------------------------------------
	  Convergence Criteria     1.00e-06 *    3.00e-04 *             o    1.20e-03 *             o
	----------------------------------------------------------------------------------------------
	     6    -920.09196861   -2.37e-01      7.50e-01      7.50e-01 o    3.01e-01      3.01e-01 o  ~
	----------------------------------------------------------------------------------------------


2025-12-23:11:49:37,592 INFO     [psi4.optking.stepAlgorithms:296] 	Convergence check returned False
2025-12-23:11:49:37,602 INFO     [psi4.driver.task_planner:259] PLANNING Atomic:  keywords={'DAMPING_PERCENTAGE': 1.0, 'GEOM_MAXITER': 500, 'SCF__GUESS': 'READ', 'GUESS': 'SAP', 'MAXITER': 500, 'REFERENCE': 'UKS', 'function_kwargs': {}}
2025-12-23:11:49:37,603 INFO     [psi4.driver.driver:638] Compute gradient(): method=b3lyp, basis=cc-pvdz, molecule=default, nre=87.36689919318545
2025-12-23:11:49:38,259 INFO     [psi4.driver.driver:641] Return gradient(): -920.2667315018599
2025-12-23:11:49:38,260 INFO     [psi4.driver.driver:642] [[ 0.00000000 -0.44049247  0.00000000]
 [-0.00000000  0.44049247  0.00000000]]
2025-12-23:11:49:38,262 INFO     [psi4.optking.history:269] 	Performing BFGS update.
2025-12-23:11:49:38,262 INFO     [psi4.optking.history:280] 	Using 4 previous steps for update.
2025-12-23:11:49:38,262 WARNING  [psi4.optking.history:301] 	Change in internal coordinate of 5.50e-01 exceeds limit of 5.00e-01.
2025-12-23:11:49:38,262 WARNING  [psi4.optking.history:306] 	Skipping Hessian update for step 5.
2025-12-23:11:49:38,262 WARNING  [psi4.optking.history:301] 	Change in internal coordinate of 8.82e-01 exceeds limit of 5.00e-01.
2025-12-23:11:49:38,262 WARNING  [psi4.optking.history:306] 	Skipping Hessian update for step 4.
2025-12-23:11:49:38,262 WARNING  [psi4.optking.history:301] 	Change in internal coordinate of 9.94e-01 exceeds limit of 5.00e-01.
2025-12-23:11:49:38,262 WARNING  [psi4.optking.history:306] 	Skipping Hessian update for step 3.
2025-12-23:11:49:38,262 WARNING  [psi4.optking.history:301] 	Change in internal coordinate of 1.02e+00 exceeds limit of 5.00e-01.
2025-12-23:11:49:38,262 WARNING  [psi4.optking.history:306] 	Skipping Hessian update for step 2.
2025-12-23:11:49:38,262 WARNING  [psi4.optking.history:301] 	Change in internal coordinate of 1.04e+00 exceeds limit of 5.00e-01.
2025-12-23:11:49:38,262 WARNING  [psi4.optking.history:306] 	Skipping Hessian update for step 1.
2025-12-23:11:49:38,262 INFO     [psi4.optking.history:317] 	Steps to be used in Hessian update:  6

2025-12-23:11:49:38,262 INFO     [psi4.optking.history:418] 	Updated Hessian (in au) 
 	   1.131697

2025-12-23:11:49:38,262 INFO     [psi4.optking.molsys:944] Projected (PHP) Hessian matrix
	   1.131697

2025-12-23:11:49:38,262 INFO     [psi4.optking.opt_helper:182] 
	         Geometry (au)                                       Gradient (au)
  -0.0000000000   1.6539444725   0.0000000000		   0.0000000000  -0.4404924665   0.0000000000
   0.0000000000  -1.6539444725   0.0000000000		  -0.0000000000   0.4404924665   0.0000000000

2025-12-23:11:49:38,262 INFO     [psi4.optking.stepAlgorithms:368] 	Current Step Report 
 
	Current energy:      -920.2667315019
	Energy change for the previous step:
		Actual       :        -0.1747628961
		Projected    :        -0.1128903126

2025-12-23:11:49:38,262 INFO     [psi4.optking.stepAlgorithms:371] 	Energy ratio =    1.54808
2025-12-23:11:49:38,262 INFO     [psi4.optking.stepAlgorithms:929] 	Using RFO solution 1.
2025-12-23:11:49:38,262 INFO     [psi4.optking.displace:100] 	Determining Cartesian step for fragment 1.
2025-12-23:11:49:38,263 INFO     [psi4.optking.displace:415] 	Successfully converged to displaced geometry.
2025-12-23:11:49:38,263 INFO     [psi4.optking.displace:416] 	RMS(dx):  0.000e+00 	Max(dx):  0.000e+00 	RMS(dq):  0.000e+00
2025-12-23:11:49:38,263 INFO     [psi4.optking.displace:172] 

	        --- Internal Coordinate Step in ANG or DEG, aJ/ANG or AJ/DEG ---
	-------------------------------------------------------------------------------
	           Coordinate      Previous         Force          Change          New 
	           ----------      --------        ------          ------        ------
	               R(1,2)       1.75046        3.62910        0.18169       1.93215
	-------------------------------------------------------------------------------

2025-12-23:11:49:38,263 INFO     [psi4.optking.stepAlgorithms:113] 	|target step| :    0.3433465137
2025-12-23:11:49:38,263 INFO     [psi4.optking.stepAlgorithms:114] 	gradient     :   -0.4404924665
2025-12-23:11:49:38,263 INFO     [psi4.optking.stepAlgorithms:115] 	hessian      :    1.1316969626
2025-12-23:11:49:38,263 INFO     [psi4.optking.stepAlgorithms:113] 	|target step| :    0.3433465137
2025-12-23:11:49:38,263 INFO     [psi4.optking.stepAlgorithms:114] 	gradient     :   -0.4404924665
2025-12-23:11:49:38,263 INFO     [psi4.optking.stepAlgorithms:115] 	hessian      :    1.1316969626
2025-12-23:11:49:38,263 INFO     [psi4.optking.stepAlgorithms:206] 	Norm of achieved step-size    0.3433465137
2025-12-23:11:49:38,263 INFO     [psi4.optking.stepAlgorithms:208] 	Norm of achieved step-size (cart):    0.2427826481
2025-12-23:11:49:38,263 INFO     [psi4.optking.opt_helper:164] Molsys:

	                            ===> Fragment 1 <== 

	 Z (Atomic Numbers)          Masses                          Geom                  
	      17.000000            34.968853         -0.00000000  1.82561773  0.00000000   
	      17.000000            34.968853          0.00000000 -1.82561773  0.00000000   

	 - Coordinate -           - BOHR/RAD -       - ANG/DEG -
	 R(1,2)           =         3.651235           1.932151

2025-12-23:11:49:38,263 INFO     [psi4.optking.convcheck:76] Performing convergence check.
2025-12-23:11:49:38,263 INFO     [psi4.optking.convcheck:282] 
	                                 ==> Convergence Check <==                                  
    
	Measures of convergence in internal coordinates in au.
    
	Criteria marked as inactive (o), active & met (*), and active & unmet ( ).

	----------------------------------------------------------------------------------------------
	   Step    Total Energy     Delta E     Max Force     RMS Force      Max Disp      RMS Disp   
	----------------------------------------------------------------------------------------------
	  Convergence Criteria     1.00e-06 *    3.00e-04 *             o    1.20e-03 *             o
	----------------------------------------------------------------------------------------------
	     7    -920.26673150   -1.75e-01      4.40e-01      4.40e-01 o    3.43e-01      3.43e-01 o  ~
	----------------------------------------------------------------------------------------------


2025-12-23:11:49:38,263 INFO     [psi4.optking.stepAlgorithms:296] 	Convergence check returned False
2025-12-23:11:49:38,273 INFO     [psi4.driver.task_planner:259] PLANNING Atomic:  keywords={'DAMPING_PERCENTAGE': 1.0, 'GEOM_MAXITER': 500, 'SCF__GUESS': 'READ', 'GUESS': 'SAP', 'MAXITER': 500, 'REFERENCE': 'UKS', 'function_kwargs': {}}
2025-12-23:11:49:38,274 INFO     [psi4.driver.driver:638] Compute gradient(): method=b3lyp, basis=cc-pvdz, molecule=default, nre=79.15129091786835
2025-12-23:11:49:38,935 INFO     [psi4.driver.driver:641] Return gradient(): -920.3804963391239
2025-12-23:11:49:38,935 INFO     [psi4.driver.driver:642] [[ 0.00000000 -0.24100433  0.00000000]
 [-0.00000000  0.24100433  0.00000000]]
2025-12-23:11:49:38,937 INFO     [psi4.optking.history:269] 	Performing BFGS update.
2025-12-23:11:49:38,937 INFO     [psi4.optking.history:280] 	Using 4 previous steps for update.
2025-12-23:11:49:38,937 WARNING  [psi4.optking.history:301] 	Change in internal coordinate of 6.45e-01 exceeds limit of 5.00e-01.
2025-12-23:11:49:38,937 WARNING  [psi4.optking.history:306] 	Skipping Hessian update for step 6.
2025-12-23:11:49:38,937 WARNING  [psi4.optking.history:301] 	Change in internal coordinate of 8.93e-01 exceeds limit of 5.00e-01.
2025-12-23:11:49:38,937 WARNING  [psi4.optking.history:306] 	Skipping Hessian update for step 5.
2025-12-23:11:49:38,937 WARNING  [psi4.optking.history:301] 	Change in internal coordinate of 1.23e+00 exceeds limit of 5.00e-01.
2025-12-23:11:49:38,937 WARNING  [psi4.optking.history:306] 	Skipping Hessian update for step 4.
2025-12-23:11:49:38,937 WARNING  [psi4.optking.history:301] 	Change in internal coordinate of 1.34e+00 exceeds limit of 5.00e-01.
2025-12-23:11:49:38,937 WARNING  [psi4.optking.history:306] 	Skipping Hessian update for step 3.
2025-12-23:11:49:38,937 WARNING  [psi4.optking.history:301] 	Change in internal coordinate of 1.37e+00 exceeds limit of 5.00e-01.
2025-12-23:11:49:38,937 WARNING  [psi4.optking.history:306] 	Skipping Hessian update for step 2.
2025-12-23:11:49:38,937 WARNING  [psi4.optking.history:301] 	Change in internal coordinate of 1.38e+00 exceeds limit of 5.00e-01.
2025-12-23:11:49:38,937 WARNING  [psi4.optking.history:306] 	Skipping Hessian update for step 1.
2025-12-23:11:49:38,937 INFO     [psi4.optking.history:317] 	Steps to be used in Hessian update:  7

2025-12-23:11:49:38,937 INFO     [psi4.optking.history:418] 	Updated Hessian (in au) 
 	   0.581011

2025-12-23:11:49:38,937 INFO     [psi4.optking.molsys:944] Projected (PHP) Hessian matrix
	   0.581011

2025-12-23:11:49:38,937 INFO     [psi4.optking.opt_helper:182] 
	         Geometry (au)                                       Gradient (au)
  -0.0000000000   1.8256177293   0.0000000000		   0.0000000000  -0.2410043322   0.0000000000
   0.0000000000  -1.8256177293   0.0000000000		  -0.0000000000   0.2410043322   0.0000000000

2025-12-23:11:49:38,938 INFO     [psi4.optking.stepAlgorithms:368] 	Current Step Report 
 
	Current energy:      -920.3804963391
	Energy change for the previous step:
		Actual       :        -0.1137648373
		Projected    :        -0.0756207763

2025-12-23:11:49:38,938 INFO     [psi4.optking.stepAlgorithms:371] 	Energy ratio =    1.50441
2025-12-23:11:49:38,938 INFO     [psi4.optking.stepAlgorithms:929] 	Using RFO solution 1.
2025-12-23:11:49:38,938 INFO     [psi4.optking.displace:100] 	Determining Cartesian step for fragment 1.
2025-12-23:11:49:38,938 INFO     [psi4.optking.displace:415] 	Successfully converged to displaced geometry.
2025-12-23:11:49:38,938 INFO     [psi4.optking.displace:416] 	RMS(dx):  0.000e+00 	Max(dx):  0.000e+00 	RMS(dq):  0.000e+00
2025-12-23:11:49:38,938 INFO     [psi4.optking.displace:172] 

	        --- Internal Coordinate Step in ANG or DEG, aJ/ANG or AJ/DEG ---
	-------------------------------------------------------------------------------
	           Coordinate      Previous         Force          Change          New 
	           ----------      --------        ------          ------        ------
	               R(1,2)       1.93215        1.98557        0.19093       2.12308
	-------------------------------------------------------------------------------

2025-12-23:11:49:38,938 INFO     [psi4.optking.stepAlgorithms:113] 	|target step| :    0.3608031719
2025-12-23:11:49:38,938 INFO     [psi4.optking.stepAlgorithms:114] 	gradient     :   -0.2410043322
2025-12-23:11:49:38,938 INFO     [psi4.optking.stepAlgorithms:115] 	hessian      :    0.5810110961
2025-12-23:11:49:38,938 INFO     [psi4.optking.stepAlgorithms:113] 	|target step| :    0.3608031719
2025-12-23:11:49:38,938 INFO     [psi4.optking.stepAlgorithms:114] 	gradient     :   -0.2410043322
2025-12-23:11:49:38,938 INFO     [psi4.optking.stepAlgorithms:115] 	hessian      :    0.5810110961
2025-12-23:11:49:38,938 INFO     [psi4.optking.stepAlgorithms:206] 	Norm of achieved step-size    0.3608031719
2025-12-23:11:49:38,938 INFO     [psi4.optking.stepAlgorithms:208] 	Norm of achieved step-size (cart):    0.2551263696
2025-12-23:11:49:38,938 INFO     [psi4.optking.opt_helper:164] Molsys:

	                            ===> Fragment 1 <== 

	 Z (Atomic Numbers)          Masses                          Geom                  
	      17.000000            34.968853         -0.00000000  2.00601932  0.00000000   
	      17.000000            34.968853          0.00000000 -2.00601932  0.00000000   

	 - Coordinate -           - BOHR/RAD -       - ANG/DEG -
	 R(1,2)           =         4.012039           2.123079

2025-12-23:11:49:38,938 INFO     [psi4.optking.convcheck:76] Performing convergence check.
2025-12-23:11:49:38,939 INFO     [psi4.optking.convcheck:282] 
	                                 ==> Convergence Check <==                                  
    
	Measures of convergence in internal coordinates in au.
    
	Criteria marked as inactive (o), active & met (*), and active & unmet ( ).

	----------------------------------------------------------------------------------------------
	   Step    Total Energy     Delta E     Max Force     RMS Force      Max Disp      RMS Disp   
	----------------------------------------------------------------------------------------------
	  Convergence Criteria     1.00e-06 *    3.00e-04 *             o    1.20e-03 *             o
	----------------------------------------------------------------------------------------------
	     8    -920.38049634   -1.14e-01      2.41e-01      2.41e-01 o    3.61e-01      3.61e-01 o  ~
	----------------------------------------------------------------------------------------------


2025-12-23:11:49:38,939 INFO     [psi4.optking.stepAlgorithms:296] 	Convergence check returned False
2025-12-23:11:49:38,948 INFO     [psi4.driver.task_planner:259] PLANNING Atomic:  keywords={'DAMPING_PERCENTAGE': 1.0, 'GEOM_MAXITER': 500, 'SCF__GUESS': 'READ', 'GUESS': 'SAP', 'MAXITER': 500, 'REFERENCE': 'UKS', 'function_kwargs': {}}
2025-12-23:11:49:38,949 INFO     [psi4.driver.driver:638] Compute gradient(): method=b3lyp, basis=cc-pvdz, molecule=default, nre=72.03320471394879
2025-12-23:11:49:39,542 INFO     [psi4.driver.driver:641] Return gradient(): -920.4439462634315
2025-12-23:11:49:39,542 INFO     [psi4.driver.driver:642] [[ 0.00000000 -0.12209433  0.00000000]
 [-0.00000000  0.12209433  0.00000000]]
2025-12-23:11:49:39,544 INFO     [psi4.optking.history:269] 	Performing BFGS update.
2025-12-23:11:49:39,544 INFO     [psi4.optking.history:280] 	Using 4 previous steps for update.
2025-12-23:11:49:39,544 WARNING  [psi4.optking.history:301] 	Change in internal coordinate of 7.04e-01 exceeds limit of 5.00e-01.
2025-12-23:11:49:39,544 WARNING  [psi4.optking.history:306] 	Skipping Hessian update for step 7.
2025-12-23:11:49:39,544 WARNING  [psi4.optking.history:301] 	Change in internal coordinate of 1.01e+00 exceeds limit of 5.00e-01.
2025-12-23:11:49:39,544 WARNING  [psi4.optking.history:306] 	Skipping Hessian update for step 6.
2025-12-23:11:49:39,544 WARNING  [psi4.optking.history:301] 	Change in internal coordinate of 1.25e+00 exceeds limit of 5.00e-01.
2025-12-23:11:49:39,544 WARNING  [psi4.optking.history:306] 	Skipping Hessian update for step 5.
2025-12-23:11:49:39,544 WARNING  [psi4.optking.history:301] 	Change in internal coordinate of 1.59e+00 exceeds limit of 5.00e-01.
2025-12-23:11:49:39,544 WARNING  [psi4.optking.history:306] 	Skipping Hessian update for step 4.
2025-12-23:11:49:39,544 WARNING  [psi4.optking.history:301] 	Change in internal coordinate of 1.70e+00 exceeds limit of 5.00e-01.
2025-12-23:11:49:39,544 WARNING  [psi4.optking.history:306] 	Skipping Hessian update for step 3.
2025-12-23:11:49:39,545 WARNING  [psi4.optking.history:301] 	Change in internal coordinate of 1.73e+00 exceeds limit of 5.00e-01.
2025-12-23:11:49:39,545 WARNING  [psi4.optking.history:306] 	Skipping Hessian update for step 2.
2025-12-23:11:49:39,545 WARNING  [psi4.optking.history:301] 	Change in internal coordinate of 1.74e+00 exceeds limit of 5.00e-01.
2025-12-23:11:49:39,545 WARNING  [psi4.optking.history:306] 	Skipping Hessian update for step 1.
2025-12-23:11:49:39,545 INFO     [psi4.optking.history:317] 	Steps to be used in Hessian update:  8

2025-12-23:11:49:39,545 INFO     [psi4.optking.history:418] 	Updated Hessian (in au) 
 	   0.329570

2025-12-23:11:49:39,545 INFO     [psi4.optking.molsys:944] Projected (PHP) Hessian matrix
	   0.329570

2025-12-23:11:49:39,545 INFO     [psi4.optking.opt_helper:182] 
	         Geometry (au)                                       Gradient (au)
  -0.0000000000   2.0060193153   0.0000000000		   0.0000000000  -0.1220943273   0.0000000000
   0.0000000000  -2.0060193153   0.0000000000		  -0.0000000000   0.1220943273   0.0000000000

2025-12-23:11:49:39,545 INFO     [psi4.optking.stepAlgorithms:368] 	Current Step Report 
 
	Current energy:      -920.4439462634
	Energy change for the previous step:
		Actual       :        -0.0634499243
		Projected    :        -0.0434775638

2025-12-23:11:49:39,545 INFO     [psi4.optking.stepAlgorithms:371] 	Energy ratio =    1.45937
2025-12-23:11:49:39,545 INFO     [psi4.optking.stepAlgorithms:929] 	Using RFO solution 1.
2025-12-23:11:49:39,545 INFO     [psi4.optking.displace:100] 	Determining Cartesian step for fragment 1.
2025-12-23:11:49:39,545 INFO     [psi4.optking.displace:415] 	Successfully converged to displaced geometry.
2025-12-23:11:49:39,545 INFO     [psi4.optking.displace:416] 	RMS(dx):  0.000e+00 	Max(dx):  0.000e+00 	RMS(dq):  0.000e+00
2025-12-23:11:49:39,545 INFO     [psi4.optking.displace:172] 

	        --- Internal Coordinate Step in ANG or DEG, aJ/ANG or AJ/DEG ---
	-------------------------------------------------------------------------------
	           Coordinate      Previous         Force          Change          New 
	           ----------      --------        ------          ------        ------
	               R(1,2)       2.12308        1.00590        0.17468       2.29776
	-------------------------------------------------------------------------------

2025-12-23:11:49:39,545 INFO     [psi4.optking.stepAlgorithms:113] 	|target step| :    0.3300976691
2025-12-23:11:49:39,545 INFO     [psi4.optking.stepAlgorithms:114] 	gradient     :   -0.1220943273
2025-12-23:11:49:39,545 INFO     [psi4.optking.stepAlgorithms:115] 	hessian      :    0.3295702869
2025-12-23:11:49:39,545 INFO     [psi4.optking.stepAlgorithms:113] 	|target step| :    0.3300976691
2025-12-23:11:49:39,545 INFO     [psi4.optking.stepAlgorithms:114] 	gradient     :   -0.1220943273
2025-12-23:11:49:39,545 INFO     [psi4.optking.stepAlgorithms:115] 	hessian      :    0.3295702869
2025-12-23:11:49:39,545 INFO     [psi4.optking.stepAlgorithms:206] 	Norm of achieved step-size    0.3300976691
2025-12-23:11:49:39,546 INFO     [psi4.optking.stepAlgorithms:208] 	Norm of achieved step-size (cart):    0.2334143003
2025-12-23:11:49:39,546 INFO     [psi4.optking.opt_helper:164] Molsys:

	                            ===> Fragment 1 <== 

	 Z (Atomic Numbers)          Masses                          Geom                  
	      17.000000            34.968853         -0.00000000  2.17106815  0.00000000   
	      17.000000            34.968853          0.00000000 -2.17106815  0.00000000   

	 - Coordinate -           - BOHR/RAD -       - ANG/DEG -
	 R(1,2)           =         4.342136           2.297760

2025-12-23:11:49:39,546 INFO     [psi4.optking.convcheck:76] Performing convergence check.
2025-12-23:11:49:39,546 INFO     [psi4.optking.convcheck:282] 
	                                 ==> Convergence Check <==                                  
    
	Measures of convergence in internal coordinates in au.
    
	Criteria marked as inactive (o), active & met (*), and active & unmet ( ).

	----------------------------------------------------------------------------------------------
	   Step    Total Energy     Delta E     Max Force     RMS Force      Max Disp      RMS Disp   
	----------------------------------------------------------------------------------------------
	  Convergence Criteria     1.00e-06 *    3.00e-04 *             o    1.20e-03 *             o
	----------------------------------------------------------------------------------------------
	     9    -920.44394626   -6.34e-02      1.22e-01      1.22e-01 o    3.30e-01      3.30e-01 o  ~
	----------------------------------------------------------------------------------------------


2025-12-23:11:49:39,546 INFO     [psi4.optking.stepAlgorithms:296] 	Convergence check returned False
2025-12-23:11:49:39,556 INFO     [psi4.driver.task_planner:259] PLANNING Atomic:  keywords={'DAMPING_PERCENTAGE': 1.0, 'GEOM_MAXITER': 500, 'SCF__GUESS': 'READ', 'GUESS': 'SAP', 'MAXITER': 500, 'REFERENCE': 'UKS', 'function_kwargs': {}}
2025-12-23:11:49:39,557 INFO     [psi4.driver.driver:638] Compute gradient(): method=b3lyp, basis=cc-pvdz, molecule=default, nre=66.55710001899656
2025-12-23:11:49:40,148 INFO     [psi4.driver.driver:641] Return gradient(): -920.4730952126143
2025-12-23:11:49:40,148 INFO     [psi4.driver.driver:642] [[ 0.00000000 -0.06019426 -0.00000000]
 [-0.00000000  0.06019426  0.00000000]]
2025-12-23:11:49:40,150 INFO     [psi4.optking.history:269] 	Performing BFGS update.
2025-12-23:11:49:40,150 INFO     [psi4.optking.history:280] 	Using 4 previous steps for update.
2025-12-23:11:49:40,150 WARNING  [psi4.optking.history:301] 	Change in internal coordinate of 6.91e-01 exceeds limit of 5.00e-01.
2025-12-23:11:49:40,150 WARNING  [psi4.optking.history:306] 	Skipping Hessian update for step 8.
2025-12-23:11:49:40,150 WARNING  [psi4.optking.history:301] 	Change in internal coordinate of 1.03e+00 exceeds limit of 5.00e-01.
2025-12-23:11:49:40,150 WARNING  [psi4.optking.history:306] 	Skipping Hessian update for step 7.
2025-12-23:11:49:40,150 WARNING  [psi4.optking.history:301] 	Change in internal coordinate of 1.34e+00 exceeds limit of 5.00e-01.
2025-12-23:11:49:40,150 WARNING  [psi4.optking.history:306] 	Skipping Hessian update for step 6.
2025-12-23:11:49:40,150 WARNING  [psi4.optking.history:301] 	Change in internal coordinate of 1.58e+00 exceeds limit of 5.00e-01.
2025-12-23:11:49:40,150 WARNING  [psi4.optking.history:306] 	Skipping Hessian update for step 5.
2025-12-23:11:49:40,150 WARNING  [psi4.optking.history:301] 	Change in internal coordinate of 1.92e+00 exceeds limit of 5.00e-01.
2025-12-23:11:49:40,150 WARNING  [psi4.optking.history:306] 	Skipping Hessian update for step 4.
2025-12-23:11:49:40,150 WARNING  [psi4.optking.history:301] 	Change in internal coordinate of 2.03e+00 exceeds limit of 5.00e-01.
2025-12-23:11:49:40,150 WARNING  [psi4.optking.history:306] 	Skipping Hessian update for step 3.
2025-12-23:11:49:40,150 WARNING  [psi4.optking.history:301] 	Change in internal coordinate of 2.06e+00 exceeds limit of 5.00e-01.
2025-12-23:11:49:40,150 WARNING  [psi4.optking.history:306] 	Skipping Hessian update for step 2.
2025-12-23:11:49:40,150 WARNING  [psi4.optking.history:301] 	Change in internal coordinate of 2.07e+00 exceeds limit of 5.00e-01.
2025-12-23:11:49:40,150 WARNING  [psi4.optking.history:306] 	Skipping Hessian update for step 1.
2025-12-23:11:49:40,150 INFO     [psi4.optking.history:317] 	Steps to be used in Hessian update:  9

2025-12-23:11:49:40,150 INFO     [psi4.optking.history:418] 	Updated Hessian (in au) 
 	   0.187520

2025-12-23:11:49:40,151 INFO     [psi4.optking.molsys:944] Projected (PHP) Hessian matrix
	   0.187520

2025-12-23:11:49:40,151 INFO     [psi4.optking.opt_helper:182] 
	         Geometry (au)                                       Gradient (au)
  -0.0000000000   2.1710681499   0.0000000000		   0.0000000000  -0.0601942639  -0.0000000000
   0.0000000000  -2.1710681499   0.0000000000		  -0.0000000000   0.0601942639   0.0000000000

2025-12-23:11:49:40,151 INFO     [psi4.optking.stepAlgorithms:368] 	Current Step Report 
 
	Current energy:      -920.4730952126
	Energy change for the previous step:
		Actual       :        -0.0291489492
		Projected    :        -0.0201515264

2025-12-23:11:49:40,151 INFO     [psi4.optking.stepAlgorithms:371] 	Energy ratio =    1.44649
2025-12-23:11:49:40,151 INFO     [psi4.optking.stepAlgorithms:929] 	Using RFO solution 1.
2025-12-23:11:49:40,151 INFO     [psi4.optking.displace:100] 	Determining Cartesian step for fragment 1.
2025-12-23:11:49:40,151 INFO     [psi4.optking.displace:415] 	Successfully converged to displaced geometry.
2025-12-23:11:49:40,151 INFO     [psi4.optking.displace:416] 	RMS(dx):  0.000e+00 	Max(dx):  0.000e+00 	RMS(dq):  0.000e+00
2025-12-23:11:49:40,151 INFO     [psi4.optking.displace:172] 

	        --- Internal Coordinate Step in ANG or DEG, aJ/ANG or AJ/DEG ---
	-------------------------------------------------------------------------------
	           Coordinate      Previous         Force          Change          New 
	           ----------      --------        ------          ------        ------
	               R(1,2)       2.29776        0.49592        0.15525       2.45301
	-------------------------------------------------------------------------------

2025-12-23:11:49:40,151 INFO     [psi4.optking.stepAlgorithms:113] 	|target step| :    0.2933731980
2025-12-23:11:49:40,151 INFO     [psi4.optking.stepAlgorithms:114] 	gradient     :   -0.0601942639
2025-12-23:11:49:40,151 INFO     [psi4.optking.stepAlgorithms:115] 	hessian      :    0.1875204498
2025-12-23:11:49:40,151 INFO     [psi4.optking.stepAlgorithms:113] 	|target step| :    0.2933731980
2025-12-23:11:49:40,151 INFO     [psi4.optking.stepAlgorithms:114] 	gradient     :   -0.0601942639
2025-12-23:11:49:40,151 INFO     [psi4.optking.stepAlgorithms:115] 	hessian      :    0.1875204498
2025-12-23:11:49:40,151 INFO     [psi4.optking.stepAlgorithms:206] 	Norm of achieved step-size    0.2933731980
2025-12-23:11:49:40,151 INFO     [psi4.optking.stepAlgorithms:208] 	Norm of achieved step-size (cart):    0.2074461777
2025-12-23:11:49:40,151 INFO     [psi4.optking.opt_helper:164] Molsys:

	                            ===> Fragment 1 <== 

	 Z (Atomic Numbers)          Masses                          Geom                  
	      17.000000            34.968853         -0.00000000  2.31775475  0.00000000   
	      17.000000            34.968853          0.00000000 -2.31775475  0.00000000   

	 - Coordinate -           - BOHR/RAD -       - ANG/DEG -
	 R(1,2)           =         4.635509           2.453006

2025-12-23:11:49:40,152 INFO     [psi4.optking.convcheck:76] Performing convergence check.
2025-12-23:11:49:40,152 INFO     [psi4.optking.convcheck:282] 
	                                 ==> Convergence Check <==                                  
    
	Measures of convergence in internal coordinates in au.
    
	Criteria marked as inactive (o), active & met (*), and active & unmet ( ).

	----------------------------------------------------------------------------------------------
	   Step    Total Energy     Delta E     Max Force     RMS Force      Max Disp      RMS Disp   
	----------------------------------------------------------------------------------------------
	  Convergence Criteria     1.00e-06 *    3.00e-04 *             o    1.20e-03 *             o
	----------------------------------------------------------------------------------------------
	    10    -920.47309521   -2.91e-02      6.02e-02      6.02e-02 o    2.93e-01      2.93e-01 o  ~
	----------------------------------------------------------------------------------------------


2025-12-23:11:49:40,152 INFO     [psi4.optking.stepAlgorithms:296] 	Convergence check returned False
2025-12-23:11:49:40,161 INFO     [psi4.driver.task_planner:259] PLANNING Atomic:  keywords={'DAMPING_PERCENTAGE': 1.0, 'GEOM_MAXITER': 500, 'SCF__GUESS': 'READ', 'GUESS': 'SAP', 'MAXITER': 500, 'REFERENCE': 'UKS', 'function_kwargs': {}}
2025-12-23:11:49:40,163 INFO     [psi4.driver.driver:638] Compute gradient(): method=b3lyp, basis=cc-pvdz, molecule=default, nre=62.34481886870723
2025-12-23:11:49:40,780 INFO     [psi4.driver.driver:641] Return gradient(): -920.4856258967917
2025-12-23:11:49:40,780 INFO     [psi4.driver.driver:642] [[ 0.00000000 -0.02804680  0.00000000]
 [-0.00000000  0.02804680  0.00000000]]
2025-12-23:11:49:40,782 INFO     [psi4.optking.history:269] 	Performing BFGS update.
2025-12-23:11:49:40,782 INFO     [psi4.optking.history:280] 	Using 4 previous steps for update.
2025-12-23:11:49:40,782 WARNING  [psi4.optking.history:301] 	Change in internal coordinate of 6.23e-01 exceeds limit of 5.00e-01.
2025-12-23:11:49:40,782 WARNING  [psi4.optking.history:306] 	Skipping Hessian update for step 9.
2025-12-23:11:49:40,782 WARNING  [psi4.optking.history:301] 	Change in internal coordinate of 9.84e-01 exceeds limit of 5.00e-01.
2025-12-23:11:49:40,782 WARNING  [psi4.optking.history:306] 	Skipping Hessian update for step 8.
2025-12-23:11:49:40,782 WARNING  [psi4.optking.history:301] 	Change in internal coordinate of 1.33e+00 exceeds limit of 5.00e-01.
2025-12-23:11:49:40,782 WARNING  [psi4.optking.history:306] 	Skipping Hessian update for step 7.
2025-12-23:11:49:40,782 WARNING  [psi4.optking.history:301] 	Change in internal coordinate of 1.63e+00 exceeds limit of 5.00e-01.
2025-12-23:11:49:40,782 WARNING  [psi4.optking.history:306] 	Skipping Hessian update for step 6.
2025-12-23:11:49:40,782 WARNING  [psi4.optking.history:301] 	Change in internal coordinate of 1.88e+00 exceeds limit of 5.00e-01.
2025-12-23:11:49:40,782 WARNING  [psi4.optking.history:306] 	Skipping Hessian update for step 5.
2025-12-23:11:49:40,782 WARNING  [psi4.optking.history:301] 	Change in internal coordinate of 2.21e+00 exceeds limit of 5.00e-01.
2025-12-23:11:49:40,782 WARNING  [psi4.optking.history:306] 	Skipping Hessian update for step 4.
2025-12-23:11:49:40,782 WARNING  [psi4.optking.history:301] 	Change in internal coordinate of 2.32e+00 exceeds limit of 5.00e-01.
2025-12-23:11:49:40,782 WARNING  [psi4.optking.history:306] 	Skipping Hessian update for step 3.
2025-12-23:11:49:40,782 WARNING  [psi4.optking.history:301] 	Change in internal coordinate of 2.35e+00 exceeds limit of 5.00e-01.
2025-12-23:11:49:40,782 WARNING  [psi4.optking.history:306] 	Skipping Hessian update for step 2.
2025-12-23:11:49:40,782 WARNING  [psi4.optking.history:301] 	Change in internal coordinate of 2.37e+00 exceeds limit of 5.00e-01.
2025-12-23:11:49:40,782 WARNING  [psi4.optking.history:306] 	Skipping Hessian update for step 1.
2025-12-23:11:49:40,782 INFO     [psi4.optking.history:317] 	Steps to be used in Hessian update:  10

2025-12-23:11:49:40,782 INFO     [psi4.optking.history:418] 	Updated Hessian (in au) 
 	   0.109579

2025-12-23:11:49:40,782 INFO     [psi4.optking.molsys:944] Projected (PHP) Hessian matrix
	   0.109579

2025-12-23:11:49:40,782 INFO     [psi4.optking.opt_helper:182] 
	         Geometry (au)                                       Gradient (au)
  -0.0000000000   2.3177547489   0.0000000000		   0.0000000000  -0.0280467978   0.0000000000
   0.0000000000  -2.3177547489   0.0000000000		  -0.0000000000   0.0280467978   0.0000000000

2025-12-23:11:49:40,782 INFO     [psi4.optking.stepAlgorithms:368] 	Current Step Report 
 
	Current energy:      -920.4856258968
	Energy change for the previous step:
		Actual       :        -0.0125306842
		Projected    :        -0.0088296919

2025-12-23:11:49:40,782 INFO     [psi4.optking.stepAlgorithms:371] 	Energy ratio =    1.41915
2025-12-23:11:49:40,783 INFO     [psi4.optking.stepAlgorithms:929] 	Using RFO solution 1.
2025-12-23:11:49:40,783 INFO     [psi4.optking.displace:100] 	Determining Cartesian step for fragment 1.
2025-12-23:11:49:40,783 INFO     [psi4.optking.displace:415] 	Successfully converged to displaced geometry.
2025-12-23:11:49:40,783 INFO     [psi4.optking.displace:416] 	RMS(dx):  0.000e+00 	Max(dx):  0.000e+00 	RMS(dq):  0.000e+00
2025-12-23:11:49:40,783 INFO     [psi4.optking.displace:172] 

	        --- Internal Coordinate Step in ANG or DEG, aJ/ANG or AJ/DEG ---
	-------------------------------------------------------------------------------
	           Coordinate      Previous         Force          Change          New 
	           ----------      --------        ------          ------        ------
	               R(1,2)       2.45301        0.23107        0.12757       2.58058
	-------------------------------------------------------------------------------

2025-12-23:11:49:40,783 INFO     [psi4.optking.stepAlgorithms:113] 	|target step| :    0.2410758313
2025-12-23:11:49:40,783 INFO     [psi4.optking.stepAlgorithms:114] 	gradient     :   -0.0280467978
2025-12-23:11:49:40,783 INFO     [psi4.optking.stepAlgorithms:115] 	hessian      :    0.1095787425
2025-12-23:11:49:40,783 INFO     [psi4.optking.stepAlgorithms:113] 	|target step| :    0.2410758313
2025-12-23:11:49:40,783 INFO     [psi4.optking.stepAlgorithms:114] 	gradient     :   -0.0280467978
2025-12-23:11:49:40,783 INFO     [psi4.optking.stepAlgorithms:115] 	hessian      :    0.1095787425
2025-12-23:11:49:40,783 INFO     [psi4.optking.stepAlgorithms:206] 	Norm of achieved step-size    0.2410758313
2025-12-23:11:49:40,783 INFO     [psi4.optking.stepAlgorithms:208] 	Norm of achieved step-size (cart):    0.1704663551
2025-12-23:11:49:40,783 INFO     [psi4.optking.opt_helper:164] Molsys:

	                            ===> Fragment 1 <== 

	 Z (Atomic Numbers)          Masses                          Geom                  
	      17.000000            34.968853         -0.00000000  2.43829266  0.00000000   
	      17.000000            34.968853          0.00000000 -2.43829266  0.00000000   

	 - Coordinate -           - BOHR/RAD -       - ANG/DEG -
	 R(1,2)           =         4.876585           2.580578

2025-12-23:11:49:40,783 INFO     [psi4.optking.convcheck:76] Performing convergence check.
2025-12-23:11:49:40,783 INFO     [psi4.optking.convcheck:282] 
	                                 ==> Convergence Check <==                                  
    
	Measures of convergence in internal coordinates in au.
    
	Criteria marked as inactive (o), active & met (*), and active & unmet ( ).

	----------------------------------------------------------------------------------------------
	   Step    Total Energy     Delta E     Max Force     RMS Force      Max Disp      RMS Disp   
	----------------------------------------------------------------------------------------------
	  Convergence Criteria     1.00e-06 *    3.00e-04 *             o    1.20e-03 *             o
	----------------------------------------------------------------------------------------------
	    11    -920.48562590   -1.25e-02      2.80e-02      2.80e-02 o    2.41e-01      2.41e-01 o  ~
	----------------------------------------------------------------------------------------------


2025-12-23:11:49:40,783 INFO     [psi4.optking.stepAlgorithms:296] 	Convergence check returned False
2025-12-23:11:49:40,793 INFO     [psi4.driver.task_planner:259] PLANNING Atomic:  keywords={'DAMPING_PERCENTAGE': 1.0, 'GEOM_MAXITER': 500, 'SCF__GUESS': 'READ', 'GUESS': 'SAP', 'MAXITER': 500, 'REFERENCE': 'UKS', 'function_kwargs': {}}
2025-12-23:11:49:40,795 INFO     [psi4.driver.driver:638] Compute gradient(): method=b3lyp, basis=cc-pvdz, molecule=default, nre=59.262779280655664
2025-12-23:11:49:41,366 INFO     [psi4.driver.driver:641] Return gradient(): -920.490289531461
2025-12-23:11:49:41,366 INFO     [psi4.driver.driver:642] [[ 0.00000000 -0.01192079  0.00000000]
 [-0.00000000  0.01192079  0.00000000]]
2025-12-23:11:49:41,368 INFO     [psi4.optking.history:269] 	Performing BFGS update.
2025-12-23:11:49:41,368 INFO     [psi4.optking.history:280] 	Using 4 previous steps for update.
2025-12-23:11:49:41,368 WARNING  [psi4.optking.history:301] 	Change in internal coordinate of 5.34e-01 exceeds limit of 5.00e-01.
2025-12-23:11:49:41,368 WARNING  [psi4.optking.history:306] 	Skipping Hessian update for step 10.
2025-12-23:11:49:41,368 WARNING  [psi4.optking.history:301] 	Change in internal coordinate of 8.65e-01 exceeds limit of 5.00e-01.
2025-12-23:11:49:41,368 WARNING  [psi4.optking.history:306] 	Skipping Hessian update for step 9.
2025-12-23:11:49:41,368 WARNING  [psi4.optking.history:301] 	Change in internal coordinate of 1.23e+00 exceeds limit of 5.00e-01.
2025-12-23:11:49:41,368 WARNING  [psi4.optking.history:306] 	Skipping Hessian update for step 8.
2025-12-23:11:49:41,368 WARNING  [psi4.optking.history:301] 	Change in internal coordinate of 1.57e+00 exceeds limit of 5.00e-01.
2025-12-23:11:49:41,368 WARNING  [psi4.optking.history:306] 	Skipping Hessian update for step 7.
2025-12-23:11:49:41,368 WARNING  [psi4.optking.history:301] 	Change in internal coordinate of 1.87e+00 exceeds limit of 5.00e-01.
2025-12-23:11:49:41,368 WARNING  [psi4.optking.history:306] 	Skipping Hessian update for step 6.
2025-12-23:11:49:41,368 WARNING  [psi4.optking.history:301] 	Change in internal coordinate of 2.12e+00 exceeds limit of 5.00e-01.
2025-12-23:11:49:41,368 WARNING  [psi4.optking.history:306] 	Skipping Hessian update for step 5.
2025-12-23:11:49:41,368 WARNING  [psi4.optking.history:301] 	Change in internal coordinate of 2.45e+00 exceeds limit of 5.00e-01.
2025-12-23:11:49:41,368 WARNING  [psi4.optking.history:306] 	Skipping Hessian update for step 4.
2025-12-23:11:49:41,368 WARNING  [psi4.optking.history:301] 	Change in internal coordinate of 2.56e+00 exceeds limit of 5.00e-01.
2025-12-23:11:49:41,368 WARNING  [psi4.optking.history:306] 	Skipping Hessian update for step 3.
2025-12-23:11:49:41,368 WARNING  [psi4.optking.history:301] 	Change in internal coordinate of 2.59e+00 exceeds limit of 5.00e-01.
2025-12-23:11:49:41,368 WARNING  [psi4.optking.history:306] 	Skipping Hessian update for step 2.
2025-12-23:11:49:41,368 WARNING  [psi4.optking.history:301] 	Change in internal coordinate of 2.61e+00 exceeds limit of 5.00e-01.
2025-12-23:11:49:41,368 WARNING  [psi4.optking.history:306] 	Skipping Hessian update for step 1.
2025-12-23:11:49:41,368 INFO     [psi4.optking.history:317] 	Steps to be used in Hessian update:  11

2025-12-23:11:49:41,368 INFO     [psi4.optking.history:418] 	Updated Hessian (in au) 
 	   0.066892

2025-12-23:11:49:41,369 INFO     [psi4.optking.molsys:944] Projected (PHP) Hessian matrix
	   0.066892

2025-12-23:11:49:41,369 INFO     [psi4.optking.opt_helper:182] 
	         Geometry (au)                                       Gradient (au)
  -0.0000000000   2.4382926645   0.0000000000		   0.0000000000  -0.0119207945   0.0000000000
   0.0000000000  -2.4382926645   0.0000000000		  -0.0000000000   0.0119207945   0.0000000000

2025-12-23:11:49:41,369 INFO     [psi4.optking.stepAlgorithms:368] 	Current Step Report 
 
	Current energy:      -920.4902895315
	Energy change for the previous step:
		Actual       :        -0.0046636347
		Projected    :        -0.0033807025

2025-12-23:11:49:41,369 INFO     [psi4.optking.stepAlgorithms:371] 	Energy ratio =    1.37949
2025-12-23:11:49:41,369 INFO     [psi4.optking.stepAlgorithms:929] 	Using RFO solution 1.
2025-12-23:11:49:41,369 INFO     [psi4.optking.displace:100] 	Determining Cartesian step for fragment 1.
2025-12-23:11:49:41,369 INFO     [psi4.optking.displace:415] 	Successfully converged to displaced geometry.
2025-12-23:11:49:41,369 INFO     [psi4.optking.displace:416] 	RMS(dx):  0.000e+00 	Max(dx):  0.000e+00 	RMS(dq):  0.000e+00
2025-12-23:11:49:41,369 INFO     [psi4.optking.displace:172] 

	        --- Internal Coordinate Step in ANG or DEG, aJ/ANG or AJ/DEG ---
	-------------------------------------------------------------------------------
	           Coordinate      Previous         Force          Change          New 
	           ----------      --------        ------          ------        ------
	               R(1,2)       2.58058        0.09821        0.09149       2.67206
	-------------------------------------------------------------------------------

2025-12-23:11:49:41,369 INFO     [psi4.optking.stepAlgorithms:113] 	|target step| :    0.1728835553
2025-12-23:11:49:41,369 INFO     [psi4.optking.stepAlgorithms:114] 	gradient     :   -0.0119207945
2025-12-23:11:49:41,369 INFO     [psi4.optking.stepAlgorithms:115] 	hessian      :    0.0668918289
2025-12-23:11:49:41,369 INFO     [psi4.optking.stepAlgorithms:113] 	|target step| :    0.1728835553
2025-12-23:11:49:41,369 INFO     [psi4.optking.stepAlgorithms:114] 	gradient     :   -0.0119207945
2025-12-23:11:49:41,369 INFO     [psi4.optking.stepAlgorithms:115] 	hessian      :    0.0668918289
2025-12-23:11:49:41,369 INFO     [psi4.optking.stepAlgorithms:206] 	Norm of achieved step-size    0.1728835553
2025-12-23:11:49:41,369 INFO     [psi4.optking.stepAlgorithms:208] 	Norm of achieved step-size (cart):    0.1222471343
2025-12-23:11:49:41,369 INFO     [psi4.optking.opt_helper:164] Molsys:

	                            ===> Fragment 1 <== 

	 Z (Atomic Numbers)          Masses                          Geom                  
	      17.000000            34.968853         -0.00000000  2.52473444  0.00000000   
	      17.000000            34.968853          0.00000000 -2.52473444  0.00000000   

	 - Coordinate -           - BOHR/RAD -       - ANG/DEG -
	 R(1,2)           =         5.049469           2.672064

2025-12-23:11:49:41,370 INFO     [psi4.optking.convcheck:76] Performing convergence check.
2025-12-23:11:49:41,370 INFO     [psi4.optking.convcheck:282] 
	                                 ==> Convergence Check <==                                  
    
	Measures of convergence in internal coordinates in au.
    
	Criteria marked as inactive (o), active & met (*), and active & unmet ( ).

	----------------------------------------------------------------------------------------------
	   Step    Total Energy     Delta E     Max Force     RMS Force      Max Disp      RMS Disp   
	----------------------------------------------------------------------------------------------
	  Convergence Criteria     1.00e-06 *    3.00e-04 *             o    1.20e-03 *             o
	----------------------------------------------------------------------------------------------
	    12    -920.49028953   -4.66e-03      1.19e-02      1.19e-02 o    1.73e-01      1.73e-01 o  ~
	----------------------------------------------------------------------------------------------


2025-12-23:11:49:41,370 INFO     [psi4.optking.stepAlgorithms:296] 	Convergence check returned False
2025-12-23:11:49:41,380 INFO     [psi4.driver.task_planner:259] PLANNING Atomic:  keywords={'DAMPING_PERCENTAGE': 1.0, 'GEOM_MAXITER': 500, 'SCF__GUESS': 'READ', 'GUESS': 'SAP', 'MAXITER': 500, 'REFERENCE': 'UKS', 'function_kwargs': {}}
2025-12-23:11:49:41,381 INFO     [psi4.driver.driver:638] Compute gradient(): method=b3lyp, basis=cc-pvdz, molecule=default, nre=57.233742126056725
2025-12-23:11:49:41,952 INFO     [psi4.driver.driver:641] Return gradient(): -920.4916464931663
2025-12-23:11:49:41,952 INFO     [psi4.driver.driver:642] [[ 0.00000000 -0.00428131  0.00000000]
 [-0.00000000  0.00428131  0.00000000]]
2025-12-23:11:49:41,954 INFO     [psi4.optking.history:269] 	Performing BFGS update.
2025-12-23:11:49:41,954 INFO     [psi4.optking.history:280] 	Using 4 previous steps for update.
2025-12-23:11:49:41,954 WARNING  [psi4.optking.history:301] 	Change in internal coordinate of 7.07e-01 exceeds limit of 5.00e-01.
2025-12-23:11:49:41,954 WARNING  [psi4.optking.history:306] 	Skipping Hessian update for step 10.
2025-12-23:11:49:41,954 WARNING  [psi4.optking.history:301] 	Change in internal coordinate of 1.04e+00 exceeds limit of 5.00e-01.
2025-12-23:11:49:41,954 WARNING  [psi4.optking.history:306] 	Skipping Hessian update for step 9.
2025-12-23:11:49:41,954 WARNING  [psi4.optking.history:301] 	Change in internal coordinate of 1.40e+00 exceeds limit of 5.00e-01.
2025-12-23:11:49:41,954 WARNING  [psi4.optking.history:306] 	Skipping Hessian update for step 8.
2025-12-23:11:49:41,954 WARNING  [psi4.optking.history:301] 	Change in internal coordinate of 1.74e+00 exceeds limit of 5.00e-01.
2025-12-23:11:49:41,954 WARNING  [psi4.optking.history:306] 	Skipping Hessian update for step 7.
2025-12-23:11:49:41,954 WARNING  [psi4.optking.history:301] 	Change in internal coordinate of 2.04e+00 exceeds limit of 5.00e-01.
2025-12-23:11:49:41,954 WARNING  [psi4.optking.history:306] 	Skipping Hessian update for step 6.
2025-12-23:11:49:41,954 WARNING  [psi4.optking.history:301] 	Change in internal coordinate of 2.29e+00 exceeds limit of 5.00e-01.
2025-12-23:11:49:41,954 WARNING  [psi4.optking.history:306] 	Skipping Hessian update for step 5.
2025-12-23:11:49:41,954 WARNING  [psi4.optking.history:301] 	Change in internal coordinate of 2.62e+00 exceeds limit of 5.00e-01.
2025-12-23:11:49:41,954 WARNING  [psi4.optking.history:306] 	Skipping Hessian update for step 4.
2025-12-23:11:49:41,954 WARNING  [psi4.optking.history:301] 	Change in internal coordinate of 2.74e+00 exceeds limit of 5.00e-01.
2025-12-23:11:49:41,954 WARNING  [psi4.optking.history:306] 	Skipping Hessian update for step 3.
2025-12-23:11:49:41,954 WARNING  [psi4.optking.history:301] 	Change in internal coordinate of 2.77e+00 exceeds limit of 5.00e-01.
2025-12-23:11:49:41,954 WARNING  [psi4.optking.history:306] 	Skipping Hessian update for step 2.
2025-12-23:11:49:41,954 WARNING  [psi4.optking.history:301] 	Change in internal coordinate of 2.78e+00 exceeds limit of 5.00e-01.
2025-12-23:11:49:41,954 WARNING  [psi4.optking.history:306] 	Skipping Hessian update for step 1.
2025-12-23:11:49:41,954 INFO     [psi4.optking.history:317] 	Steps to be used in Hessian update:  12 11

2025-12-23:11:49:41,955 INFO     [psi4.optking.history:418] 	Updated Hessian (in au) 
 	   0.057410

2025-12-23:11:49:41,955 INFO     [psi4.optking.molsys:944] Projected (PHP) Hessian matrix
	   0.057410

2025-12-23:11:49:41,955 INFO     [psi4.optking.opt_helper:182] 
	         Geometry (au)                                       Gradient (au)
  -0.0000000000   2.5247344422   0.0000000000		   0.0000000000  -0.0042813062   0.0000000000
   0.0000000000  -2.5247344422   0.0000000000		  -0.0000000000   0.0042813062   0.0000000000

2025-12-23:11:49:41,955 INFO     [psi4.optking.stepAlgorithms:368] 	Current Step Report 
 
	Current energy:      -920.4916464932
	Energy change for the previous step:
		Actual       :        -0.0013569617
		Projected    :        -0.0010304547

2025-12-23:11:49:41,955 INFO     [psi4.optking.stepAlgorithms:371] 	Energy ratio =    1.31686
2025-12-23:11:49:41,955 INFO     [psi4.optking.stepAlgorithms:929] 	Using RFO solution 1.
2025-12-23:11:49:41,955 INFO     [psi4.optking.displace:100] 	Determining Cartesian step for fragment 1.
2025-12-23:11:49:41,955 INFO     [psi4.optking.displace:415] 	Successfully converged to displaced geometry.
2025-12-23:11:49:41,955 INFO     [psi4.optking.displace:416] 	RMS(dx):  0.000e+00 	Max(dx):  0.000e+00 	RMS(dq):  0.000e+00
2025-12-23:11:49:41,955 INFO     [psi4.optking.displace:172] 

	        --- Internal Coordinate Step in ANG or DEG, aJ/ANG or AJ/DEG ---
	-------------------------------------------------------------------------------
	           Coordinate      Previous         Force          Change          New 
	           ----------      --------        ------          ------        ------
	               R(1,2)       2.67206        0.03527        0.03925       2.71131
	-------------------------------------------------------------------------------

2025-12-23:11:49:41,955 INFO     [psi4.optking.stepAlgorithms:113] 	|target step| :    0.0741637870
2025-12-23:11:49:41,955 INFO     [psi4.optking.stepAlgorithms:114] 	gradient     :   -0.0042813062
2025-12-23:11:49:41,955 INFO     [psi4.optking.stepAlgorithms:115] 	hessian      :    0.0574102009
2025-12-23:11:49:41,955 INFO     [psi4.optking.stepAlgorithms:113] 	|target step| :    0.0741637870
2025-12-23:11:49:41,955 INFO     [psi4.optking.stepAlgorithms:114] 	gradient     :   -0.0042813062
2025-12-23:11:49:41,955 INFO     [psi4.optking.stepAlgorithms:115] 	hessian      :    0.0574102009
2025-12-23:11:49:41,955 INFO     [psi4.optking.stepAlgorithms:206] 	Norm of achieved step-size    0.0741637870
2025-12-23:11:49:41,955 INFO     [psi4.optking.stepAlgorithms:208] 	Norm of achieved step-size (cart):    0.0524417167
2025-12-23:11:49:41,956 INFO     [psi4.optking.opt_helper:164] Molsys:

	                            ===> Fragment 1 <== 

	 Z (Atomic Numbers)          Masses                          Geom                  
	      17.000000            34.968853         -0.00000000  2.56181634  0.00000000   
	      17.000000            34.968853          0.00000000 -2.56181634  0.00000000   

	 - Coordinate -           - BOHR/RAD -       - ANG/DEG -
	 R(1,2)           =         5.123633           2.711310

2025-12-23:11:49:41,956 INFO     [psi4.optking.convcheck:76] Performing convergence check.
2025-12-23:11:49:41,956 INFO     [psi4.optking.convcheck:282] 
	                                 ==> Convergence Check <==                                  
    
	Measures of convergence in internal coordinates in au.
    
	Criteria marked as inactive (o), active & met (*), and active & unmet ( ).

	----------------------------------------------------------------------------------------------
	   Step    Total Energy     Delta E     Max Force     RMS Force      Max Disp      RMS Disp   
	----------------------------------------------------------------------------------------------
	  Convergence Criteria     1.00e-06 *    3.00e-04 *             o    1.20e-03 *             o
	----------------------------------------------------------------------------------------------
	    13    -920.49164649   -1.36e-03      4.28e-03      4.28e-03 o    7.42e-02      7.42e-02 o  ~
	----------------------------------------------------------------------------------------------


2025-12-23:11:49:41,956 INFO     [psi4.optking.stepAlgorithms:296] 	Convergence check returned False
2025-12-23:11:49:41,966 INFO     [psi4.driver.task_planner:259] PLANNING Atomic:  keywords={'DAMPING_PERCENTAGE': 1.0, 'GEOM_MAXITER': 500, 'SCF__GUESS': 'READ', 'GUESS': 'SAP', 'MAXITER': 500, 'REFERENCE': 'UKS', 'function_kwargs': {}}
2025-12-23:11:49:41,967 INFO     [psi4.driver.driver:638] Compute gradient(): method=b3lyp, basis=cc-pvdz, molecule=default, nre=56.405292599985664
2025-12-23:11:49:42,572 INFO     [psi4.driver.driver:641] Return gradient(): -920.4918666444868
2025-12-23:11:49:42,573 INFO     [psi4.driver.driver:642] [[ 0.00000000 -0.00176968 -0.00000000]
 [-0.00000000  0.00176968  0.00000000]]
2025-12-23:11:49:42,574 INFO     [psi4.optking.history:269] 	Performing BFGS update.
2025-12-23:11:49:42,574 INFO     [psi4.optking.history:280] 	Using 4 previous steps for update.
2025-12-23:11:49:42,575 WARNING  [psi4.optking.history:301] 	Change in internal coordinate of 7.81e-01 exceeds limit of 5.00e-01.
2025-12-23:11:49:42,575 WARNING  [psi4.optking.history:306] 	Skipping Hessian update for step 10.
2025-12-23:11:49:42,575 WARNING  [psi4.optking.history:301] 	Change in internal coordinate of 1.11e+00 exceeds limit of 5.00e-01.
2025-12-23:11:49:42,575 WARNING  [psi4.optking.history:306] 	Skipping Hessian update for step 9.
2025-12-23:11:49:42,575 WARNING  [psi4.optking.history:301] 	Change in internal coordinate of 1.47e+00 exceeds limit of 5.00e-01.
2025-12-23:11:49:42,575 WARNING  [psi4.optking.history:306] 	Skipping Hessian update for step 8.
2025-12-23:11:49:42,575 WARNING  [psi4.optking.history:301] 	Change in internal coordinate of 1.82e+00 exceeds limit of 5.00e-01.
2025-12-23:11:49:42,575 WARNING  [psi4.optking.history:306] 	Skipping Hessian update for step 7.
2025-12-23:11:49:42,575 WARNING  [psi4.optking.history:301] 	Change in internal coordinate of 2.12e+00 exceeds limit of 5.00e-01.
2025-12-23:11:49:42,575 WARNING  [psi4.optking.history:306] 	Skipping Hessian update for step 6.
2025-12-23:11:49:42,575 WARNING  [psi4.optking.history:301] 	Change in internal coordinate of 2.37e+00 exceeds limit of 5.00e-01.
2025-12-23:11:49:42,575 WARNING  [psi4.optking.history:306] 	Skipping Hessian update for step 5.
2025-12-23:11:49:42,575 WARNING  [psi4.optking.history:301] 	Change in internal coordinate of 2.70e+00 exceeds limit of 5.00e-01.
2025-12-23:11:49:42,575 WARNING  [psi4.optking.history:306] 	Skipping Hessian update for step 4.
2025-12-23:11:49:42,575 WARNING  [psi4.optking.history:301] 	Change in internal coordinate of 2.81e+00 exceeds limit of 5.00e-01.
2025-12-23:11:49:42,575 WARNING  [psi4.optking.history:306] 	Skipping Hessian update for step 3.
2025-12-23:11:49:42,575 WARNING  [psi4.optking.history:301] 	Change in internal coordinate of 2.84e+00 exceeds limit of 5.00e-01.
2025-12-23:11:49:42,575 WARNING  [psi4.optking.history:306] 	Skipping Hessian update for step 2.
2025-12-23:11:49:42,575 WARNING  [psi4.optking.history:301] 	Change in internal coordinate of 2.86e+00 exceeds limit of 5.00e-01.
2025-12-23:11:49:42,575 WARNING  [psi4.optking.history:306] 	Skipping Hessian update for step 1.
2025-12-23:11:49:42,575 INFO     [psi4.optking.history:317] 	Steps to be used in Hessian update:  13 12 11

2025-12-23:11:49:42,575 INFO     [psi4.optking.history:418] 	Updated Hessian (in au) 
 	   0.053833

2025-12-23:11:49:42,575 INFO     [psi4.optking.molsys:944] Projected (PHP) Hessian matrix
	   0.053833

2025-12-23:11:49:42,575 INFO     [psi4.optking.opt_helper:182] 
	         Geometry (au)                                       Gradient (au)
  -0.0000000000   2.5618163357   0.0000000000		   0.0000000000  -0.0017696789  -0.0000000000
   0.0000000000  -2.5618163357   0.0000000000		  -0.0000000000   0.0017696789   0.0000000000

2025-12-23:11:49:42,575 INFO     [psi4.optking.stepAlgorithms:368] 	Current Step Report 
 
	Current energy:      -920.4918666445
	Energy change for the previous step:
		Actual       :        -0.0002201513
		Projected    :        -0.0001587589

2025-12-23:11:49:42,575 INFO     [psi4.optking.stepAlgorithms:371] 	Energy ratio =    1.38670
2025-12-23:11:49:42,575 INFO     [psi4.optking.stepAlgorithms:929] 	Using RFO solution 1.
2025-12-23:11:49:42,576 INFO     [psi4.optking.displace:100] 	Determining Cartesian step for fragment 1.
2025-12-23:11:49:42,576 INFO     [psi4.optking.displace:415] 	Successfully converged to displaced geometry.
2025-12-23:11:49:42,576 INFO     [psi4.optking.displace:416] 	RMS(dx):  0.000e+00 	Max(dx):  0.000e+00 	RMS(dq):  0.000e+00
2025-12-23:11:49:42,576 INFO     [psi4.optking.displace:172] 

	        --- Internal Coordinate Step in ANG or DEG, aJ/ANG or AJ/DEG ---
	-------------------------------------------------------------------------------
	           Coordinate      Previous         Force          Change          New 
	           ----------      --------        ------          ------        ------
	               R(1,2)       2.71131        0.01458        0.01738       2.72869
	-------------------------------------------------------------------------------

2025-12-23:11:49:42,576 INFO     [psi4.optking.stepAlgorithms:113] 	|target step| :    0.0328380677
2025-12-23:11:49:42,576 INFO     [psi4.optking.stepAlgorithms:114] 	gradient     :   -0.0017696789
2025-12-23:11:49:42,576 INFO     [psi4.optking.stepAlgorithms:115] 	hessian      :    0.0538329674
2025-12-23:11:49:42,576 INFO     [psi4.optking.stepAlgorithms:113] 	|target step| :    0.0328380677
2025-12-23:11:49:42,576 INFO     [psi4.optking.stepAlgorithms:114] 	gradient     :   -0.0017696789
2025-12-23:11:49:42,576 INFO     [psi4.optking.stepAlgorithms:115] 	hessian      :    0.0538329674
2025-12-23:11:49:42,576 INFO     [psi4.optking.stepAlgorithms:206] 	Norm of achieved step-size    0.0328380677
2025-12-23:11:49:42,576 INFO     [psi4.optking.stepAlgorithms:208] 	Norm of achieved step-size (cart):    0.0232200203
2025-12-23:11:49:42,576 INFO     [psi4.optking.opt_helper:164] Molsys:

	                            ===> Fragment 1 <== 

	 Z (Atomic Numbers)          Masses                          Geom                  
	      17.000000            34.968853         -0.00000000  2.57823537  0.00000000   
	      17.000000            34.968853          0.00000000 -2.57823537  0.00000000   

	 - Coordinate -           - BOHR/RAD -       - ANG/DEG -
	 R(1,2)           =         5.156471           2.728687

2025-12-23:11:49:42,576 INFO     [psi4.optking.convcheck:76] Performing convergence check.
2025-12-23:11:49:42,576 INFO     [psi4.optking.convcheck:282] 
	                                 ==> Convergence Check <==                                  
    
	Measures of convergence in internal coordinates in au.
    
	Criteria marked as inactive (o), active & met (*), and active & unmet ( ).

	----------------------------------------------------------------------------------------------
	   Step    Total Energy     Delta E     Max Force     RMS Force      Max Disp      RMS Disp   
	----------------------------------------------------------------------------------------------
	  Convergence Criteria     1.00e-06 *    3.00e-04 *             o    1.20e-03 *             o
	----------------------------------------------------------------------------------------------
	    14    -920.49186664   -2.20e-04      1.77e-03      1.77e-03 o    3.28e-02      3.28e-02 o  ~
	----------------------------------------------------------------------------------------------


2025-12-23:11:49:42,576 INFO     [psi4.optking.stepAlgorithms:296] 	Convergence check returned False
2025-12-23:11:49:42,586 INFO     [psi4.driver.task_planner:259] PLANNING Atomic:  keywords={'DAMPING_PERCENTAGE': 1.0, 'GEOM_MAXITER': 500, 'SCF__GUESS': 'READ', 'GUESS': 'SAP', 'MAXITER': 500, 'REFERENCE': 'UKS', 'function_kwargs': {}}
2025-12-23:11:49:42,587 INFO     [psi4.driver.driver:638] Compute gradient(): method=b3lyp, basis=cc-pvdz, molecule=default, nre=56.0460855164427
2025-12-23:11:49:43,219 INFO     [psi4.driver.driver:641] Return gradient(): -920.4919075311132
2025-12-23:11:49:43,219 INFO     [psi4.driver.driver:642] [[ 0.00000000 -0.00078485  0.00000000]
 [-0.00000000  0.00078485  0.00000000]]
2025-12-23:11:49:43,221 INFO     [psi4.optking.history:269] 	Performing BFGS update.
2025-12-23:11:49:43,221 INFO     [psi4.optking.history:280] 	Using 4 previous steps for update.
2025-12-23:11:49:43,221 WARNING  [psi4.optking.history:301] 	Change in internal coordinate of 5.21e-01 exceeds limit of 5.00e-01.
2025-12-23:11:49:43,221 WARNING  [psi4.optking.history:306] 	Skipping Hessian update for step 11.
2025-12-23:11:49:43,221 WARNING  [psi4.optking.history:301] 	Change in internal coordinate of 8.14e-01 exceeds limit of 5.00e-01.
2025-12-23:11:49:43,221 WARNING  [psi4.optking.history:306] 	Skipping Hessian update for step 10.
2025-12-23:11:49:43,221 WARNING  [psi4.optking.history:301] 	Change in internal coordinate of 1.14e+00 exceeds limit of 5.00e-01.
2025-12-23:11:49:43,221 WARNING  [psi4.optking.history:306] 	Skipping Hessian update for step 9.
2025-12-23:11:49:43,221 WARNING  [psi4.optking.history:301] 	Change in internal coordinate of 1.51e+00 exceeds limit of 5.00e-01.
2025-12-23:11:49:43,221 WARNING  [psi4.optking.history:306] 	Skipping Hessian update for step 8.
2025-12-23:11:49:43,221 WARNING  [psi4.optking.history:301] 	Change in internal coordinate of 1.85e+00 exceeds limit of 5.00e-01.
2025-12-23:11:49:43,221 WARNING  [psi4.optking.history:306] 	Skipping Hessian update for step 7.
2025-12-23:11:49:43,221 WARNING  [psi4.optking.history:301] 	Change in internal coordinate of 2.15e+00 exceeds limit of 5.00e-01.
2025-12-23:11:49:43,221 WARNING  [psi4.optking.history:306] 	Skipping Hessian update for step 6.
2025-12-23:11:49:43,221 WARNING  [psi4.optking.history:301] 	Change in internal coordinate of 2.40e+00 exceeds limit of 5.00e-01.
2025-12-23:11:49:43,221 WARNING  [psi4.optking.history:306] 	Skipping Hessian update for step 5.
2025-12-23:11:49:43,221 WARNING  [psi4.optking.history:301] 	Change in internal coordinate of 2.73e+00 exceeds limit of 5.00e-01.
2025-12-23:11:49:43,221 WARNING  [psi4.optking.history:306] 	Skipping Hessian update for step 4.
2025-12-23:11:49:43,221 WARNING  [psi4.optking.history:301] 	Change in internal coordinate of 2.84e+00 exceeds limit of 5.00e-01.
2025-12-23:11:49:43,221 WARNING  [psi4.optking.history:306] 	Skipping Hessian update for step 3.
2025-12-23:11:49:43,221 WARNING  [psi4.optking.history:301] 	Change in internal coordinate of 2.87e+00 exceeds limit of 5.00e-01.
2025-12-23:11:49:43,221 WARNING  [psi4.optking.history:306] 	Skipping Hessian update for step 2.
2025-12-23:11:49:43,221 WARNING  [psi4.optking.history:301] 	Change in internal coordinate of 2.89e+00 exceeds limit of 5.00e-01.
2025-12-23:11:49:43,221 WARNING  [psi4.optking.history:306] 	Skipping Hessian update for step 1.
2025-12-23:11:49:43,221 INFO     [psi4.optking.history:317] 	Steps to be used in Hessian update:  14 13 12

2025-12-23:11:49:43,222 INFO     [psi4.optking.history:418] 	Updated Hessian (in au) 
 	   0.039788

2025-12-23:11:49:43,222 INFO     [psi4.optking.molsys:944] Projected (PHP) Hessian matrix
	   0.039788

2025-12-23:11:49:43,222 INFO     [psi4.optking.opt_helper:182] 
	         Geometry (au)                                       Gradient (au)
  -0.0000000000   2.5782353695   0.0000000000		   0.0000000000  -0.0007848492   0.0000000000
   0.0000000000  -2.5782353695   0.0000000000		  -0.0000000000   0.0007848492   0.0000000000

2025-12-23:11:49:43,222 INFO     [psi4.optking.stepAlgorithms:368] 	Current Step Report 
 
	Current energy:      -920.4919075311
	Energy change for the previous step:
		Actual       :        -0.0000408866
		Projected    :        -0.0000290564

2025-12-23:11:49:43,222 INFO     [psi4.optking.stepAlgorithms:371] 	Energy ratio =    1.40715
2025-12-23:11:49:43,222 INFO     [psi4.optking.stepAlgorithms:929] 	Using RFO solution 1.
2025-12-23:11:49:43,222 INFO     [psi4.optking.displace:100] 	Determining Cartesian step for fragment 1.
2025-12-23:11:49:43,222 INFO     [psi4.optking.displace:415] 	Successfully converged to displaced geometry.
2025-12-23:11:49:43,222 INFO     [psi4.optking.displace:416] 	RMS(dx):  0.000e+00 	Max(dx):  0.000e+00 	RMS(dq):  0.000e+00
2025-12-23:11:49:43,222 INFO     [psi4.optking.displace:172] 

	        --- Internal Coordinate Step in ANG or DEG, aJ/ANG or AJ/DEG ---
	-------------------------------------------------------------------------------
	           Coordinate      Previous         Force          Change          New 
	           ----------      --------        ------          ------        ------
	               R(1,2)       2.72869        0.00647        0.01043       2.73912
	-------------------------------------------------------------------------------

2025-12-23:11:49:43,222 INFO     [psi4.optking.stepAlgorithms:113] 	|target step| :    0.0197183473
2025-12-23:11:49:43,222 INFO     [psi4.optking.stepAlgorithms:114] 	gradient     :   -0.0007848492
2025-12-23:11:49:43,222 INFO     [psi4.optking.stepAlgorithms:115] 	hessian      :    0.0397875163
2025-12-23:11:49:43,222 INFO     [psi4.optking.stepAlgorithms:113] 	|target step| :    0.0197183473
2025-12-23:11:49:43,222 INFO     [psi4.optking.stepAlgorithms:114] 	gradient     :   -0.0007848492
2025-12-23:11:49:43,222 INFO     [psi4.optking.stepAlgorithms:115] 	hessian      :    0.0397875163
2025-12-23:11:49:43,222 INFO     [psi4.optking.stepAlgorithms:206] 	Norm of achieved step-size    0.0197183473
2025-12-23:11:49:43,222 INFO     [psi4.optking.stepAlgorithms:208] 	Norm of achieved step-size (cart):    0.0139429771
2025-12-23:11:49:43,223 INFO     [psi4.optking.opt_helper:164] Molsys:

	                            ===> Fragment 1 <== 

	 Z (Atomic Numbers)          Masses                          Geom                  
	      17.000000            34.968853         -0.00000000  2.58809454  0.00000000   
	      17.000000            34.968853          0.00000000 -2.58809454  0.00000000   

	 - Coordinate -           - BOHR/RAD -       - ANG/DEG -
	 R(1,2)           =         5.176189           2.739121

2025-12-23:11:49:43,223 INFO     [psi4.optking.convcheck:76] Performing convergence check.
2025-12-23:11:49:43,223 INFO     [psi4.optking.convcheck:282] 
	                                 ==> Convergence Check <==                                  
    
	Measures of convergence in internal coordinates in au.
    
	Criteria marked as inactive (o), active & met (*), and active & unmet ( ).

	----------------------------------------------------------------------------------------------
	   Step    Total Energy     Delta E     Max Force     RMS Force      Max Disp      RMS Disp   
	----------------------------------------------------------------------------------------------
	  Convergence Criteria     1.00e-06 *    3.00e-04 *             o    1.20e-03 *             o
	----------------------------------------------------------------------------------------------
	    15    -920.49190753   -4.09e-05      7.85e-04      7.85e-04 o    1.97e-02      1.97e-02 o  ~
	----------------------------------------------------------------------------------------------


2025-12-23:11:49:43,223 INFO     [psi4.optking.stepAlgorithms:296] 	Convergence check returned False
2025-12-23:11:49:43,233 INFO     [psi4.driver.task_planner:259] PLANNING Atomic:  keywords={'DAMPING_PERCENTAGE': 1.0, 'GEOM_MAXITER': 500, 'SCF__GUESS': 'READ', 'GUESS': 'SAP', 'MAXITER': 500, 'REFERENCE': 'UKS', 'function_kwargs': {}}
2025-12-23:11:49:43,234 INFO     [psi4.driver.driver:638] Compute gradient(): method=b3lyp, basis=cc-pvdz, molecule=default, nre=55.83258168985436
2025-12-23:11:49:43,855 INFO     [psi4.driver.driver:641] Return gradient(): -920.4919169472931
2025-12-23:11:49:43,855 INFO     [psi4.driver.driver:642] [[ 0.00000000 -0.00022854  0.00000000]
 [-0.00000000  0.00022854  0.00000000]]
2025-12-23:11:49:43,857 INFO     [psi4.optking.history:269] 	Performing BFGS update.
2025-12-23:11:49:43,857 INFO     [psi4.optking.history:280] 	Using 4 previous steps for update.
2025-12-23:11:49:43,857 INFO     [psi4.optking.history:317] 	Steps to be used in Hessian update:  15 14 13 12

2025-12-23:11:49:43,857 INFO     [psi4.optking.history:418] 	Updated Hessian (in au) 
 	   0.039026

2025-12-23:11:49:43,857 INFO     [psi4.optking.molsys:944] Projected (PHP) Hessian matrix
	   0.039026

2025-12-23:11:49:43,858 INFO     [psi4.optking.opt_helper:182] 
	         Geometry (au)                                       Gradient (au)
  -0.0000000000   2.5880945431   0.0000000000		   0.0000000000  -0.0002285429   0.0000000000
   0.0000000000  -2.5880945431   0.0000000000		  -0.0000000000   0.0002285429   0.0000000000

2025-12-23:11:49:43,858 INFO     [psi4.optking.stepAlgorithms:368] 	Current Step Report 
 
	Current energy:      -920.4919169473
	Energy change for the previous step:
		Actual       :        -0.0000094162
		Projected    :        -0.0000077380

2025-12-23:11:49:43,858 INFO     [psi4.optking.stepAlgorithms:371] 	Energy ratio =    1.21688
2025-12-23:11:49:43,858 INFO     [psi4.optking.stepAlgorithms:929] 	Using RFO solution 1.
2025-12-23:11:49:43,858 INFO     [psi4.optking.displace:100] 	Determining Cartesian step for fragment 1.
2025-12-23:11:49:43,858 INFO     [psi4.optking.displace:415] 	Successfully converged to displaced geometry.
2025-12-23:11:49:43,858 INFO     [psi4.optking.displace:416] 	RMS(dx):  0.000e+00 	Max(dx):  0.000e+00 	RMS(dq):  0.000e+00
2025-12-23:11:49:43,858 INFO     [psi4.optking.displace:172] 

	        --- Internal Coordinate Step in ANG or DEG, aJ/ANG or AJ/DEG ---
	-------------------------------------------------------------------------------
	           Coordinate      Previous         Force          Change          New 
	           ----------      --------        ------          ------        ------
	               R(1,2)       2.73912        0.00188        0.00310       2.74222
	-------------------------------------------------------------------------------

2025-12-23:11:49:43,858 INFO     [psi4.optking.stepAlgorithms:113] 	|target step| :    0.0058560119
2025-12-23:11:49:43,858 INFO     [psi4.optking.stepAlgorithms:114] 	gradient     :   -0.0002285429
2025-12-23:11:49:43,858 INFO     [psi4.optking.stepAlgorithms:115] 	hessian      :    0.0390257176
2025-12-23:11:49:43,858 INFO     [psi4.optking.stepAlgorithms:113] 	|target step| :    0.0058560119
2025-12-23:11:49:43,858 INFO     [psi4.optking.stepAlgorithms:114] 	gradient     :   -0.0002285429
2025-12-23:11:49:43,858 INFO     [psi4.optking.stepAlgorithms:115] 	hessian      :    0.0390257176
2025-12-23:11:49:43,858 INFO     [psi4.optking.stepAlgorithms:206] 	Norm of achieved step-size    0.0058560119
2025-12-23:11:49:43,858 INFO     [psi4.optking.stepAlgorithms:208] 	Norm of achieved step-size (cart):    0.0041408257
2025-12-23:11:49:43,858 INFO     [psi4.optking.opt_helper:164] Molsys:

	                            ===> Fragment 1 <== 

	 Z (Atomic Numbers)          Masses                          Geom                  
	      17.000000            34.968853         -0.00000000  2.59102255  0.00000000   
	      17.000000            34.968853          0.00000000 -2.59102255  0.00000000   

	 - Coordinate -           - BOHR/RAD -       - ANG/DEG -
	 R(1,2)           =         5.182045           2.742220

2025-12-23:11:49:43,859 INFO     [psi4.optking.convcheck:76] Performing convergence check.
2025-12-23:11:49:43,859 INFO     [psi4.optking.convcheck:282] 
	                                 ==> Convergence Check <==                                  
    
	Measures of convergence in internal coordinates in au.
    
	Criteria marked as inactive (o), active & met (*), and active & unmet ( ).

	----------------------------------------------------------------------------------------------
	   Step    Total Energy     Delta E     Max Force     RMS Force      Max Disp      RMS Disp   
	----------------------------------------------------------------------------------------------
	  Convergence Criteria     1.00e-06 *    3.00e-04 *             o    1.20e-03 *             o
	----------------------------------------------------------------------------------------------
	    16    -920.49191695   -9.42e-06      2.29e-04 *    2.29e-04 o    5.86e-03      5.86e-03 o  ~
	----------------------------------------------------------------------------------------------


2025-12-23:11:49:43,859 INFO     [psi4.optking.stepAlgorithms:296] 	Convergence check returned False
2025-12-23:11:49:43,869 INFO     [psi4.driver.task_planner:259] PLANNING Atomic:  keywords={'DAMPING_PERCENTAGE': 1.0, 'GEOM_MAXITER': 500, 'SCF__GUESS': 'READ', 'GUESS': 'SAP', 'MAXITER': 500, 'REFERENCE': 'UKS', 'function_kwargs': {}}
2025-12-23:11:49:43,870 INFO     [psi4.driver.driver:638] Compute gradient(): method=b3lyp, basis=cc-pvdz, molecule=default, nre=55.769487630214975
2025-12-23:11:49:44,497 INFO     [psi4.driver.driver:641] Return gradient(): -920.4919176545645
2025-12-23:11:49:44,497 INFO     [psi4.driver.driver:642] [[ 0.00000000 -0.00006822 -0.00000000]
 [-0.00000000  0.00006822  0.00000000]]
2025-12-23:11:49:44,499 INFO     [psi4.optking.history:269] 	Performing BFGS update.
2025-12-23:11:49:44,499 INFO     [psi4.optking.history:280] 	Using 4 previous steps for update.
2025-12-23:11:49:44,499 INFO     [psi4.optking.history:317] 	Steps to be used in Hessian update:  16 15 14 13

2025-12-23:11:49:44,499 INFO     [psi4.optking.history:418] 	Updated Hessian (in au) 
 	   0.031779

2025-12-23:11:49:44,499 INFO     [psi4.optking.molsys:944] Projected (PHP) Hessian matrix
	   0.031779

2025-12-23:11:49:44,499 INFO     [psi4.optking.opt_helper:182] 
	         Geometry (au)                                       Gradient (au)
  -0.0000000000   2.5910225491   0.0000000000		   0.0000000000  -0.0000682212  -0.0000000000
   0.0000000000  -2.5910225491   0.0000000000		  -0.0000000000   0.0000682212   0.0000000000

2025-12-23:11:49:44,499 INFO     [psi4.optking.stepAlgorithms:368] 	Current Step Report 
 
	Current energy:      -920.4919176546
	Energy change for the previous step:
		Actual       :        -0.0000007073
		Projected    :        -0.0000006692

2025-12-23:11:49:44,499 INFO     [psi4.optking.stepAlgorithms:371] 	Energy ratio =    1.05693
2025-12-23:11:49:44,500 INFO     [psi4.optking.stepAlgorithms:929] 	Using RFO solution 1.
2025-12-23:11:49:44,500 INFO     [psi4.optking.displace:100] 	Determining Cartesian step for fragment 1.
2025-12-23:11:49:44,500 INFO     [psi4.optking.displace:415] 	Successfully converged to displaced geometry.
2025-12-23:11:49:44,500 INFO     [psi4.optking.displace:416] 	RMS(dx):  0.000e+00 	Max(dx):  0.000e+00 	RMS(dq):  0.000e+00
2025-12-23:11:49:44,500 INFO     [psi4.optking.displace:172] 

	        --- Internal Coordinate Step in ANG or DEG, aJ/ANG or AJ/DEG ---
	-------------------------------------------------------------------------------
	           Coordinate      Previous         Force          Change          New 
	           ----------      --------        ------          ------        ------
	               R(1,2)       2.74222        0.00056        0.00114       2.74336
	-------------------------------------------------------------------------------

2025-12-23:11:49:44,500 INFO     [psi4.optking.stepAlgorithms:113] 	|target step| :    0.0021467563
2025-12-23:11:49:44,500 INFO     [psi4.optking.stepAlgorithms:114] 	gradient     :   -0.0000682212
2025-12-23:11:49:44,500 INFO     [psi4.optking.stepAlgorithms:115] 	hessian      :    0.0317785892
2025-12-23:11:49:44,500 INFO     [psi4.optking.stepAlgorithms:113] 	|target step| :    0.0021467563
2025-12-23:11:49:44,500 INFO     [psi4.optking.stepAlgorithms:114] 	gradient     :   -0.0000682212
2025-12-23:11:49:44,500 INFO     [psi4.optking.stepAlgorithms:115] 	hessian      :    0.0317785892
2025-12-23:11:49:44,500 INFO     [psi4.optking.stepAlgorithms:206] 	Norm of achieved step-size    0.0021467563
2025-12-23:11:49:44,500 INFO     [psi4.optking.stepAlgorithms:208] 	Norm of achieved step-size (cart):    0.0015179859
2025-12-23:11:49:44,500 INFO     [psi4.optking.opt_helper:164] Molsys:

	                            ===> Fragment 1 <== 

	 Z (Atomic Numbers)          Masses                          Geom                  
	      17.000000            34.968853         -0.00000000  2.59209593  0.00000000   
	      17.000000            34.968853          0.00000000 -2.59209593  0.00000000   

	 - Coordinate -           - BOHR/RAD -       - ANG/DEG -
	 R(1,2)           =         5.184192           2.743356

2025-12-23:11:49:44,501 INFO     [psi4.optking.convcheck:76] Performing convergence check.
2025-12-23:11:49:44,501 INFO     [psi4.optking.convcheck:282] 
	                                 ==> Convergence Check <==                                  
    
	Measures of convergence in internal coordinates in au.
    
	Criteria marked as inactive (o), active & met (*), and active & unmet ( ).

	----------------------------------------------------------------------------------------------
	   Step    Total Energy     Delta E     Max Force     RMS Force      Max Disp      RMS Disp   
	----------------------------------------------------------------------------------------------
	  Convergence Criteria     1.00e-06 *    3.00e-04 *             o    1.20e-03 *             o
	----------------------------------------------------------------------------------------------
	    17    -920.49191765   -7.07e-07 *    6.82e-05 *    6.82e-05 o    2.15e-03      2.15e-03 o  ~
	----------------------------------------------------------------------------------------------


2025-12-23:11:49:44,501 INFO     [psi4.optking.convcheck:206] 
	                      ===> Final Convergence Report <===                     

	----------------------------------------------------------------------------
	|   Required Criteria    |  One or More Criteria  |   Alternate Criteria   |
	----------------------------------------------------------------------------
	| [x]     max_force      | [x]       max_DE       |                        |
	|                        | [ ]      max_disp      |                        |
	----------------------------------------------------------------------------


2025-12-23:11:49:44,501 INFO     [psi4.optking.stepAlgorithms:296] 	Convergence check returned True
2025-12-23:11:49:44,501 INFO     [psi4.optking.optimize:332] 	Converged in 17 steps!
2025-12-23:11:49:44,501 INFO     [psi4.optking.optimize:333] 	Final energy is   -920.4919176545645
2025-12-23:11:49:44,501 INFO     [psi4.optking.optimize:334] 	Final structure (Angstroms): 
	Fragment 1 (Ang)

	   Cl  -0.0000000000   1.3716780926   0.0000000000
	   Cl   0.0000000000  -1.3716780926   0.0000000000


2025-12-23:11:49:44,502 INFO     [psi4.optking.optimize:562] 	Optimization Finished

	==> Optimization Summary <==

        
	Measures of convergence in internal coordinates in au. (Any backward steps not shown.)
        
	---------------------------------------------------------------------------------------------------------------  ~
        
	 Step         Total Energy             Delta E       MAX Force       RMS Force        MAX Disp        RMS Disp   ~
        
	---------------------------------------------------------------------------------------------------------------  ~
        
	     1    -918.827445182832   -918.827445182832      3.41957773      3.41957773      0.01569508      0.01569508  ~
	     2    -918.880178101807     -0.052732918975      3.30075850      3.30075850      0.03027914      0.03027914  ~
	     3    -918.976796585945     -0.096618484138      3.08360586      3.08360586      0.11183582      0.11183582  ~
	     4    -919.282015417274     -0.305218831329      2.40503296      2.40503296      0.33269092      0.33269092  ~
	     5    -919.854907387990     -0.572891970716      1.19918391      1.19918391      0.24854389      0.24854389  ~
	     6    -920.091968605791     -0.237061217800      0.74967152      0.74967152      0.30117274      0.30117274  ~
	     7    -920.266731501860     -0.174762896069      0.44049247      0.44049247      0.34334651      0.34334651  ~
	     8    -920.380496339124     -0.113764837264      0.24100433      0.24100433      0.36080317      0.36080317  ~
	     9    -920.443946263431     -0.063449924308      0.12209433      0.12209433      0.33009767      0.33009767  ~
	    10    -920.473095212614     -0.029148949183      0.06019426      0.06019426      0.29337320      0.29337320  ~
	    11    -920.485625896792     -0.012530684177      0.02804680      0.02804680      0.24107583      0.24107583  ~
	    12    -920.490289531461     -0.004663634669      0.01192079      0.01192079      0.17288356      0.17288356  ~
	    13    -920.491646493166     -0.001356961705      0.00428131      0.00428131      0.07416379      0.07416379  ~
	    14    -920.491866644487     -0.000220151320      0.00176968      0.00176968      0.03283807      0.03283807  ~
	    15    -920.491907531113     -0.000040886626      0.00078485      0.00078485      0.01971835      0.01971835  ~
	    16    -920.491916947293     -0.000009416180      0.00022854      0.00022854      0.00585601      0.00585601  ~
	    17    -920.491917654565     -0.000000707271      0.00006822      0.00006822      0.00214676      0.00214676  ~
	----------------------------------------------------------------------------------------------------------------


2025-12-23:11:49:44,502 INFO     [psi4.optking.optimize:806] Preparing OptimizationResult
