2025-12-23:10:39:53,197 WARNING  [psi4.optking:38] Some dependencies such as QCElemental have not yet finished migration to pydantic v2. If issues are encountered please downgrade pydantic or upgrade QCElemental as appropriate
2025-12-23:10:39:53,361 INFO     [psi4.optking.optwrapper:234] Creating a UserComputer
2025-12-23:10:39:53,361 INFO     [psi4.optking.optwrapper:242] 
    			-----------------------------------------

    			 OPTKING 3.0: for geometry optimizations 

    			     By R.A. King, Bethel University     

    			        with contributions from          

    			    A.V. Copan, J. Cayton, A. Heide      

    			-----------------------------------------

    
2025-12-23:10:39:53,361 INFO     [psi4.optking.optwrapper:272] 
		 -- Optimization Parameters --
	GEOM_MAXITER                   =             500
	ALG_GEOM_MAXITER               =              50
	PRINT                          =               1
	OPT_TYPE                       =             MIN
	STEP_TYPE                      =             RFO
	PROGRAM                        =            PSI4
	STEEPEST_DESCENT_TYPE          =         OVERLAP
	CONJUGATE_GRADIENT_TYPE        =        FLETCHER
	OPT_COORDINATES                =        INTERNAL
	RFO_FOLLOW_ROOT                =           False
	RFO_ROOT                       =               0
	ACCEPT_SYMMETRY_BREAKING       =           False
	DYNAMIC_LVL                    =               0
	DYNAMIC_LVL_MAX                =               0
	IRC_STEP_SIZE                  =             0.2
	IRC_DIRECTION                  =         FORWARD
	IRC_POINTS                     =              20
	IRC_MODE                       =          NORMAL
	IRC_CONVERGENCE                =            -0.7
	INTRAFRAG_STEP_LIMIT           =             0.5
	INTRAFRAG_STEP_LIMIT_MIN       =           0.001
	INTRAFRAG_STEP_LIMIT_MAX       =             1.0
	INTERFRAG_STEP_LIMIT           =             0.5
	INTERFRAG_STEP_LIMIT_MIN       =           0.001
	INTERFRAG_STEP_LIMIT_MAX       =             1.0
	ENSURE_BT_CONVERGENCE          =           False
	SIMPLE_STEP_SCALING            =           False
	CONSECUTIVE_BACKSTEPS          =               0
	RFO_NORMALIZATION_MAX          =             100
	RSRFO_ALPHA_MAX                =     100000000.0
	PRINT_TRAJECTORY_XYZ_FILE      =           False
	WRITE_TRAJECTORY               =           False
	FROZEN_DISTANCE                =                
	FROZEN_BEND                    =                
	FROZEN_DIHEDRAL                =                
	FROZEN_OOFP                    =                
	FROZEN_CARTESIAN               =                
	FREEZE_ALL_DIHEDRALS           =           False
	UNFREEZE_DIHEDRALS             =                
	RANGED_DISTANCE                =                
	RANGED_BEND                    =                
	RANGED_DIHEDRAL                =                
	RANGED_OOFP                    =                
	RANGED_CARTESIAN               =                
	EXT_FORCE_DISTANCE             =                
	EXT_FORCE_BEND                 =                
	EXT_FORCE_DIHEDRAL             =                
	EXT_FORCE_OOFP                 =                
	EXT_FORCE_CARTESIAN            =                
	G_CONVERGENCE                  =           QCHEM
	MAX_FORCE_G_CONVERGENCE        =          0.0003
	RMS_FORCE_G_CONVERGENCE        =          0.0003
	MAX_ENERGY_G_CONVERGENCE       =           1e-06
	MAX_DISP_G_CONVERGENCE         =          0.0012
	RMS_DISP_G_CONVERGENCE         =          0.0012
	FLEXIBLE_G_CONVERGENCE         =           False
	HESS_UPDATE                    =            BFGS
	HESS_UPDATE_USE_LAST           =               4
	HESS_UPDATE_LIMIT              =            True
	HESS_UPDATE_LIMIT_MAX          =             1.0
	HESS_UPDATE_LIMIT_SCALE        =             0.5
	HESS_UPDATE_DEN_TOL            =           1e-07
	HESS_UPDATE_DQ_TOL             =             0.5
	CART_HESS_READ                 =           False
	HESSIAN_FILE                   =               .
	FULL_HESS_EVERY                =              -1
	INTRAFRAG_HESS                 =        SCHLEGEL
	H_GUESS_EVERY                  =           False
	BT_MAX_ITER                    =              25
	BT_DX_CONV                     =           1e-07
	BT_DX_RMS_CHANGE_CONV          =           1e-12
	BT_PINV_RCOND                  =           1e-06
	FRAG_MODE                      =          SINGLE
	FRAG_REF_ATOMS                 =              []
	FREEZE_INTRAFRAG               =           False
	INTERFRAG_MODE                 =           FIXED
	ADD_AUXILIARY_BONDS            =           False
	AUXILIARY_BOND_FACTOR          =             2.5
	INTERFRAG_DIST_INV             =           False
	INTERFRAG_COLLINEAR_TOL        =            0.01
	INTERFRAG_COORDS               =              []
	INTERFRAG_HESS                 =         DEFAULT
	COVALENT_CONNECT               =             1.3
	INTERFRAGMENT_CONNECT          =             1.8
	H_BOND_CONNECT                 =             4.3
	INCLUDE_OOFP                   =           False
	TEST_B                         =           False
	TEST_DERIVATIVE_B              =           False
	LINESEARCH_STEP                =             0.1
	LINESEARCH                     =           False
	SD_HESSIAN                     =             1.0
	FIX_VAL_NEAR_PI                =            1.57
	V3D_TORS_ANGLE_LIM             =           0.017
	V3D_TORS_COS_TOL               =           1e-10
	LINEAR_BEND_THRESHOLD          =            3.05
	SMALL_BEND_FIX_THRESHOLD       =            0.35
	REDUNDANT_EVAL_TOL             =           1e-10
	LINEAR_ALGEBRA_TOL             =           1e-10


2025-12-23:10:39:53,493 INFO     [psi4.optking.opt_helper:164] Molsys:

	                            ===> Fragment 1 <== 

	 Z (Atomic Numbers)          Masses                          Geom                  
	       3.000000             7.016003          0.00000000  0.00000000  1.57626087   
	       8.000000            15.994915          0.00000000  0.00000000 -0.69141048   

	 - Coordinate -           - BOHR/RAD -       - ANG/DEG -
	 R(1,2)           =         2.267671           1.200000

2025-12-23:10:39:53,502 INFO     [psi4.driver.task_planner:259] PLANNING Atomic:  keywords={'DAMPING_PERCENTAGE': 1.0, 'GEOM_MAXITER': 500, 'GUESS': 'SAP', 'MAXITER': 500, 'REFERENCE': 'UKS', 'function_kwargs': {}}
2025-12-23:10:39:53,504 INFO     [psi4.driver.driver:638] Compute gradient(): method=b3lyp, basis=cc-pvdz, molecule=default, nre=10.583544213400002
2025-12-23:10:39:53,911 INFO     [psi4.driver.driver:641] Return gradient(): -82.35000306202589
2025-12-23:10:39:53,911 INFO     [psi4.driver.driver:642] [[ 0.00000000  0.00000000 -0.43741567]
 [-0.00000000  0.00000000  0.43750260]]
2025-12-23:10:39:53,913 INFO     [psi4.optking.molsys:944] Projected (PHP) Hessian matrix
	   1.048231

2025-12-23:10:39:53,913 INFO     [psi4.optking.opt_helper:182] 
	         Geometry (au)                                       Gradient (au)
   0.0000000000   0.0000000000   1.5762608666		   0.0000000000   0.0000000000  -0.4374156744
   0.0000000000   0.0000000000  -0.6914104839		  -0.0000000000   0.0000000000   0.4375025969

2025-12-23:10:39:53,913 INFO     [psi4.optking.stepAlgorithms:929] 	Using RFO solution 1.
2025-12-23:10:39:53,913 INFO     [psi4.optking.displace:100] 	Determining Cartesian step for fragment 1.
2025-12-23:10:39:53,913 INFO     [psi4.optking.displace:415] 	Successfully converged to displaced geometry.
2025-12-23:10:39:53,913 INFO     [psi4.optking.displace:416] 	RMS(dx):  0.000e+00 	Max(dx):  0.000e+00 	RMS(dq):  0.000e+00
2025-12-23:10:39:53,913 INFO     [psi4.optking.displace:172] 

	        --- Internal Coordinate Step in ANG or DEG, aJ/ANG or AJ/DEG ---
	-------------------------------------------------------------------------------
	           Coordinate      Previous         Force          Change          New 
	           ----------      --------        ------          ------        ------
	               R(1,2)       1.20000        3.60410        0.19182       1.39182
	-------------------------------------------------------------------------------

2025-12-23:10:39:53,913 INFO     [psi4.optking.stepAlgorithms:113] 	|target step| :    0.3624931536
2025-12-23:10:39:53,913 INFO     [psi4.optking.stepAlgorithms:114] 	gradient     :   -0.4374591357
2025-12-23:10:39:53,913 INFO     [psi4.optking.stepAlgorithms:115] 	hessian      :    1.0482306732
2025-12-23:10:39:53,913 INFO     [psi4.optking.stepAlgorithms:113] 	|target step| :    0.3624931536
2025-12-23:10:39:53,913 INFO     [psi4.optking.stepAlgorithms:114] 	gradient     :   -0.4374591357
2025-12-23:10:39:53,914 INFO     [psi4.optking.stepAlgorithms:115] 	hessian      :    1.0482306732
2025-12-23:10:39:53,914 INFO     [psi4.optking.stepAlgorithms:206] 	Norm of achieved step-size    0.3624931536
2025-12-23:10:39:53,914 INFO     [psi4.optking.stepAlgorithms:208] 	Norm of achieved step-size (cart):    0.2563213671
2025-12-23:10:39:53,914 INFO     [psi4.optking.opt_helper:164] Molsys:

	                            ===> Fragment 1 <== 

	 Z (Atomic Numbers)          Masses                          Geom                  
	       3.000000             7.016003          0.00000000  0.00000000  1.75750744   
	       8.000000            15.994915          0.00000000  0.00000000 -0.87265706   

	 - Coordinate -           - BOHR/RAD -       - ANG/DEG -
	 R(1,2)           =         2.630165           1.391823

2025-12-23:10:39:53,914 INFO     [psi4.optking.convcheck:76] Performing convergence check.
2025-12-23:10:39:53,914 INFO     [psi4.optking.convcheck:282] 
	                                 ==> Convergence Check <==                                  
    
	Measures of convergence in internal coordinates in au.
    
	Criteria marked as inactive (o), active & met (*), and active & unmet ( ).

	----------------------------------------------------------------------------------------------~
	   Step    Total Energy     Delta E     Max Force     RMS Force      Max Disp      RMS Disp   ~
	----------------------------------------------------------------------------------------------~
	  Convergence Criteria     1.00e-06 *    3.00e-04 *             o    1.20e-03 *             o~
	----------------------------------------------------------------------------------------------~
	     1     -82.35000306   -8.24e+01      4.37e-01      4.37e-01 o    3.62e-01      3.62e-01 o  ~
	----------------------------------------------------------------------------------------------


2025-12-23:10:39:53,914 INFO     [psi4.optking.stepAlgorithms:296] 	Convergence check returned False
2025-12-23:10:39:53,924 INFO     [psi4.driver.task_planner:259] PLANNING Atomic:  keywords={'DAMPING_PERCENTAGE': 1.0, 'GEOM_MAXITER': 500, 'SCF__GUESS': 'READ', 'GUESS': 'SAP', 'MAXITER': 500, 'REFERENCE': 'UKS', 'function_kwargs': {}}
2025-12-23:10:39:53,925 INFO     [psi4.driver.driver:638] Compute gradient(): method=b3lyp, basis=cc-pvdz, molecule=default, nre=9.124904530449822
2025-12-23:10:39:54,287 INFO     [psi4.driver.driver:641] Return gradient(): -82.4572178473151
2025-12-23:10:39:54,287 INFO     [psi4.driver.driver:642] [[ 0.00000000  0.00000000 -0.18806762]
 [ 0.00000000 -0.00000000  0.18813006]]
2025-12-23:10:39:54,289 INFO     [psi4.optking.history:269] 	Performing BFGS update.
2025-12-23:10:39:54,289 INFO     [psi4.optking.history:280] 	Using 1 previous steps for update.
2025-12-23:10:39:54,289 INFO     [psi4.optking.history:317] 	Steps to be used in Hessian update:  1

2025-12-23:10:39:54,289 INFO     [psi4.optking.history:418] 	Updated Hessian (in au) 
 	   0.687903

2025-12-23:10:39:54,289 INFO     [psi4.optking.molsys:944] Projected (PHP) Hessian matrix
	   0.687903

2025-12-23:10:39:54,289 INFO     [psi4.optking.opt_helper:182] 
	         Geometry (au)                                       Gradient (au)
   0.0000000000   0.0000000000   1.8282302591		   0.0000000000   0.0000000000  -0.1880676161
   0.0000000000   0.0000000000  -0.8019342451		   0.0000000000  -0.0000000000   0.1881300635

2025-12-23:10:39:54,290 INFO     [psi4.optking.stepAlgorithms:368] 	Current Step Report 
 
	Current energy:       -82.4572178473
	Energy change for the previous step:
		Actual       :        -0.1072147853
		Projected    :        -0.0792879708

2025-12-23:10:39:54,290 INFO     [psi4.optking.stepAlgorithms:371] 	Energy ratio =    1.35222
2025-12-23:10:39:54,290 INFO     [psi4.optking.stepAlgorithms:399] 	Energy ratio indicates good step.
2025-12-23:10:39:54,290 INFO     [psi4.optking.stepAlgorithms:400] 	Intrafrag trust radius increased to      1.
2025-12-23:10:39:54,290 INFO     [psi4.optking.stepAlgorithms:929] 	Using RFO solution 1.
2025-12-23:10:39:54,290 INFO     [psi4.optking.displace:100] 	Determining Cartesian step for fragment 1.
2025-12-23:10:39:54,290 INFO     [psi4.optking.displace:415] 	Successfully converged to displaced geometry.
2025-12-23:10:39:54,290 INFO     [psi4.optking.displace:416] 	RMS(dx):  0.000e+00 	Max(dx):  0.000e+00 	RMS(dq):  0.000e+00
2025-12-23:10:39:54,290 INFO     [psi4.optking.displace:172] 

	        --- Internal Coordinate Step in ANG or DEG, aJ/ANG or AJ/DEG ---
	-------------------------------------------------------------------------------
	           Coordinate      Previous         Force          Change          New 
	           ----------      --------        ------          ------        ------
	               R(1,2)       1.39182        1.54969        0.13525       1.52707
	-------------------------------------------------------------------------------

2025-12-23:10:39:54,290 INFO     [psi4.optking.stepAlgorithms:113] 	|target step| :    0.2555769933
2025-12-23:10:39:54,290 INFO     [psi4.optking.stepAlgorithms:114] 	gradient     :   -0.1880988398
2025-12-23:10:39:54,290 INFO     [psi4.optking.stepAlgorithms:115] 	hessian      :    0.6879034635
2025-12-23:10:39:54,290 INFO     [psi4.optking.stepAlgorithms:113] 	|target step| :    0.2555769933
2025-12-23:10:39:54,290 INFO     [psi4.optking.stepAlgorithms:114] 	gradient     :   -0.1880988398
2025-12-23:10:39:54,290 INFO     [psi4.optking.stepAlgorithms:115] 	hessian      :    0.6879034635
2025-12-23:10:39:54,290 INFO     [psi4.optking.stepAlgorithms:206] 	Norm of achieved step-size    0.2555769933
2025-12-23:10:39:54,290 INFO     [psi4.optking.stepAlgorithms:208] 	Norm of achieved step-size (cart):    0.1807202251
2025-12-23:10:39:54,290 INFO     [psi4.optking.opt_helper:164] Molsys:

	                            ===> Fragment 1 <== 

	 Z (Atomic Numbers)          Masses                          Geom                  
	       3.000000             7.016003          0.00000000  0.00000000  1.95601876   
	       8.000000            15.994915          0.00000000  0.00000000 -0.92972274   

	 - Coordinate -           - BOHR/RAD -       - ANG/DEG -
	 R(1,2)           =         2.885741           1.527069

2025-12-23:10:39:54,291 INFO     [psi4.optking.convcheck:76] Performing convergence check.
2025-12-23:10:39:54,291 INFO     [psi4.optking.convcheck:282] 
	                                 ==> Convergence Check <==                                  
    
	Measures of convergence in internal coordinates in au.
    
	Criteria marked as inactive (o), active & met (*), and active & unmet ( ).

	----------------------------------------------------------------------------------------------
	   Step    Total Energy     Delta E     Max Force     RMS Force      Max Disp      RMS Disp   
	----------------------------------------------------------------------------------------------
	  Convergence Criteria     1.00e-06 *    3.00e-04 *             o    1.20e-03 *             o
	----------------------------------------------------------------------------------------------
	     2     -82.45721785   -1.07e-01      1.88e-01      1.88e-01 o    2.56e-01      2.56e-01 o  ~
	----------------------------------------------------------------------------------------------


2025-12-23:10:39:54,291 INFO     [psi4.optking.stepAlgorithms:296] 	Convergence check returned False
2025-12-23:10:39:54,301 INFO     [psi4.driver.task_planner:259] PLANNING Atomic:  keywords={'DAMPING_PERCENTAGE': 1.0, 'GEOM_MAXITER': 500, 'SCF__GUESS': 'READ', 'GUESS': 'SAP', 'MAXITER': 500, 'REFERENCE': 'UKS', 'function_kwargs': {}}
2025-12-23:10:39:54,302 INFO     [psi4.driver.driver:638] Compute gradient(): method=b3lyp, basis=cc-pvdz, molecule=default, nre=8.316753257691623
2025-12-23:10:39:54,672 INFO     [psi4.driver.driver:641] Return gradient(): -82.49338134023952
2025-12-23:10:39:54,672 INFO     [psi4.driver.driver:642] [[ 0.00000000 -0.00000000 -0.10337881]
 [ 0.00000000 -0.00000000  0.10343037]]
2025-12-23:10:39:54,674 INFO     [psi4.optking.history:269] 	Performing BFGS update.
2025-12-23:10:39:54,674 INFO     [psi4.optking.history:280] 	Using 2 previous steps for update.
2025-12-23:10:39:54,674 WARNING  [psi4.optking.history:301] 	Change in internal coordinate of 6.18e-01 exceeds limit of 5.00e-01.
2025-12-23:10:39:54,674 WARNING  [psi4.optking.history:306] 	Skipping Hessian update for step 1.
2025-12-23:10:39:54,674 INFO     [psi4.optking.history:317] 	Steps to be used in Hessian update:  2

2025-12-23:10:39:54,674 INFO     [psi4.optking.history:418] 	Updated Hessian (in au) 
 	   0.331384

2025-12-23:10:39:54,674 INFO     [psi4.optking.molsys:944] Projected (PHP) Hessian matrix
	   0.331384

2025-12-23:10:39:54,674 INFO     [psi4.optking.opt_helper:182] 
	         Geometry (au)                                       Gradient (au)
   0.0000000000   0.0000000000   2.0058821101		   0.0000000000  -0.0000000000  -0.1033788077
   0.0000000000   0.0000000000  -0.8798593874		   0.0000000000  -0.0000000000   0.1034303723

2025-12-23:10:39:54,674 INFO     [psi4.optking.stepAlgorithms:368] 	Current Step Report 
 
	Current energy:       -82.4933813402
	Energy change for the previous step:
		Actual       :        -0.0361634929
		Projected    :        -0.0240368680

2025-12-23:10:39:54,674 INFO     [psi4.optking.stepAlgorithms:371] 	Energy ratio =    1.50450
2025-12-23:10:39:54,674 INFO     [psi4.optking.stepAlgorithms:929] 	Using RFO solution 1.
2025-12-23:10:39:54,674 INFO     [psi4.optking.displace:100] 	Determining Cartesian step for fragment 1.
2025-12-23:10:39:54,675 INFO     [psi4.optking.displace:415] 	Successfully converged to displaced geometry.
2025-12-23:10:39:54,675 INFO     [psi4.optking.displace:416] 	RMS(dx):  0.000e+00 	Max(dx):  0.000e+00 	RMS(dq):  0.000e+00
2025-12-23:10:39:54,675 INFO     [psi4.optking.displace:172] 

	        --- Internal Coordinate Step in ANG or DEG, aJ/ANG or AJ/DEG ---
	-------------------------------------------------------------------------------
	           Coordinate      Previous         Force          Change          New 
	           ----------      --------        ------          ------        ------
	               R(1,2)       1.52707        0.85192        0.15158       1.67864
	-------------------------------------------------------------------------------

2025-12-23:10:39:54,675 INFO     [psi4.optking.stepAlgorithms:113] 	|target step| :    0.2864366515
2025-12-23:10:39:54,675 INFO     [psi4.optking.stepAlgorithms:114] 	gradient     :   -0.1034045900
2025-12-23:10:39:54,675 INFO     [psi4.optking.stepAlgorithms:115] 	hessian      :    0.3313844829
2025-12-23:10:39:54,675 INFO     [psi4.optking.stepAlgorithms:113] 	|target step| :    0.2864366515
2025-12-23:10:39:54,675 INFO     [psi4.optking.stepAlgorithms:114] 	gradient     :   -0.1034045900
2025-12-23:10:39:54,675 INFO     [psi4.optking.stepAlgorithms:115] 	hessian      :    0.3313844829
2025-12-23:10:39:54,675 INFO     [psi4.optking.stepAlgorithms:206] 	Norm of achieved step-size    0.2864366515
2025-12-23:10:39:54,675 INFO     [psi4.optking.stepAlgorithms:208] 	Norm of achieved step-size (cart):    0.2025412987
2025-12-23:10:39:54,675 INFO     [psi4.optking.opt_helper:164] Molsys:

	                            ===> Fragment 1 <== 

	 Z (Atomic Numbers)          Masses                          Geom                  
	       3.000000             7.016003          0.00000000  0.00000000  2.14910044   
	       8.000000            15.994915          0.00000000  0.00000000 -1.02307771   

	 - Coordinate -           - BOHR/RAD -       - ANG/DEG -
	 R(1,2)           =         3.172178           1.678644

2025-12-23:10:39:54,675 INFO     [psi4.optking.convcheck:76] Performing convergence check.
2025-12-23:10:39:54,675 INFO     [psi4.optking.convcheck:282] 
	                                 ==> Convergence Check <==                                  
    
	Measures of convergence in internal coordinates in au.
    
	Criteria marked as inactive (o), active & met (*), and active & unmet ( ).

	----------------------------------------------------------------------------------------------
	   Step    Total Energy     Delta E     Max Force     RMS Force      Max Disp      RMS Disp   
	----------------------------------------------------------------------------------------------
	  Convergence Criteria     1.00e-06 *    3.00e-04 *             o    1.20e-03 *             o
	----------------------------------------------------------------------------------------------
	     3     -82.49338134   -3.62e-02      1.03e-01      1.03e-01 o    2.86e-01      2.86e-01 o  ~
	----------------------------------------------------------------------------------------------


2025-12-23:10:39:54,675 INFO     [psi4.optking.stepAlgorithms:296] 	Convergence check returned False
2025-12-23:10:39:54,686 INFO     [psi4.driver.task_planner:259] PLANNING Atomic:  keywords={'DAMPING_PERCENTAGE': 1.0, 'GEOM_MAXITER': 500, 'SCF__GUESS': 'READ', 'GUESS': 'SAP', 'MAXITER': 500, 'REFERENCE': 'UKS', 'function_kwargs': {}}
2025-12-23:10:39:54,687 INFO     [psi4.driver.driver:638] Compute gradient(): method=b3lyp, basis=cc-pvdz, molecule=default, nre=7.565779370708554
2025-12-23:10:39:55,38 INFO     [psi4.driver.driver:641] Return gradient(): -82.51502535571397
2025-12-23:10:39:55,38 INFO     [psi4.driver.driver:642] [[ 0.00000000 -0.00000000 -0.05351586]
 [ 0.00000000  0.00000000  0.05355188]]
2025-12-23:10:39:55,40 INFO     [psi4.optking.history:269] 	Performing BFGS update.
2025-12-23:10:39:55,40 INFO     [psi4.optking.history:280] 	Using 3 previous steps for update.
2025-12-23:10:39:55,40 WARNING  [psi4.optking.history:301] 	Change in internal coordinate of 5.42e-01 exceeds limit of 5.00e-01.
2025-12-23:10:39:55,40 WARNING  [psi4.optking.history:306] 	Skipping Hessian update for step 2.
2025-12-23:10:39:55,40 WARNING  [psi4.optking.history:301] 	Change in internal coordinate of 9.05e-01 exceeds limit of 5.00e-01.
2025-12-23:10:39:55,40 WARNING  [psi4.optking.history:306] 	Skipping Hessian update for step 1.
2025-12-23:10:39:55,40 INFO     [psi4.optking.history:317] 	Steps to be used in Hessian update:  3

2025-12-23:10:39:55,40 INFO     [psi4.optking.history:418] 	Updated Hessian (in au) 
 	   0.174107

2025-12-23:10:39:55,40 INFO     [psi4.optking.molsys:944] Projected (PHP) Hessian matrix
	   0.174107

2025-12-23:10:39:55,40 INFO     [psi4.optking.opt_helper:182] 
	         Geometry (au)                                       Gradient (au)
   0.0000000000   0.0000000000   2.2049845438		   0.0000000000  -0.0000000000  -0.0535158607
   0.0000000000   0.0000000000  -0.9671936053		   0.0000000000   0.0000000000   0.0535518831

2025-12-23:10:39:55,41 INFO     [psi4.optking.stepAlgorithms:368] 	Current Step Report 
 
	Current energy:       -82.5150253557
	Energy change for the previous step:
		Actual       :        -0.0216440155
		Projected    :        -0.0148094323

2025-12-23:10:39:55,41 INFO     [psi4.optking.stepAlgorithms:371] 	Energy ratio =    1.46150
2025-12-23:10:39:55,41 INFO     [psi4.optking.stepAlgorithms:929] 	Using RFO solution 1.
2025-12-23:10:39:55,41 INFO     [psi4.optking.displace:100] 	Determining Cartesian step for fragment 1.
2025-12-23:10:39:55,41 INFO     [psi4.optking.displace:415] 	Successfully converged to displaced geometry.
2025-12-23:10:39:55,41 INFO     [psi4.optking.displace:416] 	RMS(dx):  1.282e-16 	Max(dx):  2.220e-16 	RMS(dq):  0.000e+00
2025-12-23:10:39:55,41 INFO     [psi4.optking.displace:172] 

	        --- Internal Coordinate Step in ANG or DEG, aJ/ANG or AJ/DEG ---
	-------------------------------------------------------------------------------
	           Coordinate      Previous         Force          Change          New 
	           ----------      --------        ------          ------        ------
	               R(1,2)       1.67864        0.44105        0.14969       1.82833
	-------------------------------------------------------------------------------

2025-12-23:10:39:55,41 INFO     [psi4.optking.stepAlgorithms:113] 	|target step| :    0.2828729247
2025-12-23:10:39:55,41 INFO     [psi4.optking.stepAlgorithms:114] 	gradient     :   -0.0535338719
2025-12-23:10:39:55,41 INFO     [psi4.optking.stepAlgorithms:115] 	hessian      :    0.1741073213
2025-12-23:10:39:55,41 INFO     [psi4.optking.stepAlgorithms:113] 	|target step| :    0.2828729247
2025-12-23:10:39:55,41 INFO     [psi4.optking.stepAlgorithms:114] 	gradient     :   -0.0535338719
2025-12-23:10:39:55,41 INFO     [psi4.optking.stepAlgorithms:115] 	hessian      :    0.1741073213
2025-12-23:10:39:55,41 INFO     [psi4.optking.stepAlgorithms:206] 	Norm of achieved step-size    0.2828729247
2025-12-23:10:39:55,41 INFO     [psi4.optking.stepAlgorithms:208] 	Norm of achieved step-size (cart):    0.2000213633
2025-12-23:10:39:55,41 INFO     [psi4.optking.opt_helper:164] Molsys:

	                            ===> Fragment 1 <== 

	 Z (Atomic Numbers)          Masses                          Geom                  
	       3.000000             7.016003          0.00000000  0.00000000  2.34642101   
	       8.000000            15.994915          0.00000000  0.00000000 -1.10863007   

	 - Coordinate -           - BOHR/RAD -       - ANG/DEG -
	 R(1,2)           =         3.455051           1.828334

2025-12-23:10:39:55,42 INFO     [psi4.optking.convcheck:76] Performing convergence check.
2025-12-23:10:39:55,42 INFO     [psi4.optking.convcheck:282] 
	                                 ==> Convergence Check <==                                  
    
	Measures of convergence in internal coordinates in au.
    
	Criteria marked as inactive (o), active & met (*), and active & unmet ( ).

	----------------------------------------------------------------------------------------------
	   Step    Total Energy     Delta E     Max Force     RMS Force      Max Disp      RMS Disp   
	----------------------------------------------------------------------------------------------
	  Convergence Criteria     1.00e-06 *    3.00e-04 *             o    1.20e-03 *             o
	----------------------------------------------------------------------------------------------
	     4     -82.51502536   -2.16e-02      5.35e-02      5.35e-02 o    2.83e-01      2.83e-01 o  ~
	----------------------------------------------------------------------------------------------


2025-12-23:10:39:55,42 INFO     [psi4.optking.stepAlgorithms:296] 	Convergence check returned False
2025-12-23:10:39:55,52 INFO     [psi4.driver.task_planner:259] PLANNING Atomic:  keywords={'DAMPING_PERCENTAGE': 1.0, 'GEOM_MAXITER': 500, 'SCF__GUESS': 'READ', 'GUESS': 'SAP', 'MAXITER': 500, 'REFERENCE': 'UKS', 'function_kwargs': {}}
2025-12-23:10:39:55,53 INFO     [psi4.driver.driver:638] Compute gradient(): method=b3lyp, basis=cc-pvdz, molecule=default, nre=6.946351729083282
2025-12-23:10:39:55,369 INFO     [psi4.driver.driver:641] Return gradient(): -82.52627159133422
2025-12-23:10:39:55,370 INFO     [psi4.driver.driver:642] [[ 0.00000000  0.00000000 -0.02889658]
 [ 0.00000000  0.00000000  0.02896414]]
2025-12-23:10:39:55,371 INFO     [psi4.optking.history:269] 	Performing BFGS update.
2025-12-23:10:39:55,371 INFO     [psi4.optking.history:280] 	Using 4 previous steps for update.
2025-12-23:10:39:55,371 WARNING  [psi4.optking.history:301] 	Change in internal coordinate of 5.69e-01 exceeds limit of 5.00e-01.
2025-12-23:10:39:55,371 WARNING  [psi4.optking.history:306] 	Skipping Hessian update for step 3.
2025-12-23:10:39:55,371 WARNING  [psi4.optking.history:301] 	Change in internal coordinate of 8.25e-01 exceeds limit of 5.00e-01.
2025-12-23:10:39:55,371 WARNING  [psi4.optking.history:306] 	Skipping Hessian update for step 2.
2025-12-23:10:39:55,371 WARNING  [psi4.optking.history:301] 	Change in internal coordinate of 1.19e+00 exceeds limit of 5.00e-01.
2025-12-23:10:39:55,371 WARNING  [psi4.optking.history:306] 	Skipping Hessian update for step 1.
2025-12-23:10:39:55,371 INFO     [psi4.optking.history:317] 	Steps to be used in Hessian update:  4

2025-12-23:10:39:55,371 INFO     [psi4.optking.history:418] 	Updated Hessian (in au) 
 	   0.086977

2025-12-23:10:39:55,372 INFO     [psi4.optking.molsys:944] Projected (PHP) Hessian matrix
	   0.086977

2025-12-23:10:39:55,372 INFO     [psi4.optking.opt_helper:182] 
	         Geometry (au)                                       Gradient (au)
   0.0000000000   0.0000000000   2.4016098269		   0.0000000000   0.0000000000  -0.0288965779
   0.0000000000   0.0000000000  -1.0534412468		   0.0000000000   0.0000000000   0.0289641392

2025-12-23:10:39:55,372 INFO     [psi4.optking.stepAlgorithms:368] 	Current Step Report 
 
	Current energy:       -82.5262715913
	Energy change for the previous step:
		Actual       :        -0.0112462356
		Projected    :        -0.0075716415

2025-12-23:10:39:55,372 INFO     [psi4.optking.stepAlgorithms:371] 	Energy ratio =    1.48531
2025-12-23:10:39:55,372 INFO     [psi4.optking.stepAlgorithms:929] 	Using RFO solution 1.
2025-12-23:10:39:55,372 INFO     [psi4.optking.displace:100] 	Determining Cartesian step for fragment 1.
2025-12-23:10:39:55,372 INFO     [psi4.optking.displace:415] 	Successfully converged to displaced geometry.
2025-12-23:10:39:55,372 INFO     [psi4.optking.displace:416] 	RMS(dx):  1.282e-16 	Max(dx):  2.220e-16 	RMS(dq):  4.441e-16
2025-12-23:10:39:55,372 INFO     [psi4.optking.displace:172] 

	        --- Internal Coordinate Step in ANG or DEG, aJ/ANG or AJ/DEG ---
	-------------------------------------------------------------------------------
	           Coordinate      Previous         Force          Change          New 
	           ----------      --------        ------          ------        ------
	               R(1,2)       1.82833        0.23835        0.15994       1.98827
	-------------------------------------------------------------------------------

2025-12-23:10:39:55,372 INFO     [psi4.optking.stepAlgorithms:113] 	|target step| :    0.3022360770
2025-12-23:10:39:55,372 INFO     [psi4.optking.stepAlgorithms:114] 	gradient     :   -0.0289303586
2025-12-23:10:39:55,372 INFO     [psi4.optking.stepAlgorithms:115] 	hessian      :    0.0869772650
2025-12-23:10:39:55,372 INFO     [psi4.optking.stepAlgorithms:113] 	|target step| :    0.3022360770
2025-12-23:10:39:55,372 INFO     [psi4.optking.stepAlgorithms:114] 	gradient     :   -0.0289303586
2025-12-23:10:39:55,372 INFO     [psi4.optking.stepAlgorithms:115] 	hessian      :    0.0869772650
2025-12-23:10:39:55,372 INFO     [psi4.optking.stepAlgorithms:206] 	Norm of achieved step-size    0.3022360770
2025-12-23:10:39:55,372 INFO     [psi4.optking.stepAlgorithms:208] 	Norm of achieved step-size (cart):    0.2137131796
2025-12-23:10:39:55,372 INFO     [psi4.optking.opt_helper:164] Molsys:

	                            ===> Fragment 1 <== 

	 Z (Atomic Numbers)          Masses                          Geom                  
	       3.000000             7.016003          0.00000000  0.00000000  2.55272787   
	       8.000000            15.994915          0.00000000  0.00000000 -1.20455929   

	 - Coordinate -           - BOHR/RAD -       - ANG/DEG -
	 R(1,2)           =         3.757287           1.988271

2025-12-23:10:39:55,373 INFO     [psi4.optking.convcheck:76] Performing convergence check.
2025-12-23:10:39:55,373 INFO     [psi4.optking.convcheck:282] 
	                                 ==> Convergence Check <==                                  
    
	Measures of convergence in internal coordinates in au.
    
	Criteria marked as inactive (o), active & met (*), and active & unmet ( ).

	----------------------------------------------------------------------------------------------
	   Step    Total Energy     Delta E     Max Force     RMS Force      Max Disp      RMS Disp   
	----------------------------------------------------------------------------------------------
	  Convergence Criteria     1.00e-06 *    3.00e-04 *             o    1.20e-03 *             o
	----------------------------------------------------------------------------------------------
	     5     -82.52627159   -1.12e-02      2.89e-02      2.89e-02 o    3.02e-01      3.02e-01 o  ~
	----------------------------------------------------------------------------------------------


2025-12-23:10:39:55,373 INFO     [psi4.optking.stepAlgorithms:296] 	Convergence check returned False
2025-12-23:10:39:55,382 INFO     [psi4.driver.task_planner:259] PLANNING Atomic:  keywords={'DAMPING_PERCENTAGE': 1.0, 'GEOM_MAXITER': 500, 'SCF__GUESS': 'READ', 'GUESS': 'SAP', 'MAXITER': 500, 'REFERENCE': 'UKS', 'function_kwargs': {}}
2025-12-23:10:39:55,384 INFO     [psi4.driver.driver:638] Compute gradient(): method=b3lyp, basis=cc-pvdz, molecule=default, nre=6.387587383470489
2025-12-23:10:39:55,692 INFO     [psi4.driver.driver:641] Return gradient(): -82.53281341125602
2025-12-23:10:39:55,693 INFO     [psi4.driver.driver:642] [[-0.00000000 -0.00000000 -0.01598517]
 [ 0.00000000  0.00000000  0.01607787]]
2025-12-23:10:39:55,694 INFO     [psi4.optking.history:269] 	Performing BFGS update.
2025-12-23:10:39:55,694 INFO     [psi4.optking.history:280] 	Using 4 previous steps for update.
2025-12-23:10:39:55,695 WARNING  [psi4.optking.history:301] 	Change in internal coordinate of 5.85e-01 exceeds limit of 5.00e-01.
2025-12-23:10:39:55,695 WARNING  [psi4.optking.history:306] 	Skipping Hessian update for step 4.
2025-12-23:10:39:55,695 WARNING  [psi4.optking.history:301] 	Change in internal coordinate of 8.72e-01 exceeds limit of 5.00e-01.
2025-12-23:10:39:55,695 WARNING  [psi4.optking.history:306] 	Skipping Hessian update for step 3.
2025-12-23:10:39:55,695 WARNING  [psi4.optking.history:301] 	Change in internal coordinate of 1.13e+00 exceeds limit of 5.00e-01.
2025-12-23:10:39:55,695 WARNING  [psi4.optking.history:306] 	Skipping Hessian update for step 2.
2025-12-23:10:39:55,695 WARNING  [psi4.optking.history:301] 	Change in internal coordinate of 1.49e+00 exceeds limit of 5.00e-01.
2025-12-23:10:39:55,695 WARNING  [psi4.optking.history:306] 	Skipping Hessian update for step 1.
2025-12-23:10:39:55,695 INFO     [psi4.optking.history:317] 	Steps to be used in Hessian update:  5

2025-12-23:10:39:55,695 INFO     [psi4.optking.history:418] 	Updated Hessian (in au) 
 	   0.042678

2025-12-23:10:39:55,695 INFO     [psi4.optking.molsys:944] Projected (PHP) Hessian matrix
	   0.042678

2025-12-23:10:39:55,695 INFO     [psi4.optking.opt_helper:182] 
	         Geometry (au)                                       Gradient (au)
   0.0000000000   0.0000000000   2.6116944587		  -0.0000000000  -0.0000000000  -0.0159851670
   0.0000000000   0.0000000000  -1.1455926920		   0.0000000000   0.0000000000   0.0160778708

2025-12-23:10:39:55,695 INFO     [psi4.optking.stepAlgorithms:368] 	Current Step Report 
 
	Current energy:       -82.5328134113
	Energy change for the previous step:
		Actual       :        -0.0065418199
		Projected    :        -0.0043718990

2025-12-23:10:39:55,695 INFO     [psi4.optking.stepAlgorithms:371] 	Energy ratio =    1.49633
2025-12-23:10:39:55,695 INFO     [psi4.optking.stepAlgorithms:929] 	Using RFO solution 1.
2025-12-23:10:39:55,695 INFO     [psi4.optking.displace:100] 	Determining Cartesian step for fragment 1.
2025-12-23:10:39:55,696 INFO     [psi4.optking.displace:415] 	Successfully converged to displaced geometry.
2025-12-23:10:39:55,696 INFO     [psi4.optking.displace:416] 	RMS(dx):  0.000e+00 	Max(dx):  0.000e+00 	RMS(dq):  0.000e+00
2025-12-23:10:39:55,696 INFO     [psi4.optking.displace:172] 

	        --- Internal Coordinate Step in ANG or DEG, aJ/ANG or AJ/DEG ---
	-------------------------------------------------------------------------------
	           Coordinate      Previous         Force          Change          New 
	           ----------      --------        ------          ------        ------
	               R(1,2)       1.98827        0.13208        0.17663       2.16490
	-------------------------------------------------------------------------------

2025-12-23:10:39:55,696 INFO     [psi4.optking.stepAlgorithms:113] 	|target step| :    0.3337873040
2025-12-23:10:39:55,696 INFO     [psi4.optking.stepAlgorithms:114] 	gradient     :   -0.0160315189
2025-12-23:10:39:55,696 INFO     [psi4.optking.stepAlgorithms:115] 	hessian      :    0.0426780278
2025-12-23:10:39:55,696 INFO     [psi4.optking.stepAlgorithms:113] 	|target step| :    0.3337873040
2025-12-23:10:39:55,696 INFO     [psi4.optking.stepAlgorithms:114] 	gradient     :   -0.0160315189
2025-12-23:10:39:55,696 INFO     [psi4.optking.stepAlgorithms:115] 	hessian      :    0.0426780278
2025-12-23:10:39:55,696 INFO     [psi4.optking.stepAlgorithms:206] 	Norm of achieved step-size    0.3337873040
2025-12-23:10:39:55,696 INFO     [psi4.optking.stepAlgorithms:208] 	Norm of achieved step-size (cart):    0.2360232661
2025-12-23:10:39:55,696 INFO     [psi4.optking.opt_helper:164] Molsys:

	                            ===> Fragment 1 <== 

	 Z (Atomic Numbers)          Masses                          Geom                  
	       3.000000             7.016003          0.00000000  0.00000000  2.77858811   
	       8.000000            15.994915          0.00000000  0.00000000 -1.31248634   

	 - Coordinate -           - BOHR/RAD -       - ANG/DEG -
	 R(1,2)           =         4.091074           2.164903

2025-12-23:10:39:55,696 INFO     [psi4.optking.convcheck:76] Performing convergence check.
2025-12-23:10:39:55,696 INFO     [psi4.optking.convcheck:282] 
	                                 ==> Convergence Check <==                                  
    
	Measures of convergence in internal coordinates in au.
    
	Criteria marked as inactive (o), active & met (*), and active & unmet ( ).

	----------------------------------------------------------------------------------------------
	   Step    Total Energy     Delta E     Max Force     RMS Force      Max Disp      RMS Disp   
	----------------------------------------------------------------------------------------------
	  Convergence Criteria     1.00e-06 *    3.00e-04 *             o    1.20e-03 *             o
	----------------------------------------------------------------------------------------------
	     6     -82.53281341   -6.54e-03      1.60e-02      1.60e-02 o    3.34e-01      3.34e-01 o  ~
	----------------------------------------------------------------------------------------------


2025-12-23:10:39:55,696 INFO     [psi4.optking.stepAlgorithms:296] 	Convergence check returned False
2025-12-23:10:39:55,706 INFO     [psi4.driver.task_planner:259] PLANNING Atomic:  keywords={'DAMPING_PERCENTAGE': 1.0, 'GEOM_MAXITER': 500, 'SCF__GUESS': 'READ', 'GUESS': 'SAP', 'MAXITER': 500, 'REFERENCE': 'UKS', 'function_kwargs': {}}
2025-12-23:10:39:55,707 INFO     [psi4.driver.driver:638] Compute gradient(): method=b3lyp, basis=cc-pvdz, molecule=default, nre=5.866429532350441
2025-12-23:10:39:56,58 INFO     [psi4.driver.driver:641] Return gradient(): -82.5369027238854
2025-12-23:10:39:56,58 INFO     [psi4.driver.driver:642] [[ 0.00000000  0.00000000 -0.00934041]
 [ 0.00000000  0.00000000  0.00937898]]
2025-12-23:10:39:56,60 INFO     [psi4.optking.history:269] 	Performing BFGS update.
2025-12-23:10:39:56,60 INFO     [psi4.optking.history:280] 	Using 4 previous steps for update.
2025-12-23:10:39:56,60 WARNING  [psi4.optking.history:301] 	Change in internal coordinate of 6.36e-01 exceeds limit of 5.00e-01.
2025-12-23:10:39:56,60 WARNING  [psi4.optking.history:306] 	Skipping Hessian update for step 5.
2025-12-23:10:39:56,60 WARNING  [psi4.optking.history:301] 	Change in internal coordinate of 9.19e-01 exceeds limit of 5.00e-01.
2025-12-23:10:39:56,60 WARNING  [psi4.optking.history:306] 	Skipping Hessian update for step 4.
2025-12-23:10:39:56,60 WARNING  [psi4.optking.history:301] 	Change in internal coordinate of 1.21e+00 exceeds limit of 5.00e-01.
2025-12-23:10:39:56,60 WARNING  [psi4.optking.history:306] 	Skipping Hessian update for step 3.
2025-12-23:10:39:56,60 WARNING  [psi4.optking.history:301] 	Change in internal coordinate of 1.46e+00 exceeds limit of 5.00e-01.
2025-12-23:10:39:56,60 WARNING  [psi4.optking.history:306] 	Skipping Hessian update for step 2.
2025-12-23:10:39:56,60 WARNING  [psi4.optking.history:301] 	Change in internal coordinate of 1.82e+00 exceeds limit of 5.00e-01.
2025-12-23:10:39:56,60 WARNING  [psi4.optking.history:306] 	Skipping Hessian update for step 1.
2025-12-23:10:39:56,60 INFO     [psi4.optking.history:317] 	Steps to be used in Hessian update:  6

2025-12-23:10:39:56,60 INFO     [psi4.optking.history:418] 	Updated Hessian (in au) 
 	   0.019988

2025-12-23:10:39:56,60 INFO     [psi4.optking.molsys:944] Projected (PHP) Hessian matrix
	   0.019988

2025-12-23:10:39:56,60 INFO     [psi4.optking.opt_helper:182] 
	         Geometry (au)                                       Gradient (au)
   0.0000000000   0.0000000000   2.8437103833		   0.0000000000   0.0000000000  -0.0093404077
   0.0000000000   0.0000000000  -1.2473640714		   0.0000000000   0.0000000000   0.0093789769

2025-12-23:10:39:56,61 INFO     [psi4.optking.stepAlgorithms:368] 	Current Step Report 
 
	Current energy:       -82.5369027239
	Energy change for the previous step:
		Actual       :        -0.0040893126
		Projected    :        -0.0026755587

2025-12-23:10:39:56,61 INFO     [psi4.optking.stepAlgorithms:371] 	Energy ratio =    1.52840
2025-12-23:10:39:56,61 INFO     [psi4.optking.stepAlgorithms:929] 	Using RFO solution 1.
2025-12-23:10:39:56,61 INFO     [psi4.optking.displace:100] 	Determining Cartesian step for fragment 1.
2025-12-23:10:39:56,61 INFO     [psi4.optking.displace:415] 	Successfully converged to displaced geometry.
2025-12-23:10:39:56,61 INFO     [psi4.optking.displace:416] 	RMS(dx):  0.000e+00 	Max(dx):  0.000e+00 	RMS(dq):  0.000e+00
2025-12-23:10:39:56,61 INFO     [psi4.optking.displace:172] 

	        --- Internal Coordinate Step in ANG or DEG, aJ/ANG or AJ/DEG ---
	-------------------------------------------------------------------------------
	           Coordinate      Previous         Force          Change          New 
	           ----------      --------        ------          ------        ------
	               R(1,2)       2.16490        0.07711        0.20910       2.37401
	-------------------------------------------------------------------------------

2025-12-23:10:39:56,61 INFO     [psi4.optking.stepAlgorithms:113] 	|target step| :    0.3951455056
2025-12-23:10:39:56,61 INFO     [psi4.optking.stepAlgorithms:114] 	gradient     :   -0.0093596923
2025-12-23:10:39:56,61 INFO     [psi4.optking.stepAlgorithms:115] 	hessian      :    0.0199882577
2025-12-23:10:39:56,61 INFO     [psi4.optking.stepAlgorithms:113] 	|target step| :    0.3951455056
2025-12-23:10:39:56,61 INFO     [psi4.optking.stepAlgorithms:114] 	gradient     :   -0.0093596923
2025-12-23:10:39:56,61 INFO     [psi4.optking.stepAlgorithms:115] 	hessian      :    0.0199882577
2025-12-23:10:39:56,61 INFO     [psi4.optking.stepAlgorithms:206] 	Norm of achieved step-size    0.3951455056
2025-12-23:10:39:56,61 INFO     [psi4.optking.stepAlgorithms:208] 	Norm of achieved step-size (cart):    0.2794100666
2025-12-23:10:39:56,61 INFO     [psi4.optking.opt_helper:164] Molsys:

	                            ===> Fragment 1 <== 

	 Z (Atomic Numbers)          Masses                          Geom                  
	       3.000000             7.016003          0.00000000  0.00000000  3.04128314   
	       8.000000            15.994915          0.00000000  0.00000000 -1.44493682   

	 - Coordinate -           - BOHR/RAD -       - ANG/DEG -
	 R(1,2)           =         4.486220           2.374005

2025-12-23:10:39:56,61 INFO     [psi4.optking.convcheck:76] Performing convergence check.
2025-12-23:10:39:56,62 INFO     [psi4.optking.convcheck:282] 
	                                 ==> Convergence Check <==                                  
    
	Measures of convergence in internal coordinates in au.
    
	Criteria marked as inactive (o), active & met (*), and active & unmet ( ).

	----------------------------------------------------------------------------------------------
	   Step    Total Energy     Delta E     Max Force     RMS Force      Max Disp      RMS Disp   
	----------------------------------------------------------------------------------------------
	  Convergence Criteria     1.00e-06 *    3.00e-04 *             o    1.20e-03 *             o
	----------------------------------------------------------------------------------------------
	     7     -82.53690272   -4.09e-03      9.36e-03      9.36e-03 o    3.95e-01      3.95e-01 o  ~
	----------------------------------------------------------------------------------------------


2025-12-23:10:39:56,62 INFO     [psi4.optking.stepAlgorithms:296] 	Convergence check returned False
2025-12-23:10:39:56,71 INFO     [psi4.driver.task_planner:259] PLANNING Atomic:  keywords={'DAMPING_PERCENTAGE': 1.0, 'GEOM_MAXITER': 500, 'SCF__GUESS': 'READ', 'GUESS': 'SAP', 'MAXITER': 500, 'REFERENCE': 'UKS', 'function_kwargs': {}}
2025-12-23:10:39:56,73 INFO     [psi4.driver.driver:638] Compute gradient(): method=b3lyp, basis=cc-pvdz, molecule=default, nre=5.349715397879381
2025-12-23:10:39:56,449 INFO     [psi4.driver.driver:641] Return gradient(): -82.53982393965752
2025-12-23:10:39:56,449 INFO     [psi4.driver.driver:642] [[ 0.00000000 -0.00000000 -0.00585456]
 [ 0.00000000  0.00000000  0.00583741]]
2025-12-23:10:39:56,451 INFO     [psi4.optking.history:269] 	Performing BFGS update.
2025-12-23:10:39:56,451 INFO     [psi4.optking.history:280] 	Using 4 previous steps for update.
2025-12-23:10:39:56,451 WARNING  [psi4.optking.history:301] 	Change in internal coordinate of 7.29e-01 exceeds limit of 5.00e-01.
2025-12-23:10:39:56,451 WARNING  [psi4.optking.history:306] 	Skipping Hessian update for step 6.
2025-12-23:10:39:56,451 WARNING  [psi4.optking.history:301] 	Change in internal coordinate of 1.03e+00 exceeds limit of 5.00e-01.
2025-12-23:10:39:56,451 WARNING  [psi4.optking.history:306] 	Skipping Hessian update for step 5.
2025-12-23:10:39:56,451 WARNING  [psi4.optking.history:301] 	Change in internal coordinate of 1.31e+00 exceeds limit of 5.00e-01.
2025-12-23:10:39:56,451 WARNING  [psi4.optking.history:306] 	Skipping Hessian update for step 4.
2025-12-23:10:39:56,451 WARNING  [psi4.optking.history:301] 	Change in internal coordinate of 1.60e+00 exceeds limit of 5.00e-01.
2025-12-23:10:39:56,451 WARNING  [psi4.optking.history:306] 	Skipping Hessian update for step 3.
2025-12-23:10:39:56,451 WARNING  [psi4.optking.history:301] 	Change in internal coordinate of 1.86e+00 exceeds limit of 5.00e-01.
2025-12-23:10:39:56,451 WARNING  [psi4.optking.history:306] 	Skipping Hessian update for step 2.
2025-12-23:10:39:56,451 WARNING  [psi4.optking.history:301] 	Change in internal coordinate of 2.22e+00 exceeds limit of 5.00e-01.
2025-12-23:10:39:56,451 WARNING  [psi4.optking.history:306] 	Skipping Hessian update for step 1.
2025-12-23:10:39:56,451 INFO     [psi4.optking.history:317] 	Steps to be used in Hessian update:  7

2025-12-23:10:39:56,451 INFO     [psi4.optking.history:418] 	Updated Hessian (in au) 
 	   0.008892

2025-12-23:10:39:56,451 INFO     [psi4.optking.molsys:944] Projected (PHP) Hessian matrix
	   0.008892

2025-12-23:10:39:56,451 INFO     [psi4.optking.opt_helper:182] 
	         Geometry (au)                                       Gradient (au)
   0.0000000000   0.0000000000   3.1183764618		   0.0000000000  -0.0000000000  -0.0058545575
   0.0000000000   0.0000000000  -1.3678434986		   0.0000000000   0.0000000000   0.0058374147

2025-12-23:10:39:56,451 INFO     [psi4.optking.stepAlgorithms:368] 	Current Step Report 
 
	Current energy:       -82.5398239397
	Energy change for the previous step:
		Actual       :        -0.0029212158
		Projected    :        -0.0018492202

2025-12-23:10:39:56,451 INFO     [psi4.optking.stepAlgorithms:371] 	Energy ratio =    1.57970
2025-12-23:10:39:56,452 INFO     [psi4.optking.stepAlgorithms:929] 	Using RFO solution 1.
2025-12-23:10:39:56,452 INFO     [psi4.optking.displace:100] 	Determining Cartesian step for fragment 1.
2025-12-23:10:39:56,452 INFO     [psi4.optking.displace:415] 	Successfully converged to displaced geometry.
2025-12-23:10:39:56,452 INFO     [psi4.optking.displace:416] 	RMS(dx):  0.000e+00 	Max(dx):  0.000e+00 	RMS(dq):  0.000e+00
2025-12-23:10:39:56,452 INFO     [psi4.optking.displace:172] 

	        --- Internal Coordinate Step in ANG or DEG, aJ/ANG or AJ/DEG ---
	-------------------------------------------------------------------------------
	           Coordinate      Previous         Force          Change          New 
	           ----------      --------        ------          ------        ------
	               R(1,2)       2.37401        0.04816        0.26237       2.63638
	-------------------------------------------------------------------------------

2025-12-23:10:39:56,452 INFO     [psi4.optking.stepAlgorithms:113] 	|target step| :    0.4958132935
2025-12-23:10:39:56,452 INFO     [psi4.optking.stepAlgorithms:114] 	gradient     :   -0.0058459861
2025-12-23:10:39:56,452 INFO     [psi4.optking.stepAlgorithms:115] 	hessian      :    0.0088921830
2025-12-23:10:39:56,452 INFO     [psi4.optking.stepAlgorithms:113] 	|target step| :    0.4958132935
2025-12-23:10:39:56,452 INFO     [psi4.optking.stepAlgorithms:114] 	gradient     :   -0.0058459861
2025-12-23:10:39:56,452 INFO     [psi4.optking.stepAlgorithms:115] 	hessian      :    0.0088921830
2025-12-23:10:39:56,452 INFO     [psi4.optking.stepAlgorithms:206] 	Norm of achieved step-size    0.4958132935
2025-12-23:10:39:56,452 INFO     [psi4.optking.stepAlgorithms:208] 	Norm of achieved step-size (cart):    0.3505929421
2025-12-23:10:39:56,452 INFO     [psi4.optking.opt_helper:164] Molsys:

	                            ===> Fragment 1 <== 

	 Z (Atomic Numbers)          Masses                          Geom                  
	       3.000000             7.016003          0.00000000  0.00000000  3.36628311   
	       8.000000            15.994915          0.00000000  0.00000000 -1.61575015   

	 - Coordinate -           - BOHR/RAD -       - ANG/DEG -
	 R(1,2)           =         4.982033           2.636378

2025-12-23:10:39:56,452 INFO     [psi4.optking.convcheck:76] Performing convergence check.
2025-12-23:10:39:56,453 INFO     [psi4.optking.convcheck:282] 
	                                 ==> Convergence Check <==                                  
    
	Measures of convergence in internal coordinates in au.
    
	Criteria marked as inactive (o), active & met (*), and active & unmet ( ).

	----------------------------------------------------------------------------------------------
	   Step    Total Energy     Delta E     Max Force     RMS Force      Max Disp      RMS Disp   
	----------------------------------------------------------------------------------------------
	  Convergence Criteria     1.00e-06 *    3.00e-04 *             o    1.20e-03 *             o
	----------------------------------------------------------------------------------------------
	     8     -82.53982394   -2.92e-03      5.85e-03      5.85e-03 o    4.96e-01      4.96e-01 o  ~
	----------------------------------------------------------------------------------------------


2025-12-23:10:39:56,453 INFO     [psi4.optking.stepAlgorithms:296] 	Convergence check returned False
2025-12-23:10:39:56,463 INFO     [psi4.driver.task_planner:259] PLANNING Atomic:  keywords={'DAMPING_PERCENTAGE': 1.0, 'GEOM_MAXITER': 500, 'SCF__GUESS': 'READ', 'GUESS': 'SAP', 'MAXITER': 500, 'REFERENCE': 'UKS', 'function_kwargs': {}}
2025-12-23:10:39:56,464 INFO     [psi4.driver.driver:638] Compute gradient(): method=b3lyp, basis=cc-pvdz, molecule=default, nre=4.817310278181534
2025-12-23:10:39:56,830 INFO     [psi4.driver.driver:641] Return gradient(): -82.54218055208887
2025-12-23:10:39:56,830 INFO     [psi4.driver.driver:642] [[ 0.00000000  0.00000000 -0.00385827]
 [ 0.00000000  0.00000000  0.00380349]]
2025-12-23:10:39:56,832 INFO     [psi4.optking.history:269] 	Performing BFGS update.
2025-12-23:10:39:56,832 INFO     [psi4.optking.history:280] 	Using 4 previous steps for update.
2025-12-23:10:39:56,832 WARNING  [psi4.optking.history:301] 	Change in internal coordinate of 8.91e-01 exceeds limit of 5.00e-01.
2025-12-23:10:39:56,832 WARNING  [psi4.optking.history:306] 	Skipping Hessian update for step 7.
2025-12-23:10:39:56,832 WARNING  [psi4.optking.history:301] 	Change in internal coordinate of 1.22e+00 exceeds limit of 5.00e-01.
2025-12-23:10:39:56,832 WARNING  [psi4.optking.history:306] 	Skipping Hessian update for step 6.
2025-12-23:10:39:56,832 WARNING  [psi4.optking.history:301] 	Change in internal coordinate of 1.53e+00 exceeds limit of 5.00e-01.
2025-12-23:10:39:56,832 WARNING  [psi4.optking.history:306] 	Skipping Hessian update for step 5.
2025-12-23:10:39:56,832 WARNING  [psi4.optking.history:301] 	Change in internal coordinate of 1.81e+00 exceeds limit of 5.00e-01.
2025-12-23:10:39:56,832 WARNING  [psi4.optking.history:306] 	Skipping Hessian update for step 4.
2025-12-23:10:39:56,832 WARNING  [psi4.optking.history:301] 	Change in internal coordinate of 2.10e+00 exceeds limit of 5.00e-01.
2025-12-23:10:39:56,832 WARNING  [psi4.optking.history:306] 	Skipping Hessian update for step 3.
2025-12-23:10:39:56,832 WARNING  [psi4.optking.history:301] 	Change in internal coordinate of 2.35e+00 exceeds limit of 5.00e-01.
2025-12-23:10:39:56,832 WARNING  [psi4.optking.history:306] 	Skipping Hessian update for step 2.
2025-12-23:10:39:56,832 WARNING  [psi4.optking.history:301] 	Change in internal coordinate of 2.71e+00 exceeds limit of 5.00e-01.
2025-12-23:10:39:56,832 WARNING  [psi4.optking.history:306] 	Skipping Hessian update for step 1.
2025-12-23:10:39:56,832 INFO     [psi4.optking.history:317] 	Steps to be used in Hessian update:  8

2025-12-23:10:39:56,832 INFO     [psi4.optking.history:418] 	Updated Hessian (in au) 
 	   0.004064

2025-12-23:10:39:56,833 INFO     [psi4.optking.molsys:944] Projected (PHP) Hessian matrix
	   0.004064

2025-12-23:10:39:56,833 INFO     [psi4.optking.opt_helper:182] 
	         Geometry (au)                                       Gradient (au)
   0.0000000000   0.0000000000   3.4630168311		   0.0000000000   0.0000000000  -0.0038582686
   0.0000000000   0.0000000000  -1.5190164228		   0.0000000000   0.0000000000   0.0038034882

2025-12-23:10:39:56,833 INFO     [psi4.optking.stepAlgorithms:368] 	Current Step Report 
 
	Current energy:       -82.5421805521
	Energy change for the previous step:
		Actual       :        -0.0023566124
		Projected    :        -0.0014492588

2025-12-23:10:39:56,833 INFO     [psi4.optking.stepAlgorithms:371] 	Energy ratio =    1.62608
2025-12-23:10:39:56,833 INFO     [psi4.optking.stepAlgorithms:929] 	Using RFO solution 1.
2025-12-23:10:39:56,833 INFO     [psi4.optking.displace:100] 	Determining Cartesian step for fragment 1.
2025-12-23:10:39:56,833 INFO     [psi4.optking.displace:415] 	Successfully converged to displaced geometry.
2025-12-23:10:39:56,833 INFO     [psi4.optking.displace:416] 	RMS(dx):  0.000e+00 	Max(dx):  0.000e+00 	RMS(dq):  0.000e+00
2025-12-23:10:39:56,833 INFO     [psi4.optking.displace:172] 

	        --- Internal Coordinate Step in ANG or DEG, aJ/ANG or AJ/DEG ---
	-------------------------------------------------------------------------------
	           Coordinate      Previous         Force          Change          New 
	           ----------      --------        ------          ------        ------
	               R(1,2)       2.63638        0.03156        0.31831       2.95469
	-------------------------------------------------------------------------------

2025-12-23:10:39:56,833 INFO     [psi4.optking.stepAlgorithms:113] 	|target step| :    0.6015246007
2025-12-23:10:39:56,833 INFO     [psi4.optking.stepAlgorithms:114] 	gradient     :   -0.0038308784
2025-12-23:10:39:56,833 INFO     [psi4.optking.stepAlgorithms:115] 	hessian      :    0.0040642471
2025-12-23:10:39:56,833 INFO     [psi4.optking.stepAlgorithms:113] 	|target step| :    0.6015246007
2025-12-23:10:39:56,833 INFO     [psi4.optking.stepAlgorithms:114] 	gradient     :   -0.0038308784
2025-12-23:10:39:56,833 INFO     [psi4.optking.stepAlgorithms:115] 	hessian      :    0.0040642471
2025-12-23:10:39:56,833 INFO     [psi4.optking.stepAlgorithms:206] 	Norm of achieved step-size    0.6015246007
2025-12-23:10:39:56,833 INFO     [psi4.optking.stepAlgorithms:208] 	Norm of achieved step-size (cart):    0.4253421242
2025-12-23:10:39:56,833 INFO     [psi4.optking.opt_helper:164] Molsys:

	                            ===> Fragment 1 <== 

	 Z (Atomic Numbers)          Masses                          Geom                  
	       3.000000             7.016003          0.00000000  0.00000000  3.76377913   
	       8.000000            15.994915          0.00000000  0.00000000 -1.81977872   

	 - Coordinate -           - BOHR/RAD -       - ANG/DEG -
	 R(1,2)           =         5.583558           2.954692

2025-12-23:10:39:56,834 INFO     [psi4.optking.convcheck:76] Performing convergence check.
2025-12-23:10:39:56,834 INFO     [psi4.optking.convcheck:282] 
	                                 ==> Convergence Check <==                                  
    
	Measures of convergence in internal coordinates in au.
    
	Criteria marked as inactive (o), active & met (*), and active & unmet ( ).

	----------------------------------------------------------------------------------------------
	   Step    Total Energy     Delta E     Max Force     RMS Force      Max Disp      RMS Disp   
	----------------------------------------------------------------------------------------------
	  Convergence Criteria     1.00e-06 *    3.00e-04 *             o    1.20e-03 *             o
	----------------------------------------------------------------------------------------------
	     9     -82.54218055   -2.36e-03      3.83e-03      3.83e-03 o    6.02e-01      6.02e-01 o  ~
	----------------------------------------------------------------------------------------------


2025-12-23:10:39:56,834 INFO     [psi4.optking.stepAlgorithms:296] 	Convergence check returned False
2025-12-23:10:39:56,844 INFO     [psi4.driver.task_planner:259] PLANNING Atomic:  keywords={'DAMPING_PERCENTAGE': 1.0, 'GEOM_MAXITER': 500, 'SCF__GUESS': 'READ', 'GUESS': 'SAP', 'MAXITER': 500, 'REFERENCE': 'UKS', 'function_kwargs': {}}
2025-12-23:10:39:56,845 INFO     [psi4.driver.driver:638] Compute gradient(): method=b3lyp, basis=cc-pvdz, molecule=default, nre=4.298334614816158
2025-12-23:10:39:57,179 INFO     [psi4.driver.driver:641] Return gradient(): -82.54404662456045
2025-12-23:10:39:57,179 INFO     [psi4.driver.driver:642] [[ 0.00000000  0.00000000 -0.00249430]
 [ 0.00000000  0.00000000  0.00247133]]
2025-12-23:10:39:57,181 INFO     [psi4.optking.history:269] 	Performing BFGS update.
2025-12-23:10:39:57,181 INFO     [psi4.optking.history:280] 	Using 4 previous steps for update.
2025-12-23:10:39:57,181 WARNING  [psi4.optking.history:301] 	Change in internal coordinate of 6.02e-01 exceeds limit of 5.00e-01.
2025-12-23:10:39:57,181 WARNING  [psi4.optking.history:306] 	Skipping Hessian update for step 9.
2025-12-23:10:39:57,181 WARNING  [psi4.optking.history:301] 	Change in internal coordinate of 1.10e+00 exceeds limit of 5.00e-01.
2025-12-23:10:39:57,181 WARNING  [psi4.optking.history:306] 	Skipping Hessian update for step 8.
2025-12-23:10:39:57,181 WARNING  [psi4.optking.history:301] 	Change in internal coordinate of 1.49e+00 exceeds limit of 5.00e-01.
2025-12-23:10:39:57,181 WARNING  [psi4.optking.history:306] 	Skipping Hessian update for step 7.
2025-12-23:10:39:57,181 WARNING  [psi4.optking.history:301] 	Change in internal coordinate of 1.83e+00 exceeds limit of 5.00e-01.
2025-12-23:10:39:57,181 WARNING  [psi4.optking.history:306] 	Skipping Hessian update for step 6.
2025-12-23:10:39:57,181 WARNING  [psi4.optking.history:301] 	Change in internal coordinate of 2.13e+00 exceeds limit of 5.00e-01.
2025-12-23:10:39:57,181 WARNING  [psi4.optking.history:306] 	Skipping Hessian update for step 5.
2025-12-23:10:39:57,181 WARNING  [psi4.optking.history:301] 	Change in internal coordinate of 2.41e+00 exceeds limit of 5.00e-01.
2025-12-23:10:39:57,181 WARNING  [psi4.optking.history:306] 	Skipping Hessian update for step 4.
2025-12-23:10:39:57,181 WARNING  [psi4.optking.history:301] 	Change in internal coordinate of 2.70e+00 exceeds limit of 5.00e-01.
2025-12-23:10:39:57,181 WARNING  [psi4.optking.history:306] 	Skipping Hessian update for step 3.
2025-12-23:10:39:57,181 WARNING  [psi4.optking.history:301] 	Change in internal coordinate of 2.95e+00 exceeds limit of 5.00e-01.
2025-12-23:10:39:57,181 WARNING  [psi4.optking.history:306] 	Skipping Hessian update for step 2.
2025-12-23:10:39:57,182 INFO     [psi4.optking.history:317] 	Steps to be used in Hessian update:  1

2025-12-23:10:39:57,182 INFO     [psi4.optking.history:418] 	Updated Hessian (in au) 
 	   0.131179

2025-12-23:10:39:57,182 INFO     [psi4.optking.molsys:944] Projected (PHP) Hessian matrix
	   0.131179

2025-12-23:10:39:57,182 INFO     [psi4.optking.opt_helper:182] 
	         Geometry (au)                                       Gradient (au)
   0.0000000000   0.0000000000   3.8811372471		   0.0000000000   0.0000000000  -0.0024943002
   0.0000000000   0.0000000000  -1.7024206075		   0.0000000000   0.0000000000   0.0024713284

2025-12-23:10:39:57,182 INFO     [psi4.optking.stepAlgorithms:368] 	Current Step Report 
 
	Current energy:       -82.5440466246
	Energy change for the previous step:
		Actual       :        -0.0018660725
		Projected    :        -0.0011521838

2025-12-23:10:39:57,182 INFO     [psi4.optking.stepAlgorithms:371] 	Energy ratio =    1.61960
2025-12-23:10:39:57,182 INFO     [psi4.optking.stepAlgorithms:929] 	Using RFO solution 1.
2025-12-23:10:39:57,182 INFO     [psi4.optking.displace:100] 	Determining Cartesian step for fragment 1.
2025-12-23:10:39:57,182 INFO     [psi4.optking.displace:415] 	Successfully converged to displaced geometry.
2025-12-23:10:39:57,182 INFO     [psi4.optking.displace:416] 	RMS(dx):  2.564e-16 	Max(dx):  4.441e-16 	RMS(dq):  0.000e+00
2025-12-23:10:39:57,182 INFO     [psi4.optking.displace:172] 

	        --- Internal Coordinate Step in ANG or DEG, aJ/ANG or AJ/DEG ---
	-------------------------------------------------------------------------------
	           Coordinate      Previous         Force          Change          New 
	           ----------      --------        ------          ------        ------
	               R(1,2)       2.95469        0.02046        0.01001       2.96470
	-------------------------------------------------------------------------------

2025-12-23:10:39:57,182 INFO     [psi4.optking.stepAlgorithms:113] 	|target step| :    0.0189200724
2025-12-23:10:39:57,182 INFO     [psi4.optking.stepAlgorithms:114] 	gradient     :   -0.0024828143
2025-12-23:10:39:57,182 INFO     [psi4.optking.stepAlgorithms:115] 	hessian      :    0.1311794963
2025-12-23:10:39:57,182 INFO     [psi4.optking.stepAlgorithms:113] 	|target step| :    0.0189200724
2025-12-23:10:39:57,182 INFO     [psi4.optking.stepAlgorithms:114] 	gradient     :   -0.0024828143
2025-12-23:10:39:57,182 INFO     [psi4.optking.stepAlgorithms:115] 	hessian      :    0.1311794963
2025-12-23:10:39:57,182 INFO     [psi4.optking.stepAlgorithms:206] 	Norm of achieved step-size    0.0189200724
2025-12-23:10:39:57,182 INFO     [psi4.optking.stepAlgorithms:208] 	Norm of achieved step-size (cart):    0.0133785115
2025-12-23:10:39:57,183 INFO     [psi4.optking.opt_helper:164] Molsys:

	                            ===> Fragment 1 <== 

	 Z (Atomic Numbers)          Masses                          Geom                  
	       3.000000             7.016003          0.00000000  0.00000000  3.89059728   
	       8.000000            15.994915          0.00000000  0.00000000 -1.71188064   

	 - Coordinate -           - BOHR/RAD -       - ANG/DEG -
	 R(1,2)           =         5.602478           2.964704

2025-12-23:10:39:57,183 INFO     [psi4.optking.convcheck:76] Performing convergence check.
2025-12-23:10:39:57,183 INFO     [psi4.optking.convcheck:282] 
	                                 ==> Convergence Check <==                                  
    
	Measures of convergence in internal coordinates in au.
    
	Criteria marked as inactive (o), active & met (*), and active & unmet ( ).

	----------------------------------------------------------------------------------------------
	   Step    Total Energy     Delta E     Max Force     RMS Force      Max Disp      RMS Disp   
	----------------------------------------------------------------------------------------------
	  Convergence Criteria     1.00e-06 *    3.00e-04 *             o    1.20e-03 *             o
	----------------------------------------------------------------------------------------------
	    10     -82.54404662   -1.87e-03      2.48e-03      2.48e-03 o    1.89e-02      1.89e-02 o  ~
	----------------------------------------------------------------------------------------------


2025-12-23:10:39:57,183 INFO     [psi4.optking.stepAlgorithms:296] 	Convergence check returned False
2025-12-23:10:39:57,193 INFO     [psi4.driver.task_planner:259] PLANNING Atomic:  keywords={'DAMPING_PERCENTAGE': 1.0, 'GEOM_MAXITER': 500, 'SCF__GUESS': 'READ', 'GUESS': 'SAP', 'MAXITER': 500, 'REFERENCE': 'UKS', 'function_kwargs': {}}
2025-12-23:10:39:57,194 INFO     [psi4.driver.driver:638] Compute gradient(): method=b3lyp, basis=cc-pvdz, molecule=default, nre=4.283818751825827
2025-12-23:10:39:57,486 INFO     [psi4.driver.driver:641] Return gradient(): -82.54409302659649
2025-12-23:10:39:57,486 INFO     [psi4.driver.driver:642] [[-0.00000000  0.00000000 -0.00246083]
 [ 0.00000000 -0.00000000  0.00243994]]
2025-12-23:10:39:57,488 INFO     [psi4.optking.history:269] 	Performing BFGS update.
2025-12-23:10:39:57,488 INFO     [psi4.optking.history:280] 	Using 4 previous steps for update.
2025-12-23:10:39:57,488 WARNING  [psi4.optking.history:301] 	Change in internal coordinate of 6.20e-01 exceeds limit of 5.00e-01.
2025-12-23:10:39:57,488 WARNING  [psi4.optking.history:306] 	Skipping Hessian update for step 9.
2025-12-23:10:39:57,488 WARNING  [psi4.optking.history:301] 	Change in internal coordinate of 1.12e+00 exceeds limit of 5.00e-01.
2025-12-23:10:39:57,488 WARNING  [psi4.optking.history:306] 	Skipping Hessian update for step 8.
2025-12-23:10:39:57,488 WARNING  [psi4.optking.history:301] 	Change in internal coordinate of 1.51e+00 exceeds limit of 5.00e-01.
2025-12-23:10:39:57,488 WARNING  [psi4.optking.history:306] 	Skipping Hessian update for step 7.
2025-12-23:10:39:57,488 WARNING  [psi4.optking.history:301] 	Change in internal coordinate of 1.85e+00 exceeds limit of 5.00e-01.
2025-12-23:10:39:57,488 WARNING  [psi4.optking.history:306] 	Skipping Hessian update for step 6.
2025-12-23:10:39:57,488 WARNING  [psi4.optking.history:301] 	Change in internal coordinate of 2.15e+00 exceeds limit of 5.00e-01.
2025-12-23:10:39:57,488 WARNING  [psi4.optking.history:306] 	Skipping Hessian update for step 5.
2025-12-23:10:39:57,488 WARNING  [psi4.optking.history:301] 	Change in internal coordinate of 2.43e+00 exceeds limit of 5.00e-01.
2025-12-23:10:39:57,488 WARNING  [psi4.optking.history:306] 	Skipping Hessian update for step 4.
2025-12-23:10:39:57,488 WARNING  [psi4.optking.history:301] 	Change in internal coordinate of 2.72e+00 exceeds limit of 5.00e-01.
2025-12-23:10:39:57,488 WARNING  [psi4.optking.history:306] 	Skipping Hessian update for step 3.
2025-12-23:10:39:57,488 WARNING  [psi4.optking.history:301] 	Change in internal coordinate of 2.97e+00 exceeds limit of 5.00e-01.
2025-12-23:10:39:57,488 WARNING  [psi4.optking.history:306] 	Skipping Hessian update for step 2.
2025-12-23:10:39:57,488 WARNING  [psi4.optking.history:301] 	Change in internal coordinate of 3.33e+00 exceeds limit of 5.00e-01.
2025-12-23:10:39:57,488 WARNING  [psi4.optking.history:306] 	Skipping Hessian update for step 1.
2025-12-23:10:39:57,488 INFO     [psi4.optking.history:317] 	Steps to be used in Hessian update:  10

2025-12-23:10:39:57,488 INFO     [psi4.optking.history:418] 	Updated Hessian (in au) 
 	   0.001714

2025-12-23:10:39:57,488 INFO     [psi4.optking.molsys:944] Projected (PHP) Hessian matrix
	   0.001714

2025-12-23:10:39:57,488 INFO     [psi4.optking.opt_helper:182] 
	         Geometry (au)                                       Gradient (au)
   0.0000000000   0.0000000000   3.8942886103		  -0.0000000000   0.0000000000  -0.0024608322
   0.0000000000   0.0000000000  -1.7081893166		   0.0000000000  -0.0000000000   0.0024399434

2025-12-23:10:39:57,488 INFO     [psi4.optking.stepAlgorithms:368] 	Current Step Report 
 
	Current energy:       -82.5440930266
	Energy change for the previous step:
		Actual       :        -0.0000464020
		Projected    :        -0.0000234875

2025-12-23:10:39:57,488 INFO     [psi4.optking.stepAlgorithms:371] 	Energy ratio =    1.97560
2025-12-23:10:39:57,489 INFO     [psi4.optking.stepAlgorithms:929] 	Using RFO solution 1.
2025-12-23:10:39:57,489 INFO     [psi4.optking.displace:100] 	Determining Cartesian step for fragment 1.
2025-12-23:10:39:57,489 INFO     [psi4.optking.displace:415] 	Successfully converged to displaced geometry.
2025-12-23:10:39:57,489 INFO     [psi4.optking.displace:416] 	RMS(dx):  2.564e-16 	Max(dx):  4.441e-16 	RMS(dq):  0.000e+00
2025-12-23:10:39:57,489 INFO     [psi4.optking.displace:172] 

	        --- Internal Coordinate Step in ANG or DEG, aJ/ANG or AJ/DEG ---
	-------------------------------------------------------------------------------
	           Coordinate      Previous         Force          Change          New 
	           ----------      --------        ------          ------        ------
	               R(1,2)       2.96470        0.02019        0.37554       3.34025
	-------------------------------------------------------------------------------

2025-12-23:10:39:57,489 INFO     [psi4.optking.stepAlgorithms:113] 	|target step| :    0.7096725225
2025-12-23:10:39:57,489 INFO     [psi4.optking.stepAlgorithms:114] 	gradient     :   -0.0024503878
2025-12-23:10:39:57,489 INFO     [psi4.optking.stepAlgorithms:115] 	hessian      :    0.0017138701
2025-12-23:10:39:57,489 INFO     [psi4.optking.stepAlgorithms:113] 	|target step| :    0.7096725225
2025-12-23:10:39:57,489 INFO     [psi4.optking.stepAlgorithms:114] 	gradient     :   -0.0024503878
2025-12-23:10:39:57,489 INFO     [psi4.optking.stepAlgorithms:115] 	hessian      :    0.0017138701
2025-12-23:10:39:57,489 INFO     [psi4.optking.stepAlgorithms:206] 	Norm of achieved step-size    0.7096725225
2025-12-23:10:39:57,489 INFO     [psi4.optking.stepAlgorithms:208] 	Norm of achieved step-size (cart):    0.5018142531
2025-12-23:10:39:57,489 INFO     [psi4.optking.opt_helper:164] Molsys:

	                            ===> Fragment 1 <== 

	 Z (Atomic Numbers)          Masses                          Geom                  
	       3.000000             7.016003          0.00000000  0.00000000  4.24912487   
	       8.000000            15.994915          0.00000000  0.00000000 -2.06302558   

	 - Coordinate -           - BOHR/RAD -       - ANG/DEG -
	 R(1,2)           =         6.312150           3.340246

2025-12-23:10:39:57,490 INFO     [psi4.optking.convcheck:76] Performing convergence check.
2025-12-23:10:39:57,490 INFO     [psi4.optking.convcheck:282] 
	                                 ==> Convergence Check <==                                  
    
	Measures of convergence in internal coordinates in au.
    
	Criteria marked as inactive (o), active & met (*), and active & unmet ( ).

	----------------------------------------------------------------------------------------------
	   Step    Total Energy     Delta E     Max Force     RMS Force      Max Disp      RMS Disp   
	----------------------------------------------------------------------------------------------
	  Convergence Criteria     1.00e-06 *    3.00e-04 *             o    1.20e-03 *             o
	----------------------------------------------------------------------------------------------
	    11     -82.54409303   -4.64e-05      2.45e-03      2.45e-03 o    7.10e-01      7.10e-01 o  ~
	----------------------------------------------------------------------------------------------


2025-12-23:10:39:57,490 INFO     [psi4.optking.stepAlgorithms:296] 	Convergence check returned False
2025-12-23:10:39:57,500 INFO     [psi4.driver.task_planner:259] PLANNING Atomic:  keywords={'DAMPING_PERCENTAGE': 1.0, 'GEOM_MAXITER': 500, 'SCF__GUESS': 'READ', 'GUESS': 'SAP', 'MAXITER': 500, 'REFERENCE': 'UKS', 'function_kwargs': {}}
2025-12-23:10:39:57,501 INFO     [psi4.driver.driver:638] Compute gradient(): method=b3lyp, basis=cc-pvdz, molecule=default, nre=3.8021907418824603
2025-12-23:10:39:57,844 INFO     [psi4.driver.driver:641] Return gradient(): -82.54544511893
2025-12-23:10:39:57,845 INFO     [psi4.driver.driver:642] [[ 0.00000000  0.00000000 -0.00144463]
 [ 0.00000000  0.00000000  0.00145807]]
2025-12-23:10:39:57,846 INFO     [psi4.optking.history:269] 	Performing BFGS update.
2025-12-23:10:39:57,846 INFO     [psi4.optking.history:280] 	Using 4 previous steps for update.
2025-12-23:10:39:57,846 WARNING  [psi4.optking.history:301] 	Change in internal coordinate of 7.10e-01 exceeds limit of 5.00e-01.
2025-12-23:10:39:57,846 WARNING  [psi4.optking.history:306] 	Skipping Hessian update for step 11.
2025-12-23:10:39:57,846 WARNING  [psi4.optking.history:301] 	Change in internal coordinate of 7.29e-01 exceeds limit of 5.00e-01.
2025-12-23:10:39:57,846 WARNING  [psi4.optking.history:306] 	Skipping Hessian update for step 10.
2025-12-23:10:39:57,846 WARNING  [psi4.optking.history:301] 	Change in internal coordinate of 1.33e+00 exceeds limit of 5.00e-01.
2025-12-23:10:39:57,846 WARNING  [psi4.optking.history:306] 	Skipping Hessian update for step 9.
2025-12-23:10:39:57,847 WARNING  [psi4.optking.history:301] 	Change in internal coordinate of 1.83e+00 exceeds limit of 5.00e-01.
2025-12-23:10:39:57,847 WARNING  [psi4.optking.history:306] 	Skipping Hessian update for step 8.
2025-12-23:10:39:57,847 WARNING  [psi4.optking.history:301] 	Change in internal coordinate of 2.22e+00 exceeds limit of 5.00e-01.
2025-12-23:10:39:57,847 WARNING  [psi4.optking.history:306] 	Skipping Hessian update for step 7.
2025-12-23:10:39:57,847 WARNING  [psi4.optking.history:301] 	Change in internal coordinate of 2.55e+00 exceeds limit of 5.00e-01.
2025-12-23:10:39:57,847 WARNING  [psi4.optking.history:306] 	Skipping Hessian update for step 6.
2025-12-23:10:39:57,847 WARNING  [psi4.optking.history:301] 	Change in internal coordinate of 2.86e+00 exceeds limit of 5.00e-01.
2025-12-23:10:39:57,847 WARNING  [psi4.optking.history:306] 	Skipping Hessian update for step 5.
2025-12-23:10:39:57,847 WARNING  [psi4.optking.history:301] 	Change in internal coordinate of 3.14e+00 exceeds limit of 5.00e-01.
2025-12-23:10:39:57,847 WARNING  [psi4.optking.history:306] 	Skipping Hessian update for step 4.
2025-12-23:10:39:57,847 WARNING  [psi4.optking.history:301] 	Change in internal coordinate of 3.43e+00 exceeds limit of 5.00e-01.
2025-12-23:10:39:57,847 WARNING  [psi4.optking.history:306] 	Skipping Hessian update for step 3.
2025-12-23:10:39:57,847 WARNING  [psi4.optking.history:301] 	Change in internal coordinate of 3.68e+00 exceeds limit of 5.00e-01.
2025-12-23:10:39:57,847 WARNING  [psi4.optking.history:306] 	Skipping Hessian update for step 2.
2025-12-23:10:39:57,847 INFO     [psi4.optking.history:317] 	Steps to be used in Hessian update:  1

2025-12-23:10:39:57,847 INFO     [psi4.optking.history:418] 	Updated Hessian (in au) 
 	   0.107803

2025-12-23:10:39:57,847 INFO     [psi4.optking.molsys:944] Projected (PHP) Hessian matrix
	   0.107803

2025-12-23:10:39:57,847 INFO     [psi4.optking.opt_helper:182] 
	         Geometry (au)                                       Gradient (au)
   0.0000000000   0.0000000000   4.3875827665		   0.0000000000   0.0000000000  -0.0014446271
   0.0000000000   0.0000000000  -1.9245676829		   0.0000000000   0.0000000000   0.0014580708

2025-12-23:10:39:57,847 INFO     [psi4.optking.stepAlgorithms:368] 	Current Step Report 
 
	Current energy:       -82.5454451189
	Energy change for the previous step:
		Actual       :        -0.0013520923
		Projected    :        -0.0008694864

2025-12-23:10:39:57,847 INFO     [psi4.optking.stepAlgorithms:371] 	Energy ratio =    1.55505
2025-12-23:10:39:57,847 INFO     [psi4.optking.stepAlgorithms:929] 	Using RFO solution 1.
2025-12-23:10:39:57,847 INFO     [psi4.optking.displace:100] 	Determining Cartesian step for fragment 1.
2025-12-23:10:39:57,848 INFO     [psi4.optking.displace:415] 	Successfully converged to displaced geometry.
2025-12-23:10:39:57,848 INFO     [psi4.optking.displace:416] 	RMS(dx):  0.000e+00 	Max(dx):  0.000e+00 	RMS(dq):  0.000e+00
2025-12-23:10:39:57,848 INFO     [psi4.optking.displace:172] 

	        --- Internal Coordinate Step in ANG or DEG, aJ/ANG or AJ/DEG ---
	-------------------------------------------------------------------------------
	           Coordinate      Previous         Force          Change          New 
	           ----------      --------        ------          ------        ------
	               R(1,2)       3.34025        0.01196        0.00712       3.34737
	-------------------------------------------------------------------------------

2025-12-23:10:39:57,848 INFO     [psi4.optking.stepAlgorithms:113] 	|target step| :    0.0134605094
2025-12-23:10:39:57,848 INFO     [psi4.optking.stepAlgorithms:114] 	gradient     :   -0.0014513489
2025-12-23:10:39:57,848 INFO     [psi4.optking.stepAlgorithms:115] 	hessian      :    0.1078031994
2025-12-23:10:39:57,848 INFO     [psi4.optking.stepAlgorithms:113] 	|target step| :    0.0134605094
2025-12-23:10:39:57,848 INFO     [psi4.optking.stepAlgorithms:114] 	gradient     :   -0.0014513489
2025-12-23:10:39:57,848 INFO     [psi4.optking.stepAlgorithms:115] 	hessian      :    0.1078031994
2025-12-23:10:39:57,848 INFO     [psi4.optking.stepAlgorithms:206] 	Norm of achieved step-size    0.0134605094
2025-12-23:10:39:57,848 INFO     [psi4.optking.stepAlgorithms:208] 	Norm of achieved step-size (cart):    0.0095180175
2025-12-23:10:39:57,848 INFO     [psi4.optking.opt_helper:164] Molsys:

	                            ===> Fragment 1 <== 

	 Z (Atomic Numbers)          Masses                          Geom                  
	       3.000000             7.016003          0.00000000  0.00000000  4.39431302   
	       8.000000            15.994915          0.00000000  0.00000000 -1.93129794   

	 - Coordinate -           - BOHR/RAD -       - ANG/DEG -
	 R(1,2)           =         6.325611           3.347369

2025-12-23:10:39:57,848 INFO     [psi4.optking.convcheck:76] Performing convergence check.
2025-12-23:10:39:57,848 INFO     [psi4.optking.convcheck:282] 
	                                 ==> Convergence Check <==                                  
    
	Measures of convergence in internal coordinates in au.
    
	Criteria marked as inactive (o), active & met (*), and active & unmet ( ).

	----------------------------------------------------------------------------------------------
	   Step    Total Energy     Delta E     Max Force     RMS Force      Max Disp      RMS Disp   
	----------------------------------------------------------------------------------------------
	  Convergence Criteria     1.00e-06 *    3.00e-04 *             o    1.20e-03 *             o
	----------------------------------------------------------------------------------------------
	    12     -82.54544512   -1.35e-03      1.45e-03      1.45e-03 o    1.35e-02      1.35e-02 o  ~
	----------------------------------------------------------------------------------------------


2025-12-23:10:39:57,848 INFO     [psi4.optking.stepAlgorithms:296] 	Convergence check returned False
2025-12-23:10:39:57,858 INFO     [psi4.driver.task_planner:259] PLANNING Atomic:  keywords={'DAMPING_PERCENTAGE': 1.0, 'GEOM_MAXITER': 500, 'SCF__GUESS': 'READ', 'GUESS': 'SAP', 'MAXITER': 500, 'REFERENCE': 'UKS', 'function_kwargs': {}}
2025-12-23:10:39:57,860 INFO     [psi4.driver.driver:638] Compute gradient(): method=b3lyp, basis=cc-pvdz, molecule=default, nre=3.7940999148447987
2025-12-23:10:39:58,160 INFO     [psi4.driver.driver:641] Return gradient(): -82.54546439657486
2025-12-23:10:39:58,160 INFO     [psi4.driver.driver:642] [[ 0.00000000 -0.00000000 -0.00142923]
 [-0.00000000  0.00000000  0.00144348]]
2025-12-23:10:39:58,162 INFO     [psi4.optking.history:269] 	Performing BFGS update.
2025-12-23:10:39:58,162 INFO     [psi4.optking.history:280] 	Using 4 previous steps for update.
2025-12-23:10:39:58,162 WARNING  [psi4.optking.history:301] 	Change in internal coordinate of 7.23e-01 exceeds limit of 5.00e-01.
2025-12-23:10:39:58,162 WARNING  [psi4.optking.history:306] 	Skipping Hessian update for step 11.
2025-12-23:10:39:58,162 WARNING  [psi4.optking.history:301] 	Change in internal coordinate of 7.42e-01 exceeds limit of 5.00e-01.
2025-12-23:10:39:58,162 WARNING  [psi4.optking.history:306] 	Skipping Hessian update for step 10.
2025-12-23:10:39:58,162 WARNING  [psi4.optking.history:301] 	Change in internal coordinate of 1.34e+00 exceeds limit of 5.00e-01.
2025-12-23:10:39:58,162 WARNING  [psi4.optking.history:306] 	Skipping Hessian update for step 9.
2025-12-23:10:39:58,162 WARNING  [psi4.optking.history:301] 	Change in internal coordinate of 1.84e+00 exceeds limit of 5.00e-01.
2025-12-23:10:39:58,162 WARNING  [psi4.optking.history:306] 	Skipping Hessian update for step 8.
2025-12-23:10:39:58,162 WARNING  [psi4.optking.history:301] 	Change in internal coordinate of 2.23e+00 exceeds limit of 5.00e-01.
2025-12-23:10:39:58,162 WARNING  [psi4.optking.history:306] 	Skipping Hessian update for step 7.
2025-12-23:10:39:58,162 WARNING  [psi4.optking.history:301] 	Change in internal coordinate of 2.57e+00 exceeds limit of 5.00e-01.
2025-12-23:10:39:58,162 WARNING  [psi4.optking.history:306] 	Skipping Hessian update for step 6.
2025-12-23:10:39:58,162 WARNING  [psi4.optking.history:301] 	Change in internal coordinate of 2.87e+00 exceeds limit of 5.00e-01.
2025-12-23:10:39:58,162 WARNING  [psi4.optking.history:306] 	Skipping Hessian update for step 5.
2025-12-23:10:39:58,162 WARNING  [psi4.optking.history:301] 	Change in internal coordinate of 3.15e+00 exceeds limit of 5.00e-01.
2025-12-23:10:39:58,162 WARNING  [psi4.optking.history:306] 	Skipping Hessian update for step 4.
2025-12-23:10:39:58,162 WARNING  [psi4.optking.history:301] 	Change in internal coordinate of 3.44e+00 exceeds limit of 5.00e-01.
2025-12-23:10:39:58,162 WARNING  [psi4.optking.history:306] 	Skipping Hessian update for step 3.
2025-12-23:10:39:58,162 WARNING  [psi4.optking.history:301] 	Change in internal coordinate of 3.70e+00 exceeds limit of 5.00e-01.
2025-12-23:10:39:58,162 WARNING  [psi4.optking.history:306] 	Skipping Hessian update for step 2.
2025-12-23:10:39:58,162 WARNING  [psi4.optking.history:301] 	Change in internal coordinate of 4.06e+00 exceeds limit of 5.00e-01.
2025-12-23:10:39:58,162 WARNING  [psi4.optking.history:306] 	Skipping Hessian update for step 1.
2025-12-23:10:39:58,162 INFO     [psi4.optking.history:317] 	Steps to be used in Hessian update:  12

2025-12-23:10:39:58,163 INFO     [psi4.optking.history:418] 	Updated Hessian (in au) 
 	   0.001114

2025-12-23:10:39:58,163 INFO     [psi4.optking.molsys:944] Projected (PHP) Hessian matrix
	   0.001114

2025-12-23:10:39:58,163 INFO     [psi4.optking.opt_helper:182] 
	         Geometry (au)                                       Gradient (au)
   0.0000000000   0.0000000000   4.3969391814		   0.0000000000  -0.0000000000  -0.0014292276
   0.0000000000   0.0000000000  -1.9286717773		  -0.0000000000   0.0000000000   0.0014434764

2025-12-23:10:39:58,163 INFO     [psi4.optking.stepAlgorithms:368] 	Current Step Report 
 
	Current energy:       -82.5454643966
	Energy change for the previous step:
		Actual       :        -0.0000192776
		Projected    :        -0.0000097679

2025-12-23:10:39:58,163 INFO     [psi4.optking.stepAlgorithms:371] 	Energy ratio =    1.97356
2025-12-23:10:39:58,163 INFO     [psi4.optking.stepAlgorithms:929] 	Using RFO solution 1.
2025-12-23:10:39:58,163 INFO     [psi4.optking.displace:100] 	Determining Cartesian step for fragment 1.
2025-12-23:10:39:58,163 INFO     [psi4.optking.displace:415] 	Successfully converged to displaced geometry.
2025-12-23:10:39:58,163 INFO     [psi4.optking.displace:416] 	RMS(dx):  2.564e-16 	Max(dx):  4.441e-16 	RMS(dq):  0.000e+00
2025-12-23:10:39:58,163 INFO     [psi4.optking.displace:172] 

	        --- Internal Coordinate Step in ANG or DEG, aJ/ANG or AJ/DEG ---
	-------------------------------------------------------------------------------
	           Coordinate      Previous         Force          Change          New 
	           ----------      --------        ------          ------        ------
	               R(1,2)       3.34737        0.01183        0.36235       3.70972
	-------------------------------------------------------------------------------

2025-12-23:10:39:58,163 INFO     [psi4.optking.stepAlgorithms:113] 	|target step| :    0.6847370911
2025-12-23:10:39:58,163 INFO     [psi4.optking.stepAlgorithms:114] 	gradient     :   -0.0014363520
2025-12-23:10:39:58,163 INFO     [psi4.optking.stepAlgorithms:115] 	hessian      :    0.0011141458
2025-12-23:10:39:58,163 INFO     [psi4.optking.stepAlgorithms:113] 	|target step| :    0.6847370911
2025-12-23:10:39:58,163 INFO     [psi4.optking.stepAlgorithms:114] 	gradient     :   -0.0014363520
2025-12-23:10:39:58,163 INFO     [psi4.optking.stepAlgorithms:115] 	hessian      :    0.0011141458
2025-12-23:10:39:58,163 INFO     [psi4.optking.stepAlgorithms:206] 	Norm of achieved step-size    0.6847370911
2025-12-23:10:39:58,163 INFO     [psi4.optking.stepAlgorithms:208] 	Norm of achieved step-size (cart):    0.4841822404
2025-12-23:10:39:58,164 INFO     [psi4.optking.opt_helper:164] Molsys:

	                            ===> Fragment 1 <== 

	 Z (Atomic Numbers)          Masses                          Geom                  
	       3.000000             7.016003          0.00000000  0.00000000  4.73930773   
	       8.000000            15.994915          0.00000000  0.00000000 -2.27104032   

	 - Coordinate -           - BOHR/RAD -       - ANG/DEG -
	 R(1,2)           =         7.010348           3.709716

2025-12-23:10:39:58,164 INFO     [psi4.optking.convcheck:76] Performing convergence check.
2025-12-23:10:39:58,164 INFO     [psi4.optking.convcheck:282] 
	                                 ==> Convergence Check <==                                  
    
	Measures of convergence in internal coordinates in au.
    
	Criteria marked as inactive (o), active & met (*), and active & unmet ( ).

	----------------------------------------------------------------------------------------------
	   Step    Total Energy     Delta E     Max Force     RMS Force      Max Disp      RMS Disp   
	----------------------------------------------------------------------------------------------
	  Convergence Criteria     1.00e-06 *    3.00e-04 *             o    1.20e-03 *             o
	----------------------------------------------------------------------------------------------
	    13     -82.54546440   -1.93e-05      1.44e-03      1.44e-03 o    6.85e-01      6.85e-01 o  ~
	----------------------------------------------------------------------------------------------


2025-12-23:10:39:58,164 INFO     [psi4.optking.stepAlgorithms:296] 	Convergence check returned False
2025-12-23:10:39:58,174 INFO     [psi4.driver.task_planner:259] PLANNING Atomic:  keywords={'DAMPING_PERCENTAGE': 1.0, 'GEOM_MAXITER': 500, 'SCF__GUESS': 'READ', 'GUESS': 'SAP', 'MAXITER': 500, 'REFERENCE': 'UKS', 'function_kwargs': {}}
2025-12-23:10:39:58,176 INFO     [psi4.driver.driver:638] Compute gradient(): method=b3lyp, basis=cc-pvdz, molecule=default, nre=3.4235104775541885
2025-12-23:10:39:58,526 INFO     [psi4.driver.driver:641] Return gradient(): -82.54621498675326
2025-12-23:10:39:58,526 INFO     [psi4.driver.driver:642] [[ 0.00000000  0.00000000 -0.00079532]
 [ 0.00000000  0.00000000  0.00079931]]
2025-12-23:10:39:58,528 INFO     [psi4.optking.history:269] 	Performing BFGS update.
2025-12-23:10:39:58,528 INFO     [psi4.optking.history:280] 	Using 4 previous steps for update.
2025-12-23:10:39:58,528 WARNING  [psi4.optking.history:301] 	Change in internal coordinate of 6.85e-01 exceeds limit of 5.00e-01.
2025-12-23:10:39:58,528 WARNING  [psi4.optking.history:306] 	Skipping Hessian update for step 13.
2025-12-23:10:39:58,528 WARNING  [psi4.optking.history:301] 	Change in internal coordinate of 6.98e-01 exceeds limit of 5.00e-01.
2025-12-23:10:39:58,528 WARNING  [psi4.optking.history:306] 	Skipping Hessian update for step 12.
2025-12-23:10:39:58,528 WARNING  [psi4.optking.history:301] 	Change in internal coordinate of 1.41e+00 exceeds limit of 5.00e-01.
2025-12-23:10:39:58,528 WARNING  [psi4.optking.history:306] 	Skipping Hessian update for step 11.
2025-12-23:10:39:58,528 WARNING  [psi4.optking.history:301] 	Change in internal coordinate of 1.43e+00 exceeds limit of 5.00e-01.
2025-12-23:10:39:58,528 WARNING  [psi4.optking.history:306] 	Skipping Hessian update for step 10.
2025-12-23:10:39:58,528 WARNING  [psi4.optking.history:301] 	Change in internal coordinate of 2.03e+00 exceeds limit of 5.00e-01.
2025-12-23:10:39:58,528 WARNING  [psi4.optking.history:306] 	Skipping Hessian update for step 9.
2025-12-23:10:39:58,528 WARNING  [psi4.optking.history:301] 	Change in internal coordinate of 2.52e+00 exceeds limit of 5.00e-01.
2025-12-23:10:39:58,528 WARNING  [psi4.optking.history:306] 	Skipping Hessian update for step 8.
2025-12-23:10:39:58,528 WARNING  [psi4.optking.history:301] 	Change in internal coordinate of 2.92e+00 exceeds limit of 5.00e-01.
2025-12-23:10:39:58,528 WARNING  [psi4.optking.history:306] 	Skipping Hessian update for step 7.
2025-12-23:10:39:58,528 WARNING  [psi4.optking.history:301] 	Change in internal coordinate of 3.25e+00 exceeds limit of 5.00e-01.
2025-12-23:10:39:58,528 WARNING  [psi4.optking.history:306] 	Skipping Hessian update for step 6.
2025-12-23:10:39:58,528 WARNING  [psi4.optking.history:301] 	Change in internal coordinate of 3.56e+00 exceeds limit of 5.00e-01.
2025-12-23:10:39:58,528 WARNING  [psi4.optking.history:306] 	Skipping Hessian update for step 5.
2025-12-23:10:39:58,528 WARNING  [psi4.optking.history:301] 	Change in internal coordinate of 3.84e+00 exceeds limit of 5.00e-01.
2025-12-23:10:39:58,529 WARNING  [psi4.optking.history:306] 	Skipping Hessian update for step 4.
2025-12-23:10:39:58,529 WARNING  [psi4.optking.history:301] 	Change in internal coordinate of 4.12e+00 exceeds limit of 5.00e-01.
2025-12-23:10:39:58,529 WARNING  [psi4.optking.history:306] 	Skipping Hessian update for step 3.
2025-12-23:10:39:58,529 WARNING  [psi4.optking.history:301] 	Change in internal coordinate of 4.38e+00 exceeds limit of 5.00e-01.
2025-12-23:10:39:58,529 WARNING  [psi4.optking.history:306] 	Skipping Hessian update for step 2.
2025-12-23:10:39:58,529 INFO     [psi4.optking.history:317] 	Steps to be used in Hessian update:  1

2025-12-23:10:39:58,529 INFO     [psi4.optking.history:418] 	Updated Hessian (in au) 
 	   0.092071

2025-12-23:10:39:58,529 INFO     [psi4.optking.molsys:944] Projected (PHP) Hessian matrix
	   0.092071

2025-12-23:10:39:58,529 INFO     [psi4.optking.opt_helper:182] 
	         Geometry (au)                                       Gradient (au)
   0.0000000000   0.0000000000   4.8729006916		   0.0000000000   0.0000000000  -0.0007953217
   0.0000000000   0.0000000000  -2.1374473582		   0.0000000000   0.0000000000   0.0007993135

2025-12-23:10:39:58,529 INFO     [psi4.optking.stepAlgorithms:368] 	Current Step Report 
 
	Current energy:       -82.5462149868
	Energy change for the previous step:
		Actual       :        -0.0007505902
		Projected    :        -0.0004917617

2025-12-23:10:39:58,529 INFO     [psi4.optking.stepAlgorithms:371] 	Energy ratio =    1.52633
2025-12-23:10:39:58,529 INFO     [psi4.optking.stepAlgorithms:929] 	Using RFO solution 1.
2025-12-23:10:39:58,529 INFO     [psi4.optking.displace:100] 	Determining Cartesian step for fragment 1.
2025-12-23:10:39:58,529 INFO     [psi4.optking.displace:415] 	Successfully converged to displaced geometry.
2025-12-23:10:39:58,529 INFO     [psi4.optking.displace:416] 	RMS(dx):  0.000e+00 	Max(dx):  0.000e+00 	RMS(dq):  0.000e+00
2025-12-23:10:39:58,529 INFO     [psi4.optking.displace:172] 

	        --- Internal Coordinate Step in ANG or DEG, aJ/ANG or AJ/DEG ---
	-------------------------------------------------------------------------------
	           Coordinate      Previous         Force          Change          New 
	           ----------      --------        ------          ------        ------
	               R(1,2)       3.70972        0.00657        0.00458       3.71430
	-------------------------------------------------------------------------------

2025-12-23:10:39:58,530 INFO     [psi4.optking.stepAlgorithms:113] 	|target step| :    0.0086591862
2025-12-23:10:39:58,530 INFO     [psi4.optking.stepAlgorithms:114] 	gradient     :   -0.0007973176
2025-12-23:10:39:58,530 INFO     [psi4.optking.stepAlgorithms:115] 	hessian      :    0.0920707537
2025-12-23:10:39:58,530 INFO     [psi4.optking.stepAlgorithms:113] 	|target step| :    0.0086591862
2025-12-23:10:39:58,530 INFO     [psi4.optking.stepAlgorithms:114] 	gradient     :   -0.0007973176
2025-12-23:10:39:58,530 INFO     [psi4.optking.stepAlgorithms:115] 	hessian      :    0.0920707537
2025-12-23:10:39:58,530 INFO     [psi4.optking.stepAlgorithms:206] 	Norm of achieved step-size    0.0086591862
2025-12-23:10:39:58,530 INFO     [psi4.optking.stepAlgorithms:208] 	Norm of achieved step-size (cart):    0.0061229692
2025-12-23:10:39:58,530 INFO     [psi4.optking.opt_helper:164] Molsys:

	                            ===> Fragment 1 <== 

	 Z (Atomic Numbers)          Masses                          Geom                  
	       3.000000             7.016003          0.00000000  0.00000000  4.87723028   
	       8.000000            15.994915          0.00000000  0.00000000 -2.14177695   

	 - Coordinate -           - BOHR/RAD -       - ANG/DEG -
	 R(1,2)           =         7.019007           3.714299

2025-12-23:10:39:58,530 INFO     [psi4.optking.convcheck:76] Performing convergence check.
2025-12-23:10:39:58,530 INFO     [psi4.optking.convcheck:282] 
	                                 ==> Convergence Check <==                                  
    
	Measures of convergence in internal coordinates in au.
    
	Criteria marked as inactive (o), active & met (*), and active & unmet ( ).

	----------------------------------------------------------------------------------------------
	   Step    Total Energy     Delta E     Max Force     RMS Force      Max Disp      RMS Disp   
	----------------------------------------------------------------------------------------------
	  Convergence Criteria     1.00e-06 *    3.00e-04 *             o    1.20e-03 *             o
	----------------------------------------------------------------------------------------------
	    14     -82.54621499   -7.51e-04      7.97e-04      7.97e-04 o    8.66e-03      8.66e-03 o  ~
	----------------------------------------------------------------------------------------------


2025-12-23:10:39:58,530 INFO     [psi4.optking.stepAlgorithms:296] 	Convergence check returned False
2025-12-23:10:39:58,540 INFO     [psi4.driver.task_planner:259] PLANNING Atomic:  keywords={'DAMPING_PERCENTAGE': 1.0, 'GEOM_MAXITER': 500, 'SCF__GUESS': 'READ', 'GUESS': 'SAP', 'MAXITER': 500, 'REFERENCE': 'UKS', 'function_kwargs': {}}
2025-12-23:10:39:58,542 INFO     [psi4.driver.driver:638] Compute gradient(): method=b3lyp, basis=cc-pvdz, molecule=default, nre=3.419286972218249
2025-12-23:10:39:58,871 INFO     [psi4.driver.driver:641] Return gradient(): -82.54622196586635
2025-12-23:10:39:58,871 INFO     [psi4.driver.driver:642] [[ 0.00000000 -0.00000000 -0.00078900]
 [ 0.00000000 -0.00000000  0.00079241]]
2025-12-23:10:39:58,873 INFO     [psi4.optking.history:269] 	Performing BFGS update.
2025-12-23:10:39:58,873 INFO     [psi4.optking.history:280] 	Using 4 previous steps for update.
2025-12-23:10:39:58,873 WARNING  [psi4.optking.history:297] 	Denominators (dg)(dq) or (dq)(dq) are very small.
2025-12-23:10:39:58,873 WARNING  [psi4.optking.history:298] 	Skipping Hessian update for step 14.
2025-12-23:10:39:58,873 WARNING  [psi4.optking.history:301] 	Change in internal coordinate of 6.93e-01 exceeds limit of 5.00e-01.
2025-12-23:10:39:58,873 WARNING  [psi4.optking.history:306] 	Skipping Hessian update for step 13.
2025-12-23:10:39:58,873 WARNING  [psi4.optking.history:301] 	Change in internal coordinate of 7.07e-01 exceeds limit of 5.00e-01.
2025-12-23:10:39:58,873 WARNING  [psi4.optking.history:306] 	Skipping Hessian update for step 12.
2025-12-23:10:39:58,873 WARNING  [psi4.optking.history:301] 	Change in internal coordinate of 1.42e+00 exceeds limit of 5.00e-01.
2025-12-23:10:39:58,873 WARNING  [psi4.optking.history:306] 	Skipping Hessian update for step 11.
2025-12-23:10:39:58,873 WARNING  [psi4.optking.history:301] 	Change in internal coordinate of 1.44e+00 exceeds limit of 5.00e-01.
2025-12-23:10:39:58,873 WARNING  [psi4.optking.history:306] 	Skipping Hessian update for step 10.
2025-12-23:10:39:58,874 WARNING  [psi4.optking.history:301] 	Change in internal coordinate of 2.04e+00 exceeds limit of 5.00e-01.
2025-12-23:10:39:58,874 WARNING  [psi4.optking.history:306] 	Skipping Hessian update for step 9.
2025-12-23:10:39:58,874 WARNING  [psi4.optking.history:301] 	Change in internal coordinate of 2.53e+00 exceeds limit of 5.00e-01.
2025-12-23:10:39:58,874 WARNING  [psi4.optking.history:306] 	Skipping Hessian update for step 8.
2025-12-23:10:39:58,874 WARNING  [psi4.optking.history:301] 	Change in internal coordinate of 2.93e+00 exceeds limit of 5.00e-01.
2025-12-23:10:39:58,874 WARNING  [psi4.optking.history:306] 	Skipping Hessian update for step 7.
2025-12-23:10:39:58,874 WARNING  [psi4.optking.history:301] 	Change in internal coordinate of 3.26e+00 exceeds limit of 5.00e-01.
2025-12-23:10:39:58,874 WARNING  [psi4.optking.history:306] 	Skipping Hessian update for step 6.
2025-12-23:10:39:58,874 WARNING  [psi4.optking.history:301] 	Change in internal coordinate of 3.56e+00 exceeds limit of 5.00e-01.
2025-12-23:10:39:58,874 WARNING  [psi4.optking.history:306] 	Skipping Hessian update for step 5.
2025-12-23:10:39:58,874 WARNING  [psi4.optking.history:301] 	Change in internal coordinate of 3.85e+00 exceeds limit of 5.00e-01.
2025-12-23:10:39:58,874 WARNING  [psi4.optking.history:306] 	Skipping Hessian update for step 4.
2025-12-23:10:39:58,874 WARNING  [psi4.optking.history:301] 	Change in internal coordinate of 4.13e+00 exceeds limit of 5.00e-01.
2025-12-23:10:39:58,874 WARNING  [psi4.optking.history:306] 	Skipping Hessian update for step 3.
2025-12-23:10:39:58,874 WARNING  [psi4.optking.history:301] 	Change in internal coordinate of 4.39e+00 exceeds limit of 5.00e-01.
2025-12-23:10:39:58,874 WARNING  [psi4.optking.history:306] 	Skipping Hessian update for step 2.
2025-12-23:10:39:58,874 INFO     [psi4.optking.history:317] 	Steps to be used in Hessian update:  1

2025-12-23:10:39:58,874 INFO     [psi4.optking.history:418] 	Updated Hessian (in au) 
 	   0.091904

2025-12-23:10:39:58,874 INFO     [psi4.optking.molsys:944] Projected (PHP) Hessian matrix
	   0.091904

2025-12-23:10:39:58,874 INFO     [psi4.optking.opt_helper:182] 
	         Geometry (au)                                       Gradient (au)
   0.0000000000   0.0000000000   4.8789197015		   0.0000000000  -0.0000000000  -0.0007890020
   0.0000000000   0.0000000000  -2.1400875345		   0.0000000000  -0.0000000000   0.0007924126

2025-12-23:10:39:58,874 INFO     [psi4.optking.stepAlgorithms:368] 	Current Step Report 
 
	Current energy:       -82.5462219659
	Energy change for the previous step:
		Actual       :        -0.0000069791
		Projected    :        -0.0000034521

2025-12-23:10:39:58,874 INFO     [psi4.optking.stepAlgorithms:371] 	Energy ratio =    2.02172
2025-12-23:10:39:58,874 INFO     [psi4.optking.stepAlgorithms:929] 	Using RFO solution 1.
2025-12-23:10:39:58,874 INFO     [psi4.optking.displace:100] 	Determining Cartesian step for fragment 1.
2025-12-23:10:39:58,875 INFO     [psi4.optking.displace:415] 	Successfully converged to displaced geometry.
2025-12-23:10:39:58,875 INFO     [psi4.optking.displace:416] 	RMS(dx):  0.000e+00 	Max(dx):  0.000e+00 	RMS(dq):  0.000e+00
2025-12-23:10:39:58,875 INFO     [psi4.optking.displace:172] 

	        --- Internal Coordinate Step in ANG or DEG, aJ/ANG or AJ/DEG ---
	-------------------------------------------------------------------------------
	           Coordinate      Previous         Force          Change          New 
	           ----------      --------        ------          ------        ------
	               R(1,2)       3.71430        0.00651        0.00455       3.71885
	-------------------------------------------------------------------------------

2025-12-23:10:39:58,875 INFO     [psi4.optking.stepAlgorithms:113] 	|target step| :    0.0086029532
2025-12-23:10:39:58,875 INFO     [psi4.optking.stepAlgorithms:114] 	gradient     :   -0.0007907073
2025-12-23:10:39:58,875 INFO     [psi4.optking.stepAlgorithms:115] 	hessian      :    0.0919043483
2025-12-23:10:39:58,875 INFO     [psi4.optking.stepAlgorithms:113] 	|target step| :    0.0086029532
2025-12-23:10:39:58,875 INFO     [psi4.optking.stepAlgorithms:114] 	gradient     :   -0.0007907073
2025-12-23:10:39:58,875 INFO     [psi4.optking.stepAlgorithms:115] 	hessian      :    0.0919043483
2025-12-23:10:39:58,875 INFO     [psi4.optking.stepAlgorithms:206] 	Norm of achieved step-size    0.0086029532
2025-12-23:10:39:58,875 INFO     [psi4.optking.stepAlgorithms:208] 	Norm of achieved step-size (cart):    0.0060832065
2025-12-23:10:39:58,875 INFO     [psi4.optking.opt_helper:164] Molsys:

	                            ===> Fragment 1 <== 

	 Z (Atomic Numbers)          Masses                          Geom                  
	       3.000000             7.016003          0.00000000  0.00000000  4.88322118   
	       8.000000            15.994915          0.00000000  0.00000000 -2.14438901   

	 - Coordinate -           - BOHR/RAD -       - ANG/DEG -
	 R(1,2)           =         7.027610           3.718851

2025-12-23:10:39:58,875 INFO     [psi4.optking.convcheck:76] Performing convergence check.
2025-12-23:10:39:58,875 INFO     [psi4.optking.convcheck:282] 
	                                 ==> Convergence Check <==                                  
    
	Measures of convergence in internal coordinates in au.
    
	Criteria marked as inactive (o), active & met (*), and active & unmet ( ).

	----------------------------------------------------------------------------------------------
	   Step    Total Energy     Delta E     Max Force     RMS Force      Max Disp      RMS Disp   
	----------------------------------------------------------------------------------------------
	  Convergence Criteria     1.00e-06 *    3.00e-04 *             o    1.20e-03 *             o
	----------------------------------------------------------------------------------------------
	    15     -82.54622197   -6.98e-06      7.91e-04      7.91e-04 o    8.60e-03      8.60e-03 o  ~
	----------------------------------------------------------------------------------------------


2025-12-23:10:39:58,875 INFO     [psi4.optking.stepAlgorithms:296] 	Convergence check returned False
2025-12-23:10:39:58,886 INFO     [psi4.driver.task_planner:259] PLANNING Atomic:  keywords={'DAMPING_PERCENTAGE': 1.0, 'GEOM_MAXITER': 500, 'SCF__GUESS': 'READ', 'GUESS': 'SAP', 'MAXITER': 500, 'REFERENCE': 'UKS', 'function_kwargs': {}}
2025-12-23:10:39:58,887 INFO     [psi4.driver.driver:638] Compute gradient(): method=b3lyp, basis=cc-pvdz, molecule=default, nre=3.4151012013985667
2025-12-23:10:39:59,184 INFO     [psi4.driver.driver:641] Return gradient(): -82.54622884914868
2025-12-23:10:39:59,184 INFO     [psi4.driver.driver:642] [[ 0.00000000  0.00000000 -0.00078274]
 [-0.00000000 -0.00000000  0.00078562]]
2025-12-23:10:39:59,185 INFO     [psi4.optking.history:269] 	Performing BFGS update.
2025-12-23:10:39:59,185 INFO     [psi4.optking.history:280] 	Using 4 previous steps for update.
2025-12-23:10:39:59,186 WARNING  [psi4.optking.history:297] 	Denominators (dg)(dq) or (dq)(dq) are very small.
2025-12-23:10:39:59,186 WARNING  [psi4.optking.history:298] 	Skipping Hessian update for step 15.
2025-12-23:10:39:59,186 WARNING  [psi4.optking.history:301] 	Change in internal coordinate of 7.02e-01 exceeds limit of 5.00e-01.
2025-12-23:10:39:59,186 WARNING  [psi4.optking.history:306] 	Skipping Hessian update for step 13.
2025-12-23:10:39:59,186 WARNING  [psi4.optking.history:301] 	Change in internal coordinate of 7.15e-01 exceeds limit of 5.00e-01.
2025-12-23:10:39:59,186 WARNING  [psi4.optking.history:306] 	Skipping Hessian update for step 12.
2025-12-23:10:39:59,186 WARNING  [psi4.optking.history:301] 	Change in internal coordinate of 1.43e+00 exceeds limit of 5.00e-01.
2025-12-23:10:39:59,186 WARNING  [psi4.optking.history:306] 	Skipping Hessian update for step 11.
2025-12-23:10:39:59,186 WARNING  [psi4.optking.history:301] 	Change in internal coordinate of 1.44e+00 exceeds limit of 5.00e-01.
2025-12-23:10:39:59,186 WARNING  [psi4.optking.history:306] 	Skipping Hessian update for step 10.
2025-12-23:10:39:59,186 WARNING  [psi4.optking.history:301] 	Change in internal coordinate of 2.05e+00 exceeds limit of 5.00e-01.
2025-12-23:10:39:59,186 WARNING  [psi4.optking.history:306] 	Skipping Hessian update for step 9.
2025-12-23:10:39:59,186 WARNING  [psi4.optking.history:301] 	Change in internal coordinate of 2.54e+00 exceeds limit of 5.00e-01.
2025-12-23:10:39:59,186 WARNING  [psi4.optking.history:306] 	Skipping Hessian update for step 8.
2025-12-23:10:39:59,186 WARNING  [psi4.optking.history:301] 	Change in internal coordinate of 2.94e+00 exceeds limit of 5.00e-01.
2025-12-23:10:39:59,186 WARNING  [psi4.optking.history:306] 	Skipping Hessian update for step 7.
2025-12-23:10:39:59,186 WARNING  [psi4.optking.history:301] 	Change in internal coordinate of 3.27e+00 exceeds limit of 5.00e-01.
2025-12-23:10:39:59,186 WARNING  [psi4.optking.history:306] 	Skipping Hessian update for step 6.
2025-12-23:10:39:59,186 WARNING  [psi4.optking.history:301] 	Change in internal coordinate of 3.57e+00 exceeds limit of 5.00e-01.
2025-12-23:10:39:59,186 WARNING  [psi4.optking.history:306] 	Skipping Hessian update for step 5.
2025-12-23:10:39:59,186 WARNING  [psi4.optking.history:301] 	Change in internal coordinate of 3.86e+00 exceeds limit of 5.00e-01.
2025-12-23:10:39:59,186 WARNING  [psi4.optking.history:306] 	Skipping Hessian update for step 4.
2025-12-23:10:39:59,186 WARNING  [psi4.optking.history:301] 	Change in internal coordinate of 4.14e+00 exceeds limit of 5.00e-01.
2025-12-23:10:39:59,186 WARNING  [psi4.optking.history:306] 	Skipping Hessian update for step 3.
2025-12-23:10:39:59,186 WARNING  [psi4.optking.history:301] 	Change in internal coordinate of 4.40e+00 exceeds limit of 5.00e-01.
2025-12-23:10:39:59,186 WARNING  [psi4.optking.history:306] 	Skipping Hessian update for step 2.
2025-12-23:10:39:59,186 WARNING  [psi4.optking.history:301] 	Change in internal coordinate of 4.76e+00 exceeds limit of 5.00e-01.
2025-12-23:10:39:59,186 WARNING  [psi4.optking.history:306] 	Skipping Hessian update for step 1.
2025-12-23:10:39:59,186 INFO     [psi4.optking.history:317] 	Steps to be used in Hessian update:  14

2025-12-23:10:39:59,186 INFO     [psi4.optking.history:418] 	Updated Hessian (in au) 
 	   0.000761

2025-12-23:10:39:59,186 INFO     [psi4.optking.molsys:944] Projected (PHP) Hessian matrix
	   0.000761

2025-12-23:10:39:59,186 INFO     [psi4.optking.opt_helper:182] 
	         Geometry (au)                                       Gradient (au)
   0.0000000000   0.0000000000   4.8848996238		   0.0000000000   0.0000000000  -0.0007827449
   0.0000000000   0.0000000000  -2.1427105654		  -0.0000000000  -0.0000000000   0.0007856191

2025-12-23:10:39:59,187 INFO     [psi4.optking.stepAlgorithms:368] 	Current Step Report 
 
	Current energy:       -82.5462288491
	Energy change for the previous step:
		Actual       :        -0.0000068833
		Projected    :        -0.0000034012

2025-12-23:10:39:59,187 INFO     [psi4.optking.stepAlgorithms:371] 	Energy ratio =    2.02378
2025-12-23:10:39:59,187 INFO     [psi4.optking.stepAlgorithms:929] 	Using RFO solution 1.
2025-12-23:10:39:59,187 INFO     [psi4.optking.displace:100] 	Determining Cartesian step for fragment 1.
2025-12-23:10:39:59,187 INFO     [psi4.optking.displace:415] 	Successfully converged to displaced geometry.
2025-12-23:10:39:59,187 INFO     [psi4.optking.displace:416] 	RMS(dx):  0.000e+00 	Max(dx):  0.000e+00 	RMS(dq):  0.000e+00
2025-12-23:10:39:59,187 INFO     [psi4.optking.displace:172] 

	        --- Internal Coordinate Step in ANG or DEG, aJ/ANG or AJ/DEG ---
	-------------------------------------------------------------------------------
	           Coordinate      Previous         Force          Change          New 
	           ----------      --------        ------          ------        ------
	               R(1,2)       3.71885        0.00646        0.33142       4.05028
	-------------------------------------------------------------------------------

2025-12-23:10:39:59,187 INFO     [psi4.optking.stepAlgorithms:113] 	|target step| :    0.6263020246
2025-12-23:10:39:59,187 INFO     [psi4.optking.stepAlgorithms:114] 	gradient     :   -0.0007841820
2025-12-23:10:39:59,187 INFO     [psi4.optking.stepAlgorithms:115] 	hessian      :    0.0007609480
2025-12-23:10:39:59,187 INFO     [psi4.optking.stepAlgorithms:113] 	|target step| :    0.6263020246
2025-12-23:10:39:59,187 INFO     [psi4.optking.stepAlgorithms:114] 	gradient     :   -0.0007841820
2025-12-23:10:39:59,187 INFO     [psi4.optking.stepAlgorithms:115] 	hessian      :    0.0007609480
2025-12-23:10:39:59,187 INFO     [psi4.optking.stepAlgorithms:206] 	Norm of achieved step-size    0.6263020246
2025-12-23:10:39:59,187 INFO     [psi4.optking.stepAlgorithms:208] 	Norm of achieved step-size (cart):    0.4428624087
2025-12-23:10:39:59,187 INFO     [psi4.optking.opt_helper:164] Molsys:

	                            ===> Fragment 1 <== 

	 Z (Atomic Numbers)          Masses                          Geom                  
	       3.000000             7.016003          0.00000000  0.00000000  5.19805064   
	       8.000000            15.994915          0.00000000  0.00000000 -2.45586158   

	 - Coordinate -           - BOHR/RAD -       - ANG/DEG -
	 R(1,2)           =         7.653912           4.050276

2025-12-23:10:39:59,188 INFO     [psi4.optking.convcheck:76] Performing convergence check.
2025-12-23:10:39:59,188 INFO     [psi4.optking.convcheck:282] 
	                                 ==> Convergence Check <==                                  
    
	Measures of convergence in internal coordinates in au.
    
	Criteria marked as inactive (o), active & met (*), and active & unmet ( ).

	----------------------------------------------------------------------------------------------
	   Step    Total Energy     Delta E     Max Force     RMS Force      Max Disp      RMS Disp   
	----------------------------------------------------------------------------------------------
	  Convergence Criteria     1.00e-06 *    3.00e-04 *             o    1.20e-03 *             o
	----------------------------------------------------------------------------------------------
	    16     -82.54622885   -6.88e-06      7.84e-04      7.84e-04 o    6.26e-01      6.26e-01 o  ~
	----------------------------------------------------------------------------------------------


2025-12-23:10:39:59,188 INFO     [psi4.optking.stepAlgorithms:296] 	Convergence check returned False
2025-12-23:10:39:59,197 INFO     [psi4.driver.task_planner:259] PLANNING Atomic:  keywords={'DAMPING_PERCENTAGE': 1.0, 'GEOM_MAXITER': 500, 'SCF__GUESS': 'READ', 'GUESS': 'SAP', 'MAXITER': 500, 'REFERENCE': 'UKS', 'function_kwargs': {}}
2025-12-23:10:39:59,199 INFO     [psi4.driver.driver:638] Compute gradient(): method=b3lyp, basis=cc-pvdz, molecule=default, nre=3.1356513283140073
2025-12-23:10:39:59,534 INFO     [psi4.driver.driver:641] Return gradient(): -82.54660562786766
2025-12-23:10:39:59,535 INFO     [psi4.driver.driver:642] [[-0.00000000 -0.00000000 -0.00042488]
 [ 0.00000000  0.00000000  0.00040721]]
2025-12-23:10:39:59,536 INFO     [psi4.optking.history:269] 	Performing BFGS update.
2025-12-23:10:39:59,536 INFO     [psi4.optking.history:280] 	Using 4 previous steps for update.
2025-12-23:10:39:59,536 WARNING  [psi4.optking.history:301] 	Change in internal coordinate of 6.26e-01 exceeds limit of 5.00e-01.
2025-12-23:10:39:59,536 WARNING  [psi4.optking.history:306] 	Skipping Hessian update for step 16.
2025-12-23:10:39:59,537 WARNING  [psi4.optking.history:301] 	Change in internal coordinate of 6.35e-01 exceeds limit of 5.00e-01.
2025-12-23:10:39:59,537 WARNING  [psi4.optking.history:306] 	Skipping Hessian update for step 15.
2025-12-23:10:39:59,537 WARNING  [psi4.optking.history:301] 	Change in internal coordinate of 6.44e-01 exceeds limit of 5.00e-01.
2025-12-23:10:39:59,537 WARNING  [psi4.optking.history:306] 	Skipping Hessian update for step 14.
2025-12-23:10:39:59,537 WARNING  [psi4.optking.history:301] 	Change in internal coordinate of 1.33e+00 exceeds limit of 5.00e-01.
2025-12-23:10:39:59,537 WARNING  [psi4.optking.history:306] 	Skipping Hessian update for step 13.
2025-12-23:10:39:59,537 WARNING  [psi4.optking.history:301] 	Change in internal coordinate of 1.34e+00 exceeds limit of 5.00e-01.
2025-12-23:10:39:59,537 WARNING  [psi4.optking.history:306] 	Skipping Hessian update for step 12.
2025-12-23:10:39:59,537 WARNING  [psi4.optking.history:301] 	Change in internal coordinate of 2.05e+00 exceeds limit of 5.00e-01.
2025-12-23:10:39:59,537 WARNING  [psi4.optking.history:306] 	Skipping Hessian update for step 11.
2025-12-23:10:39:59,537 WARNING  [psi4.optking.history:301] 	Change in internal coordinate of 2.07e+00 exceeds limit of 5.00e-01.
2025-12-23:10:39:59,537 WARNING  [psi4.optking.history:306] 	Skipping Hessian update for step 10.
2025-12-23:10:39:59,537 WARNING  [psi4.optking.history:301] 	Change in internal coordinate of 2.67e+00 exceeds limit of 5.00e-01.
2025-12-23:10:39:59,537 WARNING  [psi4.optking.history:306] 	Skipping Hessian update for step 9.
2025-12-23:10:39:59,537 WARNING  [psi4.optking.history:301] 	Change in internal coordinate of 3.17e+00 exceeds limit of 5.00e-01.
2025-12-23:10:39:59,537 WARNING  [psi4.optking.history:306] 	Skipping Hessian update for step 8.
2025-12-23:10:39:59,537 WARNING  [psi4.optking.history:301] 	Change in internal coordinate of 3.56e+00 exceeds limit of 5.00e-01.
2025-12-23:10:39:59,537 WARNING  [psi4.optking.history:306] 	Skipping Hessian update for step 7.
2025-12-23:10:39:59,537 WARNING  [psi4.optking.history:301] 	Change in internal coordinate of 3.90e+00 exceeds limit of 5.00e-01.
2025-12-23:10:39:59,537 WARNING  [psi4.optking.history:306] 	Skipping Hessian update for step 6.
2025-12-23:10:39:59,537 WARNING  [psi4.optking.history:301] 	Change in internal coordinate of 4.20e+00 exceeds limit of 5.00e-01.
2025-12-23:10:39:59,537 WARNING  [psi4.optking.history:306] 	Skipping Hessian update for step 5.
2025-12-23:10:39:59,537 WARNING  [psi4.optking.history:301] 	Change in internal coordinate of 4.48e+00 exceeds limit of 5.00e-01.
2025-12-23:10:39:59,537 WARNING  [psi4.optking.history:306] 	Skipping Hessian update for step 4.
2025-12-23:10:39:59,537 WARNING  [psi4.optking.history:301] 	Change in internal coordinate of 4.77e+00 exceeds limit of 5.00e-01.
2025-12-23:10:39:59,537 WARNING  [psi4.optking.history:306] 	Skipping Hessian update for step 3.
2025-12-23:10:39:59,537 WARNING  [psi4.optking.history:301] 	Change in internal coordinate of 5.02e+00 exceeds limit of 5.00e-01.
2025-12-23:10:39:59,537 WARNING  [psi4.optking.history:306] 	Skipping Hessian update for step 2.
2025-12-23:10:39:59,537 INFO     [psi4.optking.history:317] 	Steps to be used in Hessian update:  1

2025-12-23:10:39:59,537 INFO     [psi4.optking.history:418] 	Updated Hessian (in au) 
 	   0.081141

2025-12-23:10:39:59,537 INFO     [psi4.optking.molsys:944] Projected (PHP) Hessian matrix
	   0.081141

2025-12-23:10:39:59,537 INFO     [psi4.optking.opt_helper:182] 
	         Geometry (au)                                       Gradient (au)
   0.0000000000   0.0000000000   5.3202428546		  -0.0000000000  -0.0000000000  -0.0004248827
   0.0000000000   0.0000000000  -2.3336693592		   0.0000000000   0.0000000000   0.0004072105

2025-12-23:10:39:59,538 INFO     [psi4.optking.stepAlgorithms:368] 	Current Step Report 
 
	Current energy:       -82.5466056279
	Energy change for the previous step:
		Actual       :        -0.0003767787
		Projected    :        -0.0002455674

2025-12-23:10:39:59,538 INFO     [psi4.optking.stepAlgorithms:371] 	Energy ratio =    1.53432
2025-12-23:10:39:59,538 INFO     [psi4.optking.stepAlgorithms:929] 	Using RFO solution 1.
2025-12-23:10:39:59,538 INFO     [psi4.optking.displace:100] 	Determining Cartesian step for fragment 1.
2025-12-23:10:39:59,538 INFO     [psi4.optking.displace:415] 	Successfully converged to displaced geometry.
2025-12-23:10:39:59,538 INFO     [psi4.optking.displace:416] 	RMS(dx):  0.000e+00 	Max(dx):  0.000e+00 	RMS(dq):  0.000e+00
2025-12-23:10:39:59,538 INFO     [psi4.optking.displace:172] 

	        --- Internal Coordinate Step in ANG or DEG, aJ/ANG or AJ/DEG ---
	-------------------------------------------------------------------------------
	           Coordinate      Previous         Force          Change          New 
	           ----------      --------        ------          ------        ------
	               R(1,2)       4.05028        0.00343        0.00271       4.05299
	-------------------------------------------------------------------------------

2025-12-23:10:39:59,538 INFO     [psi4.optking.stepAlgorithms:113] 	|target step| :    0.0051273393
2025-12-23:10:39:59,538 INFO     [psi4.optking.stepAlgorithms:114] 	gradient     :   -0.0004160466
2025-12-23:10:39:59,538 INFO     [psi4.optking.stepAlgorithms:115] 	hessian      :    0.0811406508
2025-12-23:10:39:59,538 INFO     [psi4.optking.stepAlgorithms:113] 	|target step| :    0.0051273393
2025-12-23:10:39:59,538 INFO     [psi4.optking.stepAlgorithms:114] 	gradient     :   -0.0004160466
2025-12-23:10:39:59,538 INFO     [psi4.optking.stepAlgorithms:115] 	hessian      :    0.0811406508
2025-12-23:10:39:59,538 INFO     [psi4.optking.stepAlgorithms:206] 	Norm of achieved step-size    0.0051273393
2025-12-23:10:39:59,538 INFO     [psi4.optking.stepAlgorithms:208] 	Norm of achieved step-size (cart):    0.0036255764
2025-12-23:10:39:59,538 INFO     [psi4.optking.opt_helper:164] Molsys:

	                            ===> Fragment 1 <== 

	 Z (Atomic Numbers)          Masses                          Geom                  
	       3.000000             7.016003          0.00000000  0.00000000  5.32280652   
	       8.000000            15.994915          0.00000000  0.00000000 -2.33623303   

	 - Coordinate -           - BOHR/RAD -       - ANG/DEG -
	 R(1,2)           =         7.659040           4.052989

2025-12-23:10:39:59,539 INFO     [psi4.optking.convcheck:76] Performing convergence check.
2025-12-23:10:39:59,539 INFO     [psi4.optking.convcheck:282] 
	                                 ==> Convergence Check <==                                  
    
	Measures of convergence in internal coordinates in au.
    
	Criteria marked as inactive (o), active & met (*), and active & unmet ( ).

	----------------------------------------------------------------------------------------------
	   Step    Total Energy     Delta E     Max Force     RMS Force      Max Disp      RMS Disp   
	----------------------------------------------------------------------------------------------
	  Convergence Criteria     1.00e-06 *    3.00e-04 *             o    1.20e-03 *             o
	----------------------------------------------------------------------------------------------
	    17     -82.54660563   -3.77e-04      4.16e-04      4.16e-04 o    5.13e-03      5.13e-03 o  ~
	----------------------------------------------------------------------------------------------


2025-12-23:10:39:59,539 INFO     [psi4.optking.stepAlgorithms:296] 	Convergence check returned False
2025-12-23:10:39:59,548 INFO     [psi4.driver.task_planner:259] PLANNING Atomic:  keywords={'DAMPING_PERCENTAGE': 1.0, 'GEOM_MAXITER': 500, 'SCF__GUESS': 'READ', 'GUESS': 'SAP', 'MAXITER': 500, 'REFERENCE': 'UKS', 'function_kwargs': {}}
2025-12-23:10:39:59,549 INFO     [psi4.driver.driver:638] Compute gradient(): method=b3lyp, basis=cc-pvdz, molecule=default, nre=3.1335521684813386
2025-12-23:10:39:59,838 INFO     [psi4.driver.driver:641] Return gradient(): -82.54660785071965
2025-12-23:10:39:59,838 INFO     [psi4.driver.driver:642] [[-0.00000000  0.00000000 -0.00042265]
 [-0.00000000  0.00000000  0.00040495]]
2025-12-23:10:39:59,840 INFO     [psi4.optking.history:269] 	Performing BFGS update.
2025-12-23:10:39:59,840 INFO     [psi4.optking.history:280] 	Using 4 previous steps for update.
2025-12-23:10:39:59,840 WARNING  [psi4.optking.history:297] 	Denominators (dg)(dq) or (dq)(dq) are very small.
2025-12-23:10:39:59,840 WARNING  [psi4.optking.history:298] 	Skipping Hessian update for step 17.
2025-12-23:10:39:59,840 WARNING  [psi4.optking.history:301] 	Change in internal coordinate of 6.31e-01 exceeds limit of 5.00e-01.
2025-12-23:10:39:59,840 WARNING  [psi4.optking.history:306] 	Skipping Hessian update for step 16.
2025-12-23:10:39:59,840 WARNING  [psi4.optking.history:301] 	Change in internal coordinate of 6.40e-01 exceeds limit of 5.00e-01.
2025-12-23:10:39:59,840 WARNING  [psi4.optking.history:306] 	Skipping Hessian update for step 15.
2025-12-23:10:39:59,840 WARNING  [psi4.optking.history:301] 	Change in internal coordinate of 6.49e-01 exceeds limit of 5.00e-01.
2025-12-23:10:39:59,840 WARNING  [psi4.optking.history:306] 	Skipping Hessian update for step 14.
2025-12-23:10:39:59,840 WARNING  [psi4.optking.history:301] 	Change in internal coordinate of 1.33e+00 exceeds limit of 5.00e-01.
2025-12-23:10:39:59,840 WARNING  [psi4.optking.history:306] 	Skipping Hessian update for step 13.
2025-12-23:10:39:59,840 WARNING  [psi4.optking.history:301] 	Change in internal coordinate of 1.35e+00 exceeds limit of 5.00e-01.
2025-12-23:10:39:59,840 WARNING  [psi4.optking.history:306] 	Skipping Hessian update for step 12.
2025-12-23:10:39:59,840 WARNING  [psi4.optking.history:301] 	Change in internal coordinate of 2.06e+00 exceeds limit of 5.00e-01.
2025-12-23:10:39:59,840 WARNING  [psi4.optking.history:306] 	Skipping Hessian update for step 11.
2025-12-23:10:39:59,840 WARNING  [psi4.optking.history:301] 	Change in internal coordinate of 2.08e+00 exceeds limit of 5.00e-01.
2025-12-23:10:39:59,840 WARNING  [psi4.optking.history:306] 	Skipping Hessian update for step 10.
2025-12-23:10:39:59,840 WARNING  [psi4.optking.history:301] 	Change in internal coordinate of 2.68e+00 exceeds limit of 5.00e-01.
2025-12-23:10:39:59,840 WARNING  [psi4.optking.history:306] 	Skipping Hessian update for step 9.
2025-12-23:10:39:59,840 WARNING  [psi4.optking.history:301] 	Change in internal coordinate of 3.17e+00 exceeds limit of 5.00e-01.
2025-12-23:10:39:59,840 WARNING  [psi4.optking.history:306] 	Skipping Hessian update for step 8.
2025-12-23:10:39:59,841 WARNING  [psi4.optking.history:301] 	Change in internal coordinate of 3.57e+00 exceeds limit of 5.00e-01.
2025-12-23:10:39:59,841 WARNING  [psi4.optking.history:306] 	Skipping Hessian update for step 7.
2025-12-23:10:39:59,841 WARNING  [psi4.optking.history:301] 	Change in internal coordinate of 3.90e+00 exceeds limit of 5.00e-01.
2025-12-23:10:39:59,841 WARNING  [psi4.optking.history:306] 	Skipping Hessian update for step 6.
2025-12-23:10:39:59,841 WARNING  [psi4.optking.history:301] 	Change in internal coordinate of 4.20e+00 exceeds limit of 5.00e-01.
2025-12-23:10:39:59,841 WARNING  [psi4.optking.history:306] 	Skipping Hessian update for step 5.
2025-12-23:10:39:59,841 WARNING  [psi4.optking.history:301] 	Change in internal coordinate of 4.49e+00 exceeds limit of 5.00e-01.
2025-12-23:10:39:59,841 WARNING  [psi4.optking.history:306] 	Skipping Hessian update for step 4.
2025-12-23:10:39:59,841 WARNING  [psi4.optking.history:301] 	Change in internal coordinate of 4.77e+00 exceeds limit of 5.00e-01.
2025-12-23:10:39:59,841 WARNING  [psi4.optking.history:306] 	Skipping Hessian update for step 3.
2025-12-23:10:39:59,841 WARNING  [psi4.optking.history:301] 	Change in internal coordinate of 5.03e+00 exceeds limit of 5.00e-01.
2025-12-23:10:39:59,841 WARNING  [psi4.optking.history:306] 	Skipping Hessian update for step 2.
2025-12-23:10:39:59,841 INFO     [psi4.optking.history:317] 	Steps to be used in Hessian update:  1

2025-12-23:10:39:59,841 INFO     [psi4.optking.history:418] 	Updated Hessian (in au) 
 	   0.081064

2025-12-23:10:39:59,841 INFO     [psi4.optking.molsys:944] Projected (PHP) Hessian matrix
	   0.081064

2025-12-23:10:39:59,841 INFO     [psi4.optking.opt_helper:182] 
	         Geometry (au)                                       Gradient (au)
   0.0000000000   0.0000000000   5.3238068738		  -0.0000000000   0.0000000000  -0.0004226452
   0.0000000000   0.0000000000  -2.3352326793		  -0.0000000000   0.0000000000   0.0004049478

2025-12-23:10:39:59,841 INFO     [psi4.optking.stepAlgorithms:368] 	Current Step Report 
 
	Current energy:       -82.5466078507
	Energy change for the previous step:
		Actual       :        -0.0000022229
		Projected    :        -0.0000010666

2025-12-23:10:39:59,841 INFO     [psi4.optking.stepAlgorithms:371] 	Energy ratio =    2.08404
2025-12-23:10:39:59,841 INFO     [psi4.optking.stepAlgorithms:929] 	Using RFO solution 1.
2025-12-23:10:39:59,841 INFO     [psi4.optking.displace:100] 	Determining Cartesian step for fragment 1.
2025-12-23:10:39:59,841 INFO     [psi4.optking.displace:415] 	Successfully converged to displaced geometry.
2025-12-23:10:39:59,842 INFO     [psi4.optking.displace:416] 	RMS(dx):  0.000e+00 	Max(dx):  0.000e+00 	RMS(dq):  0.000e+00
2025-12-23:10:39:59,842 INFO     [psi4.optking.displace:172] 

	        --- Internal Coordinate Step in ANG or DEG, aJ/ANG or AJ/DEG ---
	-------------------------------------------------------------------------------
	           Coordinate      Previous         Force          Change          New 
	           ----------      --------        ------          ------        ------
	               R(1,2)       4.05299        0.00341        0.00270       4.05569
	-------------------------------------------------------------------------------

2025-12-23:10:39:59,842 INFO     [psi4.optking.stepAlgorithms:113] 	|target step| :    0.0051044387
2025-12-23:10:39:59,842 INFO     [psi4.optking.stepAlgorithms:114] 	gradient     :   -0.0004137965
2025-12-23:10:39:59,842 INFO     [psi4.optking.stepAlgorithms:115] 	hessian      :    0.0810639012
2025-12-23:10:39:59,842 INFO     [psi4.optking.stepAlgorithms:113] 	|target step| :    0.0051044387
2025-12-23:10:39:59,842 INFO     [psi4.optking.stepAlgorithms:114] 	gradient     :   -0.0004137965
2025-12-23:10:39:59,842 INFO     [psi4.optking.stepAlgorithms:115] 	hessian      :    0.0810639012
2025-12-23:10:39:59,842 INFO     [psi4.optking.stepAlgorithms:206] 	Norm of achieved step-size    0.0051044387
2025-12-23:10:39:59,842 INFO     [psi4.optking.stepAlgorithms:208] 	Norm of achieved step-size (cart):    0.0036093832
2025-12-23:10:39:59,842 INFO     [psi4.optking.opt_helper:164] Molsys:

	                            ===> Fragment 1 <== 

	 Z (Atomic Numbers)          Masses                          Geom                  
	       3.000000             7.016003          0.00000000  0.00000000  5.32635909   
	       8.000000            15.994915          0.00000000  0.00000000 -2.33778490   

	 - Coordinate -           - BOHR/RAD -       - ANG/DEG -
	 R(1,2)           =         7.664144           4.055690

2025-12-23:10:39:59,842 INFO     [psi4.optking.convcheck:76] Performing convergence check.
2025-12-23:10:39:59,842 INFO     [psi4.optking.convcheck:282] 
	                                 ==> Convergence Check <==                                  
    
	Measures of convergence in internal coordinates in au.
    
	Criteria marked as inactive (o), active & met (*), and active & unmet ( ).

	----------------------------------------------------------------------------------------------
	   Step    Total Energy     Delta E     Max Force     RMS Force      Max Disp      RMS Disp   
	----------------------------------------------------------------------------------------------
	  Convergence Criteria     1.00e-06 *    3.00e-04 *             o    1.20e-03 *             o
	----------------------------------------------------------------------------------------------
	    18     -82.54660785   -2.22e-06      4.14e-04      4.14e-04 o    5.10e-03      5.10e-03 o  ~
	----------------------------------------------------------------------------------------------


2025-12-23:10:39:59,842 INFO     [psi4.optking.stepAlgorithms:296] 	Convergence check returned False
2025-12-23:10:39:59,852 INFO     [psi4.driver.task_planner:259] PLANNING Atomic:  keywords={'DAMPING_PERCENTAGE': 1.0, 'GEOM_MAXITER': 500, 'SCF__GUESS': 'READ', 'GUESS': 'SAP', 'MAXITER': 500, 'REFERENCE': 'UKS', 'function_kwargs': {}}
2025-12-23:10:39:59,853 INFO     [psi4.driver.driver:638] Compute gradient(): method=b3lyp, basis=cc-pvdz, molecule=default, nre=3.13146517415246
2025-12-23:10:40:00,133 INFO     [psi4.driver.driver:641] Return gradient(): -82.54661005414194
2025-12-23:10:40:00,133 INFO     [psi4.driver.driver:642] [[-0.00000000 -0.00000000 -0.00042043]
 [ 0.00000000  0.00000000  0.00040271]]
2025-12-23:10:40:00,135 INFO     [psi4.optking.history:269] 	Performing BFGS update.
2025-12-23:10:40:00,135 INFO     [psi4.optking.history:280] 	Using 4 previous steps for update.
2025-12-23:10:40:00,135 WARNING  [psi4.optking.history:297] 	Denominators (dg)(dq) or (dq)(dq) are very small.
2025-12-23:10:40:00,135 WARNING  [psi4.optking.history:298] 	Skipping Hessian update for step 18.
2025-12-23:10:40:00,135 WARNING  [psi4.optking.history:297] 	Denominators (dg)(dq) or (dq)(dq) are very small.
2025-12-23:10:40:00,135 WARNING  [psi4.optking.history:298] 	Skipping Hessian update for step 17.
2025-12-23:10:40:00,135 WARNING  [psi4.optking.history:301] 	Change in internal coordinate of 6.37e-01 exceeds limit of 5.00e-01.
2025-12-23:10:40:00,135 WARNING  [psi4.optking.history:306] 	Skipping Hessian update for step 16.
2025-12-23:10:40:00,135 WARNING  [psi4.optking.history:301] 	Change in internal coordinate of 6.45e-01 exceeds limit of 5.00e-01.
2025-12-23:10:40:00,135 WARNING  [psi4.optking.history:306] 	Skipping Hessian update for step 15.
2025-12-23:10:40:00,135 WARNING  [psi4.optking.history:301] 	Change in internal coordinate of 6.54e-01 exceeds limit of 5.00e-01.
2025-12-23:10:40:00,135 WARNING  [psi4.optking.history:306] 	Skipping Hessian update for step 14.
2025-12-23:10:40:00,135 WARNING  [psi4.optking.history:301] 	Change in internal coordinate of 1.34e+00 exceeds limit of 5.00e-01.
2025-12-23:10:40:00,135 WARNING  [psi4.optking.history:306] 	Skipping Hessian update for step 13.
2025-12-23:10:40:00,135 WARNING  [psi4.optking.history:301] 	Change in internal coordinate of 1.35e+00 exceeds limit of 5.00e-01.
2025-12-23:10:40:00,135 WARNING  [psi4.optking.history:306] 	Skipping Hessian update for step 12.
2025-12-23:10:40:00,135 WARNING  [psi4.optking.history:301] 	Change in internal coordinate of 2.06e+00 exceeds limit of 5.00e-01.
2025-12-23:10:40:00,135 WARNING  [psi4.optking.history:306] 	Skipping Hessian update for step 11.
2025-12-23:10:40:00,135 WARNING  [psi4.optking.history:301] 	Change in internal coordinate of 2.08e+00 exceeds limit of 5.00e-01.
2025-12-23:10:40:00,135 WARNING  [psi4.optking.history:306] 	Skipping Hessian update for step 10.
2025-12-23:10:40:00,135 WARNING  [psi4.optking.history:301] 	Change in internal coordinate of 2.68e+00 exceeds limit of 5.00e-01.
2025-12-23:10:40:00,135 WARNING  [psi4.optking.history:306] 	Skipping Hessian update for step 9.
2025-12-23:10:40:00,135 WARNING  [psi4.optking.history:301] 	Change in internal coordinate of 3.18e+00 exceeds limit of 5.00e-01.
2025-12-23:10:40:00,135 WARNING  [psi4.optking.history:306] 	Skipping Hessian update for step 8.
2025-12-23:10:40:00,135 WARNING  [psi4.optking.history:301] 	Change in internal coordinate of 3.57e+00 exceeds limit of 5.00e-01.
2025-12-23:10:40:00,135 WARNING  [psi4.optking.history:306] 	Skipping Hessian update for step 7.
2025-12-23:10:40:00,135 WARNING  [psi4.optking.history:301] 	Change in internal coordinate of 3.91e+00 exceeds limit of 5.00e-01.
2025-12-23:10:40:00,135 WARNING  [psi4.optking.history:306] 	Skipping Hessian update for step 6.
2025-12-23:10:40:00,135 WARNING  [psi4.optking.history:301] 	Change in internal coordinate of 4.21e+00 exceeds limit of 5.00e-01.
2025-12-23:10:40:00,135 WARNING  [psi4.optking.history:306] 	Skipping Hessian update for step 5.
2025-12-23:10:40:00,135 WARNING  [psi4.optking.history:301] 	Change in internal coordinate of 4.49e+00 exceeds limit of 5.00e-01.
2025-12-23:10:40:00,135 WARNING  [psi4.optking.history:306] 	Skipping Hessian update for step 4.
2025-12-23:10:40:00,136 WARNING  [psi4.optking.history:301] 	Change in internal coordinate of 4.78e+00 exceeds limit of 5.00e-01.
2025-12-23:10:40:00,136 WARNING  [psi4.optking.history:306] 	Skipping Hessian update for step 3.
2025-12-23:10:40:00,136 WARNING  [psi4.optking.history:301] 	Change in internal coordinate of 5.03e+00 exceeds limit of 5.00e-01.
2025-12-23:10:40:00,136 WARNING  [psi4.optking.history:306] 	Skipping Hessian update for step 2.
2025-12-23:10:40:00,136 INFO     [psi4.optking.history:317] 	Steps to be used in Hessian update:  1

2025-12-23:10:40:00,136 INFO     [psi4.optking.history:418] 	Updated Hessian (in au) 
 	   0.080988

2025-12-23:10:40:00,136 INFO     [psi4.optking.molsys:944] Projected (PHP) Hessian matrix
	   0.080988

2025-12-23:10:40:00,136 INFO     [psi4.optking.opt_helper:182] 
	         Geometry (au)                                       Gradient (au)
   0.0000000000   0.0000000000   5.3273549748		  -0.0000000000  -0.0000000000  -0.0004204284
   0.0000000000   0.0000000000  -2.3367890170		   0.0000000000   0.0000000000   0.0004027055

2025-12-23:10:40:00,136 INFO     [psi4.optking.stepAlgorithms:368] 	Current Step Report 
 
	Current energy:       -82.5466100541
	Energy change for the previous step:
		Actual       :        -0.0000022034
		Projected    :        -0.0000010561

2025-12-23:10:40:00,136 INFO     [psi4.optking.stepAlgorithms:371] 	Energy ratio =    2.08638
2025-12-23:10:40:00,136 INFO     [psi4.optking.stepAlgorithms:929] 	Using RFO solution 1.
2025-12-23:10:40:00,136 INFO     [psi4.optking.displace:100] 	Determining Cartesian step for fragment 1.
2025-12-23:10:40:00,136 INFO     [psi4.optking.displace:415] 	Successfully converged to displaced geometry.
2025-12-23:10:40:00,137 INFO     [psi4.optking.displace:416] 	RMS(dx):  0.000e+00 	Max(dx):  0.000e+00 	RMS(dq):  0.000e+00
2025-12-23:10:40:00,137 INFO     [psi4.optking.displace:172] 

	        --- Internal Coordinate Step in ANG or DEG, aJ/ANG or AJ/DEG ---
	-------------------------------------------------------------------------------
	           Coordinate      Previous         Force          Change          New 
	           ----------      --------        ------          ------        ------
	               R(1,2)       4.05569        0.00339        0.00269       4.05838
	-------------------------------------------------------------------------------

2025-12-23:10:40:00,137 INFO     [psi4.optking.stepAlgorithms:113] 	|target step| :    0.0050817177
2025-12-23:10:40:00,137 INFO     [psi4.optking.stepAlgorithms:114] 	gradient     :   -0.0004115669
2025-12-23:10:40:00,137 INFO     [psi4.optking.stepAlgorithms:115] 	hessian      :    0.0809876373
2025-12-23:10:40:00,137 INFO     [psi4.optking.stepAlgorithms:113] 	|target step| :    0.0050817177
2025-12-23:10:40:00,137 INFO     [psi4.optking.stepAlgorithms:114] 	gradient     :   -0.0004115669
2025-12-23:10:40:00,137 INFO     [psi4.optking.stepAlgorithms:115] 	hessian      :    0.0809876373
2025-12-23:10:40:00,137 INFO     [psi4.optking.stepAlgorithms:206] 	Norm of achieved step-size    0.0050817177
2025-12-23:10:40:00,137 INFO     [psi4.optking.stepAlgorithms:208] 	Norm of achieved step-size (cart):    0.0035933171
2025-12-23:10:40:00,137 INFO     [psi4.optking.opt_helper:164] Molsys:

	                            ===> Fragment 1 <== 

	 Z (Atomic Numbers)          Masses                          Geom                  
	       3.000000             7.016003          0.00000000  0.00000000  5.32989583   
	       8.000000            15.994915          0.00000000  0.00000000 -2.33932988   

	 - Coordinate -           - BOHR/RAD -       - ANG/DEG -
	 R(1,2)           =         7.669226           4.058379

2025-12-23:10:40:00,137 INFO     [psi4.optking.convcheck:76] Performing convergence check.
2025-12-23:10:40:00,137 INFO     [psi4.optking.convcheck:282] 
	                                 ==> Convergence Check <==                                  
    
	Measures of convergence in internal coordinates in au.
    
	Criteria marked as inactive (o), active & met (*), and active & unmet ( ).

	----------------------------------------------------------------------------------------------
	   Step    Total Energy     Delta E     Max Force     RMS Force      Max Disp      RMS Disp   
	----------------------------------------------------------------------------------------------
	  Convergence Criteria     1.00e-06 *    3.00e-04 *             o    1.20e-03 *             o
	----------------------------------------------------------------------------------------------
	    19     -82.54661005   -2.20e-06      4.12e-04      4.12e-04 o    5.08e-03      5.08e-03 o  ~
	----------------------------------------------------------------------------------------------


2025-12-23:10:40:00,137 INFO     [psi4.optking.stepAlgorithms:296] 	Convergence check returned False
2025-12-23:10:40:00,148 INFO     [psi4.driver.task_planner:259] PLANNING Atomic:  keywords={'DAMPING_PERCENTAGE': 1.0, 'GEOM_MAXITER': 500, 'SCF__GUESS': 'READ', 'GUESS': 'SAP', 'MAXITER': 500, 'REFERENCE': 'UKS', 'function_kwargs': {}}
2025-12-23:10:40:00,149 INFO     [psi4.driver.driver:638] Compute gradient(): method=b3lyp, basis=cc-pvdz, molecule=default, nre=3.129390229080241
2025-12-23:10:40:00,450 INFO     [psi4.driver.driver:641] Return gradient(): -82.54661223631598
2025-12-23:10:40:00,450 INFO     [psi4.driver.driver:642] [[ 0.00000000  0.00000000 -0.00041823]
 [ 0.00000000  0.00000000  0.00040048]]
2025-12-23:10:40:00,452 INFO     [psi4.optking.history:269] 	Performing BFGS update.
2025-12-23:10:40:00,452 INFO     [psi4.optking.history:280] 	Using 4 previous steps for update.
2025-12-23:10:40:00,452 WARNING  [psi4.optking.history:297] 	Denominators (dg)(dq) or (dq)(dq) are very small.
2025-12-23:10:40:00,452 WARNING  [psi4.optking.history:298] 	Skipping Hessian update for step 19.
2025-12-23:10:40:00,452 WARNING  [psi4.optking.history:297] 	Denominators (dg)(dq) or (dq)(dq) are very small.
2025-12-23:10:40:00,452 WARNING  [psi4.optking.history:298] 	Skipping Hessian update for step 18.
2025-12-23:10:40:00,452 WARNING  [psi4.optking.history:301] 	Change in internal coordinate of 6.42e-01 exceeds limit of 5.00e-01.
2025-12-23:10:40:00,452 WARNING  [psi4.optking.history:306] 	Skipping Hessian update for step 16.
2025-12-23:10:40:00,452 WARNING  [psi4.optking.history:301] 	Change in internal coordinate of 6.50e-01 exceeds limit of 5.00e-01.
2025-12-23:10:40:00,452 WARNING  [psi4.optking.history:306] 	Skipping Hessian update for step 15.
2025-12-23:10:40:00,452 WARNING  [psi4.optking.history:301] 	Change in internal coordinate of 6.59e-01 exceeds limit of 5.00e-01.
2025-12-23:10:40:00,452 WARNING  [psi4.optking.history:306] 	Skipping Hessian update for step 14.
2025-12-23:10:40:00,452 WARNING  [psi4.optking.history:301] 	Change in internal coordinate of 1.34e+00 exceeds limit of 5.00e-01.
2025-12-23:10:40:00,452 WARNING  [psi4.optking.history:306] 	Skipping Hessian update for step 13.
2025-12-23:10:40:00,452 WARNING  [psi4.optking.history:301] 	Change in internal coordinate of 1.36e+00 exceeds limit of 5.00e-01.
2025-12-23:10:40:00,452 WARNING  [psi4.optking.history:306] 	Skipping Hessian update for step 12.
2025-12-23:10:40:00,452 WARNING  [psi4.optking.history:301] 	Change in internal coordinate of 2.07e+00 exceeds limit of 5.00e-01.
2025-12-23:10:40:00,452 WARNING  [psi4.optking.history:306] 	Skipping Hessian update for step 11.
2025-12-23:10:40:00,452 WARNING  [psi4.optking.history:301] 	Change in internal coordinate of 2.09e+00 exceeds limit of 5.00e-01.
2025-12-23:10:40:00,452 WARNING  [psi4.optking.history:306] 	Skipping Hessian update for step 10.
2025-12-23:10:40:00,452 WARNING  [psi4.optking.history:301] 	Change in internal coordinate of 2.69e+00 exceeds limit of 5.00e-01.
2025-12-23:10:40:00,452 WARNING  [psi4.optking.history:306] 	Skipping Hessian update for step 9.
2025-12-23:10:40:00,452 WARNING  [psi4.optking.history:301] 	Change in internal coordinate of 3.18e+00 exceeds limit of 5.00e-01.
2025-12-23:10:40:00,452 WARNING  [psi4.optking.history:306] 	Skipping Hessian update for step 8.
2025-12-23:10:40:00,452 WARNING  [psi4.optking.history:301] 	Change in internal coordinate of 3.58e+00 exceeds limit of 5.00e-01.
2025-12-23:10:40:00,452 WARNING  [psi4.optking.history:306] 	Skipping Hessian update for step 7.
2025-12-23:10:40:00,452 WARNING  [psi4.optking.history:301] 	Change in internal coordinate of 3.91e+00 exceeds limit of 5.00e-01.
2025-12-23:10:40:00,452 WARNING  [psi4.optking.history:306] 	Skipping Hessian update for step 6.
2025-12-23:10:40:00,453 WARNING  [psi4.optking.history:301] 	Change in internal coordinate of 4.21e+00 exceeds limit of 5.00e-01.
2025-12-23:10:40:00,453 WARNING  [psi4.optking.history:306] 	Skipping Hessian update for step 5.
2025-12-23:10:40:00,453 WARNING  [psi4.optking.history:301] 	Change in internal coordinate of 4.50e+00 exceeds limit of 5.00e-01.
2025-12-23:10:40:00,453 WARNING  [psi4.optking.history:306] 	Skipping Hessian update for step 4.
2025-12-23:10:40:00,453 WARNING  [psi4.optking.history:301] 	Change in internal coordinate of 4.78e+00 exceeds limit of 5.00e-01.
2025-12-23:10:40:00,453 WARNING  [psi4.optking.history:306] 	Skipping Hessian update for step 3.
2025-12-23:10:40:00,453 WARNING  [psi4.optking.history:301] 	Change in internal coordinate of 5.04e+00 exceeds limit of 5.00e-01.
2025-12-23:10:40:00,453 WARNING  [psi4.optking.history:306] 	Skipping Hessian update for step 2.
2025-12-23:10:40:00,453 WARNING  [psi4.optking.history:301] 	Change in internal coordinate of 5.40e+00 exceeds limit of 5.00e-01.
2025-12-23:10:40:00,453 WARNING  [psi4.optking.history:306] 	Skipping Hessian update for step 1.
2025-12-23:10:40:00,453 INFO     [psi4.optking.history:317] 	Steps to be used in Hessian update:  17

2025-12-23:10:40:00,453 INFO     [psi4.optking.history:418] 	Updated Hessian (in au) 
 	   0.000437

2025-12-23:10:40:00,453 INFO     [psi4.optking.molsys:944] Projected (PHP) Hessian matrix
	   0.000437

2025-12-23:10:40:00,453 INFO     [psi4.optking.opt_helper:182] 
	         Geometry (au)                                       Gradient (au)
   0.0000000000   0.0000000000   5.3308872824		   0.0000000000   0.0000000000  -0.0004182318
   0.0000000000   0.0000000000  -2.3383384271		   0.0000000000   0.0000000000   0.0004004829

2025-12-23:10:40:00,453 INFO     [psi4.optking.stepAlgorithms:368] 	Current Step Report 
 
	Current energy:       -82.5466122363
	Energy change for the previous step:
		Actual       :        -0.0000021822
		Projected    :        -0.0000010457

2025-12-23:10:40:00,453 INFO     [psi4.optking.stepAlgorithms:371] 	Energy ratio =    2.08674
2025-12-23:10:40:00,453 INFO     [psi4.optking.stepAlgorithms:929] 	Using RFO solution 1.
2025-12-23:10:40:00,453 INFO     [psi4.optking.displace:100] 	Determining Cartesian step for fragment 1.
2025-12-23:10:40:00,453 INFO     [psi4.optking.displace:415] 	Successfully converged to displaced geometry.
2025-12-23:10:40:00,453 INFO     [psi4.optking.displace:416] 	RMS(dx):  0.000e+00 	Max(dx):  0.000e+00 	RMS(dq):  0.000e+00
2025-12-23:10:40:00,454 INFO     [psi4.optking.displace:172] 

	        --- Internal Coordinate Step in ANG or DEG, aJ/ANG or AJ/DEG ---
	-------------------------------------------------------------------------------
	           Coordinate      Previous         Force          Change          New 
	           ----------      --------        ------          ------        ------
	               R(1,2)       4.05838        0.00337        0.31745       4.37583
	-------------------------------------------------------------------------------

2025-12-23:10:40:00,454 INFO     [psi4.optking.stepAlgorithms:113] 	|target step| :    0.5998889202
2025-12-23:10:40:00,454 INFO     [psi4.optking.stepAlgorithms:114] 	gradient     :   -0.0004093573
2025-12-23:10:40:00,454 INFO     [psi4.optking.stepAlgorithms:115] 	hessian      :    0.0004368196
2025-12-23:10:40:00,454 INFO     [psi4.optking.stepAlgorithms:113] 	|target step| :    0.5998889202
2025-12-23:10:40:00,454 INFO     [psi4.optking.stepAlgorithms:114] 	gradient     :   -0.0004093573
2025-12-23:10:40:00,454 INFO     [psi4.optking.stepAlgorithms:115] 	hessian      :    0.0004368196
2025-12-23:10:40:00,454 INFO     [psi4.optking.stepAlgorithms:206] 	Norm of achieved step-size    0.5998889202
2025-12-23:10:40:00,454 INFO     [psi4.optking.stepAlgorithms:208] 	Norm of achieved step-size (cart):    0.4241855234
2025-12-23:10:40:00,454 INFO     [psi4.optking.opt_helper:164] Molsys:

	                            ===> Fragment 1 <== 

	 Z (Atomic Numbers)          Masses                          Geom                  
	       3.000000             7.016003          0.00000000  0.00000000  5.63083174   
	       8.000000            15.994915          0.00000000  0.00000000 -2.63828289   

	 - Coordinate -           - BOHR/RAD -       - ANG/DEG -
	 R(1,2)           =         8.269115           4.375827

2025-12-23:10:40:00,454 INFO     [psi4.optking.convcheck:76] Performing convergence check.
2025-12-23:10:40:00,454 INFO     [psi4.optking.convcheck:282] 
	                                 ==> Convergence Check <==                                  
    
	Measures of convergence in internal coordinates in au.
    
	Criteria marked as inactive (o), active & met (*), and active & unmet ( ).

	----------------------------------------------------------------------------------------------
	   Step    Total Energy     Delta E     Max Force     RMS Force      Max Disp      RMS Disp   
	----------------------------------------------------------------------------------------------
	  Convergence Criteria     1.00e-06 *    3.00e-04 *             o    1.20e-03 *             o
	----------------------------------------------------------------------------------------------
	    20     -82.54661224   -2.18e-06      4.09e-04      4.09e-04 o    6.00e-01      6.00e-01 o  ~
	----------------------------------------------------------------------------------------------


2025-12-23:10:40:00,454 INFO     [psi4.optking.stepAlgorithms:296] 	Convergence check returned False
2025-12-23:10:40:00,464 INFO     [psi4.driver.task_planner:259] PLANNING Atomic:  keywords={'DAMPING_PERCENTAGE': 1.0, 'GEOM_MAXITER': 500, 'SCF__GUESS': 'READ', 'GUESS': 'SAP', 'MAXITER': 500, 'REFERENCE': 'UKS', 'function_kwargs': {}}
2025-12-23:10:40:00,465 INFO     [psi4.driver.driver:638] Compute gradient(): method=b3lyp, basis=cc-pvdz, molecule=default, nre=2.9023663444879553
2025-12-23:10:40:00,783 INFO     [psi4.driver.driver:641] Return gradient(): -82.54680280197528
2025-12-23:10:40:00,783 INFO     [psi4.driver.driver:642] [[-0.00000000  0.00000000 -0.00021537]
 [ 0.00000000  0.00000000  0.00018617]]
2025-12-23:10:40:00,785 INFO     [psi4.optking.history:269] 	Performing BFGS update.
2025-12-23:10:40:00,785 INFO     [psi4.optking.history:280] 	Using 4 previous steps for update.
2025-12-23:10:40:00,785 WARNING  [psi4.optking.history:301] 	Change in internal coordinate of 6.00e-01 exceeds limit of 5.00e-01.
2025-12-23:10:40:00,785 WARNING  [psi4.optking.history:306] 	Skipping Hessian update for step 20.
2025-12-23:10:40:00,785 WARNING  [psi4.optking.history:301] 	Change in internal coordinate of 6.05e-01 exceeds limit of 5.00e-01.
2025-12-23:10:40:00,785 WARNING  [psi4.optking.history:306] 	Skipping Hessian update for step 19.
2025-12-23:10:40:00,785 WARNING  [psi4.optking.history:301] 	Change in internal coordinate of 6.10e-01 exceeds limit of 5.00e-01.
2025-12-23:10:40:00,785 WARNING  [psi4.optking.history:306] 	Skipping Hessian update for step 18.
2025-12-23:10:40:00,785 WARNING  [psi4.optking.history:301] 	Change in internal coordinate of 6.15e-01 exceeds limit of 5.00e-01.
2025-12-23:10:40:00,785 WARNING  [psi4.optking.history:306] 	Skipping Hessian update for step 17.
2025-12-23:10:40:00,785 WARNING  [psi4.optking.history:301] 	Change in internal coordinate of 1.24e+00 exceeds limit of 5.00e-01.
2025-12-23:10:40:00,785 WARNING  [psi4.optking.history:306] 	Skipping Hessian update for step 16.
2025-12-23:10:40:00,785 WARNING  [psi4.optking.history:301] 	Change in internal coordinate of 1.25e+00 exceeds limit of 5.00e-01.
2025-12-23:10:40:00,785 WARNING  [psi4.optking.history:306] 	Skipping Hessian update for step 15.
2025-12-23:10:40:00,785 WARNING  [psi4.optking.history:301] 	Change in internal coordinate of 1.26e+00 exceeds limit of 5.00e-01.
2025-12-23:10:40:00,785 WARNING  [psi4.optking.history:306] 	Skipping Hessian update for step 14.
2025-12-23:10:40:00,785 WARNING  [psi4.optking.history:301] 	Change in internal coordinate of 1.94e+00 exceeds limit of 5.00e-01.
2025-12-23:10:40:00,785 WARNING  [psi4.optking.history:306] 	Skipping Hessian update for step 13.
2025-12-23:10:40:00,785 WARNING  [psi4.optking.history:301] 	Change in internal coordinate of 1.96e+00 exceeds limit of 5.00e-01.
2025-12-23:10:40:00,785 WARNING  [psi4.optking.history:306] 	Skipping Hessian update for step 12.
2025-12-23:10:40:00,785 WARNING  [psi4.optking.history:301] 	Change in internal coordinate of 2.67e+00 exceeds limit of 5.00e-01.
2025-12-23:10:40:00,785 WARNING  [psi4.optking.history:306] 	Skipping Hessian update for step 11.
2025-12-23:10:40:00,785 WARNING  [psi4.optking.history:301] 	Change in internal coordinate of 2.69e+00 exceeds limit of 5.00e-01.
2025-12-23:10:40:00,785 WARNING  [psi4.optking.history:306] 	Skipping Hessian update for step 10.
2025-12-23:10:40:00,785 WARNING  [psi4.optking.history:301] 	Change in internal coordinate of 3.29e+00 exceeds limit of 5.00e-01.
2025-12-23:10:40:00,785 WARNING  [psi4.optking.history:306] 	Skipping Hessian update for step 9.
2025-12-23:10:40:00,785 WARNING  [psi4.optking.history:301] 	Change in internal coordinate of 3.78e+00 exceeds limit of 5.00e-01.
2025-12-23:10:40:00,785 WARNING  [psi4.optking.history:306] 	Skipping Hessian update for step 8.
2025-12-23:10:40:00,785 WARNING  [psi4.optking.history:301] 	Change in internal coordinate of 4.18e+00 exceeds limit of 5.00e-01.
2025-12-23:10:40:00,785 WARNING  [psi4.optking.history:306] 	Skipping Hessian update for step 7.
2025-12-23:10:40:00,785 WARNING  [psi4.optking.history:301] 	Change in internal coordinate of 4.51e+00 exceeds limit of 5.00e-01.
2025-12-23:10:40:00,785 WARNING  [psi4.optking.history:306] 	Skipping Hessian update for step 6.
2025-12-23:10:40:00,786 WARNING  [psi4.optking.history:301] 	Change in internal coordinate of 4.81e+00 exceeds limit of 5.00e-01.
2025-12-23:10:40:00,786 WARNING  [psi4.optking.history:306] 	Skipping Hessian update for step 5.
2025-12-23:10:40:00,786 WARNING  [psi4.optking.history:301] 	Change in internal coordinate of 5.10e+00 exceeds limit of 5.00e-01.
2025-12-23:10:40:00,786 WARNING  [psi4.optking.history:306] 	Skipping Hessian update for step 4.
2025-12-23:10:40:00,786 WARNING  [psi4.optking.history:301] 	Change in internal coordinate of 5.38e+00 exceeds limit of 5.00e-01.
2025-12-23:10:40:00,786 WARNING  [psi4.optking.history:306] 	Skipping Hessian update for step 3.
2025-12-23:10:40:00,786 WARNING  [psi4.optking.history:301] 	Change in internal coordinate of 5.64e+00 exceeds limit of 5.00e-01.
2025-12-23:10:40:00,786 WARNING  [psi4.optking.history:306] 	Skipping Hessian update for step 2.
2025-12-23:10:40:00,786 INFO     [psi4.optking.history:317] 	Steps to be used in Hessian update:  1

2025-12-23:10:40:00,786 INFO     [psi4.optking.history:418] 	Updated Hessian (in au) 
 	   0.072859

2025-12-23:10:40:00,786 INFO     [psi4.optking.molsys:944] Projected (PHP) Hessian matrix
	   0.072859

2025-12-23:10:40:00,786 INFO     [psi4.optking.opt_helper:182] 
	         Geometry (au)                                       Gradient (au)
   0.0000000000   0.0000000000   5.7478707351		  -0.0000000000   0.0000000000  -0.0002153660
   0.0000000000   0.0000000000  -2.5212438947		   0.0000000000   0.0000000000   0.0001861718

2025-12-23:10:40:00,786 INFO     [psi4.optking.stepAlgorithms:368] 	Current Step Report 
 
	Current energy:       -82.5468028020
	Energy change for the previous step:
		Actual       :        -0.0001905657
		Projected    :        -0.0001227845

2025-12-23:10:40:00,786 INFO     [psi4.optking.stepAlgorithms:371] 	Energy ratio =    1.55203
2025-12-23:10:40:00,786 INFO     [psi4.optking.stepAlgorithms:929] 	Using RFO solution 1.
2025-12-23:10:40:00,786 INFO     [psi4.optking.displace:100] 	Determining Cartesian step for fragment 1.
2025-12-23:10:40:00,786 INFO     [psi4.optking.displace:415] 	Successfully converged to displaced geometry.
2025-12-23:10:40:00,787 INFO     [psi4.optking.displace:416] 	RMS(dx):  0.000e+00 	Max(dx):  0.000e+00 	RMS(dq):  0.000e+00
2025-12-23:10:40:00,787 INFO     [psi4.optking.displace:172] 

	        --- Internal Coordinate Step in ANG or DEG, aJ/ANG or AJ/DEG ---
	-------------------------------------------------------------------------------
	           Coordinate      Previous         Force          Change          New 
	           ----------      --------        ------          ------        ------
	               R(1,2)       4.37583        0.00165        0.00146       4.37729
	-------------------------------------------------------------------------------

2025-12-23:10:40:00,787 INFO     [psi4.optking.stepAlgorithms:113] 	|target step| :    0.0027555652
2025-12-23:10:40:00,787 INFO     [psi4.optking.stepAlgorithms:114] 	gradient     :   -0.0002007689
2025-12-23:10:40:00,787 INFO     [psi4.optking.stepAlgorithms:115] 	hessian      :    0.0728588685
2025-12-23:10:40:00,787 INFO     [psi4.optking.stepAlgorithms:113] 	|target step| :    0.0027555652
2025-12-23:10:40:00,787 INFO     [psi4.optking.stepAlgorithms:114] 	gradient     :   -0.0002007689
2025-12-23:10:40:00,787 INFO     [psi4.optking.stepAlgorithms:115] 	hessian      :    0.0728588685
2025-12-23:10:40:00,787 INFO     [psi4.optking.stepAlgorithms:206] 	Norm of achieved step-size    0.0027555652
2025-12-23:10:40:00,787 INFO     [psi4.optking.stepAlgorithms:208] 	Norm of achieved step-size (cart):    0.0019484789
2025-12-23:10:40:00,787 INFO     [psi4.optking.opt_helper:164] Molsys:

	                            ===> Fragment 1 <== 

	 Z (Atomic Numbers)          Masses                          Geom                  
	       3.000000             7.016003          0.00000000  0.00000000  5.74924852   
	       8.000000            15.994915          0.00000000  0.00000000 -2.52262168   

	 - Coordinate -           - BOHR/RAD -       - ANG/DEG -
	 R(1,2)           =         8.271870           4.377285

2025-12-23:10:40:00,787 INFO     [psi4.optking.convcheck:76] Performing convergence check.
2025-12-23:10:40:00,787 INFO     [psi4.optking.convcheck:282] 
	                                 ==> Convergence Check <==                                  
    
	Measures of convergence in internal coordinates in au.
    
	Criteria marked as inactive (o), active & met (*), and active & unmet ( ).

	----------------------------------------------------------------------------------------------
	   Step    Total Energy     Delta E     Max Force     RMS Force      Max Disp      RMS Disp   
	----------------------------------------------------------------------------------------------
	  Convergence Criteria     1.00e-06 *    3.00e-04 *             o    1.20e-03 *             o
	----------------------------------------------------------------------------------------------
	    21     -82.54680280   -1.91e-04      2.01e-04 *    2.01e-04 o    2.76e-03      2.76e-03 o  ~
	----------------------------------------------------------------------------------------------


2025-12-23:10:40:00,787 INFO     [psi4.optking.stepAlgorithms:296] 	Convergence check returned False
2025-12-23:10:40:00,798 INFO     [psi4.driver.task_planner:259] PLANNING Atomic:  keywords={'DAMPING_PERCENTAGE': 1.0, 'GEOM_MAXITER': 500, 'SCF__GUESS': 'READ', 'GUESS': 'SAP', 'MAXITER': 500, 'REFERENCE': 'UKS', 'function_kwargs': {}}
2025-12-23:10:40:00,799 INFO     [psi4.driver.driver:638] Compute gradient(): method=b3lyp, basis=cc-pvdz, molecule=default, nre=2.9013994942319297
2025-12-23:10:40:01,97 INFO     [psi4.driver.driver:641] Return gradient(): -82.5468034111769
2025-12-23:10:40:01,97 INFO     [psi4.driver.driver:642] [[ 0.00000000  0.00000000 -0.00021465]
 [ 0.00000000 -0.00000000  0.00018552]]
2025-12-23:10:40:01,99 INFO     [psi4.optking.history:269] 	Performing BFGS update.
2025-12-23:10:40:01,99 INFO     [psi4.optking.history:280] 	Using 4 previous steps for update.
2025-12-23:10:40:01,99 WARNING  [psi4.optking.history:297] 	Denominators (dg)(dq) or (dq)(dq) are very small.
2025-12-23:10:40:01,99 WARNING  [psi4.optking.history:298] 	Skipping Hessian update for step 21.
2025-12-23:10:40:01,99 WARNING  [psi4.optking.history:301] 	Change in internal coordinate of 6.03e-01 exceeds limit of 5.00e-01.
2025-12-23:10:40:01,99 WARNING  [psi4.optking.history:306] 	Skipping Hessian update for step 20.
2025-12-23:10:40:01,99 WARNING  [psi4.optking.history:301] 	Change in internal coordinate of 6.08e-01 exceeds limit of 5.00e-01.
2025-12-23:10:40:01,99 WARNING  [psi4.optking.history:306] 	Skipping Hessian update for step 19.
2025-12-23:10:40:01,99 WARNING  [psi4.optking.history:301] 	Change in internal coordinate of 6.13e-01 exceeds limit of 5.00e-01.
2025-12-23:10:40:01,99 WARNING  [psi4.optking.history:306] 	Skipping Hessian update for step 18.
2025-12-23:10:40:01,99 WARNING  [psi4.optking.history:301] 	Change in internal coordinate of 6.18e-01 exceeds limit of 5.00e-01.
2025-12-23:10:40:01,99 WARNING  [psi4.optking.history:306] 	Skipping Hessian update for step 17.
2025-12-23:10:40:01,99 WARNING  [psi4.optking.history:301] 	Change in internal coordinate of 1.24e+00 exceeds limit of 5.00e-01.
2025-12-23:10:40:01,99 WARNING  [psi4.optking.history:306] 	Skipping Hessian update for step 16.
2025-12-23:10:40:01,99 WARNING  [psi4.optking.history:301] 	Change in internal coordinate of 1.25e+00 exceeds limit of 5.00e-01.
2025-12-23:10:40:01,99 WARNING  [psi4.optking.history:306] 	Skipping Hessian update for step 15.
2025-12-23:10:40:01,99 WARNING  [psi4.optking.history:301] 	Change in internal coordinate of 1.26e+00 exceeds limit of 5.00e-01.
2025-12-23:10:40:01,99 WARNING  [psi4.optking.history:306] 	Skipping Hessian update for step 14.
2025-12-23:10:40:01,99 WARNING  [psi4.optking.history:301] 	Change in internal coordinate of 1.95e+00 exceeds limit of 5.00e-01.
2025-12-23:10:40:01,99 WARNING  [psi4.optking.history:306] 	Skipping Hessian update for step 13.
2025-12-23:10:40:01,99 WARNING  [psi4.optking.history:301] 	Change in internal coordinate of 1.96e+00 exceeds limit of 5.00e-01.
2025-12-23:10:40:01,99 WARNING  [psi4.optking.history:306] 	Skipping Hessian update for step 12.
2025-12-23:10:40:01,100 WARNING  [psi4.optking.history:301] 	Change in internal coordinate of 2.67e+00 exceeds limit of 5.00e-01.
2025-12-23:10:40:01,100 WARNING  [psi4.optking.history:306] 	Skipping Hessian update for step 11.
2025-12-23:10:40:01,100 WARNING  [psi4.optking.history:301] 	Change in internal coordinate of 2.69e+00 exceeds limit of 5.00e-01.
2025-12-23:10:40:01,100 WARNING  [psi4.optking.history:306] 	Skipping Hessian update for step 10.
2025-12-23:10:40:01,100 WARNING  [psi4.optking.history:301] 	Change in internal coordinate of 3.29e+00 exceeds limit of 5.00e-01.
2025-12-23:10:40:01,100 WARNING  [psi4.optking.history:306] 	Skipping Hessian update for step 9.
2025-12-23:10:40:01,100 WARNING  [psi4.optking.history:301] 	Change in internal coordinate of 3.79e+00 exceeds limit of 5.00e-01.
2025-12-23:10:40:01,100 WARNING  [psi4.optking.history:306] 	Skipping Hessian update for step 8.
2025-12-23:10:40:01,100 WARNING  [psi4.optking.history:301] 	Change in internal coordinate of 4.18e+00 exceeds limit of 5.00e-01.
2025-12-23:10:40:01,100 WARNING  [psi4.optking.history:306] 	Skipping Hessian update for step 7.
2025-12-23:10:40:01,100 WARNING  [psi4.optking.history:301] 	Change in internal coordinate of 4.51e+00 exceeds limit of 5.00e-01.
2025-12-23:10:40:01,100 WARNING  [psi4.optking.history:306] 	Skipping Hessian update for step 6.
2025-12-23:10:40:01,100 WARNING  [psi4.optking.history:301] 	Change in internal coordinate of 4.82e+00 exceeds limit of 5.00e-01.
2025-12-23:10:40:01,100 WARNING  [psi4.optking.history:306] 	Skipping Hessian update for step 5.
2025-12-23:10:40:01,100 WARNING  [psi4.optking.history:301] 	Change in internal coordinate of 5.10e+00 exceeds limit of 5.00e-01.
2025-12-23:10:40:01,100 WARNING  [psi4.optking.history:306] 	Skipping Hessian update for step 4.
2025-12-23:10:40:01,100 WARNING  [psi4.optking.history:301] 	Change in internal coordinate of 5.39e+00 exceeds limit of 5.00e-01.
2025-12-23:10:40:01,100 WARNING  [psi4.optking.history:306] 	Skipping Hessian update for step 3.
2025-12-23:10:40:01,100 WARNING  [psi4.optking.history:301] 	Change in internal coordinate of 5.64e+00 exceeds limit of 5.00e-01.
2025-12-23:10:40:01,100 WARNING  [psi4.optking.history:306] 	Skipping Hessian update for step 2.
2025-12-23:10:40:01,100 INFO     [psi4.optking.history:317] 	Steps to be used in Hessian update:  1

2025-12-23:10:40:01,100 INFO     [psi4.optking.history:418] 	Updated Hessian (in au) 
 	   0.072826

2025-12-23:10:40:01,100 INFO     [psi4.optking.molsys:944] Projected (PHP) Hessian matrix
	   0.072826

2025-12-23:10:40:01,100 INFO     [psi4.optking.opt_helper:182] 
	         Geometry (au)                                       Gradient (au)
   0.0000000000   0.0000000000   5.7497861315		   0.0000000000   0.0000000000  -0.0002146454
   0.0000000000   0.0000000000  -2.5220840635		   0.0000000000  -0.0000000000   0.0001855173

2025-12-23:10:40:01,100 INFO     [psi4.optking.stepAlgorithms:368] 	Current Step Report 
 
	Current energy:       -82.5468034112
	Energy change for the previous step:
		Actual       :        -0.0000006092
		Projected    :        -0.0000002766

2025-12-23:10:40:01,100 INFO     [psi4.optking.stepAlgorithms:371] 	Energy ratio =    2.20234
2025-12-23:10:40:01,100 INFO     [psi4.optking.stepAlgorithms:929] 	Using RFO solution 1.
2025-12-23:10:40:01,100 INFO     [psi4.optking.displace:100] 	Determining Cartesian step for fragment 1.
2025-12-23:10:40:01,101 INFO     [psi4.optking.displace:415] 	Successfully converged to displaced geometry.
2025-12-23:10:40:01,101 INFO     [psi4.optking.displace:416] 	RMS(dx):  5.128e-16 	Max(dx):  8.882e-16 	RMS(dq):  1.776e-15
2025-12-23:10:40:01,101 INFO     [psi4.optking.displace:172] 

	        --- Internal Coordinate Step in ANG or DEG, aJ/ANG or AJ/DEG ---
	-------------------------------------------------------------------------------
	           Coordinate      Previous         Force          Change          New 
	           ----------      --------        ------          ------        ------
	               R(1,2)       4.37729        0.00165        0.00145       4.37874
	-------------------------------------------------------------------------------

2025-12-23:10:40:01,101 INFO     [psi4.optking.stepAlgorithms:113] 	|target step| :    0.0027473854
2025-12-23:10:40:01,101 INFO     [psi4.optking.stepAlgorithms:114] 	gradient     :   -0.0002000814
2025-12-23:10:40:01,101 INFO     [psi4.optking.stepAlgorithms:115] 	hessian      :    0.0728255452
2025-12-23:10:40:01,101 INFO     [psi4.optking.stepAlgorithms:113] 	|target step| :    0.0027473854
2025-12-23:10:40:01,101 INFO     [psi4.optking.stepAlgorithms:114] 	gradient     :   -0.0002000814
2025-12-23:10:40:01,101 INFO     [psi4.optking.stepAlgorithms:115] 	hessian      :    0.0728255452
2025-12-23:10:40:01,101 INFO     [psi4.optking.stepAlgorithms:206] 	Norm of achieved step-size    0.0027473854
2025-12-23:10:40:01,101 INFO     [psi4.optking.stepAlgorithms:208] 	Norm of achieved step-size (cart):    0.0019426949
2025-12-23:10:40:01,101 INFO     [psi4.optking.opt_helper:164] Molsys:

	                            ===> Fragment 1 <== 

	 Z (Atomic Numbers)          Masses                          Geom                  
	       3.000000             7.016003          0.00000000  0.00000000  5.75115982   
	       8.000000            15.994915          0.00000000  0.00000000 -2.52345776   

	 - Coordinate -           - BOHR/RAD -       - ANG/DEG -
	 R(1,2)           =         8.274618           4.378739

2025-12-23:10:40:01,101 INFO     [psi4.optking.convcheck:76] Performing convergence check.
2025-12-23:10:40:01,101 INFO     [psi4.optking.convcheck:282] 
	                                 ==> Convergence Check <==                                  
    
	Measures of convergence in internal coordinates in au.
    
	Criteria marked as inactive (o), active & met (*), and active & unmet ( ).

	----------------------------------------------------------------------------------------------
	   Step    Total Energy     Delta E     Max Force     RMS Force      Max Disp      RMS Disp   
	----------------------------------------------------------------------------------------------
	  Convergence Criteria     1.00e-06 *    3.00e-04 *             o    1.20e-03 *             o
	----------------------------------------------------------------------------------------------
	    22     -82.54680341   -6.09e-07 *    2.00e-04 *    2.00e-04 o    2.75e-03      2.75e-03 o  ~
	----------------------------------------------------------------------------------------------


2025-12-23:10:40:01,101 INFO     [psi4.optking.convcheck:206] 
	                      ===> Final Convergence Report <===                     

	----------------------------------------------------------------------------
	|   Required Criteria    |  One or More Criteria  |   Alternate Criteria   |
	----------------------------------------------------------------------------
	| [x]     max_force      | [x]       max_DE       |                        |
	|                        | [ ]      max_disp      |                        |
	----------------------------------------------------------------------------


2025-12-23:10:40:01,101 INFO     [psi4.optking.stepAlgorithms:296] 	Convergence check returned True
2025-12-23:10:40:01,101 INFO     [psi4.optking.optimize:332] 	Converged in 22 steps!
2025-12-23:10:40:01,101 INFO     [psi4.optking.optimize:333] 	Final energy is    -82.5468034111769
2025-12-23:10:40:01,101 INFO     [psi4.optking.optimize:334] 	Final structure (Angstroms): 
	Fragment 1 (Ang)

	   Li   0.0000000000   0.0000000000   3.0433827139
	    O   0.0000000000   0.0000000000  -1.3353563367


2025-12-23:10:40:01,102 INFO     [psi4.optking.optimize:562] 	Optimization Finished

	==> Optimization Summary <==

        
	Measures of convergence in internal coordinates in au. (Any backward steps not shown.)
        
	---------------------------------------------------------------------------------------------------------------  ~
        
	 Step         Total Energy             Delta E       MAX Force       RMS Force        MAX Disp        RMS Disp   ~
        
	---------------------------------------------------------------------------------------------------------------  ~
        
	     1     -82.350003062026    -82.350003062026      0.43745914      0.43745914      0.36249315      0.36249315  ~
	     2     -82.457217847315     -0.107214785289      0.18809884      0.18809884      0.25557699      0.25557699  ~
	     3     -82.493381340240     -0.036163492924      0.10340459      0.10340459      0.28643665      0.28643665  ~
	     4     -82.515025355714     -0.021644015474      0.05353387      0.05353387      0.28287292      0.28287292  ~
	     5     -82.526271591334     -0.011246235620      0.02893036      0.02893036      0.30223608      0.30223608  ~
	     6     -82.532813411256     -0.006541819922      0.01603152      0.01603152      0.33378730      0.33378730  ~
	     7     -82.536902723885     -0.004089312629      0.00935969      0.00935969      0.39514551      0.39514551  ~
	     8     -82.539823939658     -0.002921215772      0.00584599      0.00584599      0.49581329      0.49581329  ~
	     9     -82.542180552089     -0.002356612431      0.00383088      0.00383088      0.60152460      0.60152460  ~
	    10     -82.544046624560     -0.001866072472      0.00248281      0.00248281      0.01892007      0.01892007  ~
	    11     -82.544093026596     -0.000046402036      0.00245039      0.00245039      0.70967252      0.70967252  ~
	    12     -82.545445118930     -0.001352092334      0.00145135      0.00145135      0.01346051      0.01346051  ~
	    13     -82.545464396575     -0.000019277645      0.00143635      0.00143635      0.68473709      0.68473709  ~
	    14     -82.546214986753     -0.000750590178      0.00079732      0.00079732      0.00865919      0.00865919  ~
	    15     -82.546221965866     -0.000006979113      0.00079071      0.00079071      0.00860295      0.00860295  ~
	    16     -82.546228849149     -0.000006883282      0.00078418      0.00078418      0.62630202      0.62630202  ~
	    17     -82.546605627868     -0.000376778719      0.00041605      0.00041605      0.00512734      0.00512734  ~
	    18     -82.546607850720     -0.000002222852      0.00041380      0.00041380      0.00510444      0.00510444  ~
	    19     -82.546610054142     -0.000002203422      0.00041157      0.00041157      0.00508172      0.00508172  ~
	    20     -82.546612236316     -0.000002182174      0.00040936      0.00040936      0.59988892      0.59988892  ~
	    21     -82.546802801975     -0.000190565659      0.00020077      0.00020077      0.00275557      0.00275557  ~
	    22     -82.546803411177     -0.000000609202      0.00020008      0.00020008      0.00274739      0.00274739  ~
	----------------------------------------------------------------------------------------------------------------


2025-12-23:10:40:01,102 INFO     [psi4.optking.optimize:806] Preparing OptimizationResult
