2025-12-23:11:10:02,702 WARNING  [psi4.optking:38] Some dependencies such as QCElemental have not yet finished migration to pydantic v2. If issues are encountered please downgrade pydantic or upgrade QCElemental as appropriate
2025-12-23:11:10:02,855 INFO     [psi4.optking.optwrapper:234] Creating a UserComputer
2025-12-23:11:10:02,855 INFO     [psi4.optking.optwrapper:242] 
    			-----------------------------------------

    			 OPTKING 3.0: for geometry optimizations 

    			     By R.A. King, Bethel University     

    			        with contributions from          

    			    A.V. Copan, J. Cayton, A. Heide      

    			-----------------------------------------

    
2025-12-23:11:10:02,856 INFO     [psi4.optking.optwrapper:272] 
		 -- Optimization Parameters --
	GEOM_MAXITER                   =             500
	ALG_GEOM_MAXITER               =              50
	PRINT                          =               1
	OPT_TYPE                       =             MIN
	STEP_TYPE                      =             RFO
	PROGRAM                        =            PSI4
	STEEPEST_DESCENT_TYPE          =         OVERLAP
	CONJUGATE_GRADIENT_TYPE        =        FLETCHER
	OPT_COORDINATES                =        INTERNAL
	RFO_FOLLOW_ROOT                =           False
	RFO_ROOT                       =               0
	ACCEPT_SYMMETRY_BREAKING       =           False
	DYNAMIC_LVL                    =               0
	DYNAMIC_LVL_MAX                =               0
	IRC_STEP_SIZE                  =             0.2
	IRC_DIRECTION                  =         FORWARD
	IRC_POINTS                     =              20
	IRC_MODE                       =          NORMAL
	IRC_CONVERGENCE                =            -0.7
	INTRAFRAG_STEP_LIMIT           =             0.5
	INTRAFRAG_STEP_LIMIT_MIN       =           0.001
	INTRAFRAG_STEP_LIMIT_MAX       =             1.0
	INTERFRAG_STEP_LIMIT           =             0.5
	INTERFRAG_STEP_LIMIT_MIN       =           0.001
	INTERFRAG_STEP_LIMIT_MAX       =             1.0
	ENSURE_BT_CONVERGENCE          =           False
	SIMPLE_STEP_SCALING            =           False
	CONSECUTIVE_BACKSTEPS          =               0
	RFO_NORMALIZATION_MAX          =             100
	RSRFO_ALPHA_MAX                =     100000000.0
	PRINT_TRAJECTORY_XYZ_FILE      =           False
	WRITE_TRAJECTORY               =           False
	FROZEN_DISTANCE                =                
	FROZEN_BEND                    =                
	FROZEN_DIHEDRAL                =                
	FROZEN_OOFP                    =                
	FROZEN_CARTESIAN               =                
	FREEZE_ALL_DIHEDRALS           =           False
	UNFREEZE_DIHEDRALS             =                
	RANGED_DISTANCE                =                
	RANGED_BEND                    =                
	RANGED_DIHEDRAL                =                
	RANGED_OOFP                    =                
	RANGED_CARTESIAN               =                
	EXT_FORCE_DISTANCE             =                
	EXT_FORCE_BEND                 =                
	EXT_FORCE_DIHEDRAL             =                
	EXT_FORCE_OOFP                 =                
	EXT_FORCE_CARTESIAN            =                
	G_CONVERGENCE                  =           QCHEM
	MAX_FORCE_G_CONVERGENCE        =          0.0003
	RMS_FORCE_G_CONVERGENCE        =          0.0003
	MAX_ENERGY_G_CONVERGENCE       =           1e-06
	MAX_DISP_G_CONVERGENCE         =          0.0012
	RMS_DISP_G_CONVERGENCE         =          0.0012
	FLEXIBLE_G_CONVERGENCE         =           False
	HESS_UPDATE                    =            BFGS
	HESS_UPDATE_USE_LAST           =               4
	HESS_UPDATE_LIMIT              =            True
	HESS_UPDATE_LIMIT_MAX          =             1.0
	HESS_UPDATE_LIMIT_SCALE        =             0.5
	HESS_UPDATE_DEN_TOL            =           1e-07
	HESS_UPDATE_DQ_TOL             =             0.5
	CART_HESS_READ                 =           False
	HESSIAN_FILE                   =               .
	FULL_HESS_EVERY                =              -1
	INTRAFRAG_HESS                 =        SCHLEGEL
	H_GUESS_EVERY                  =           False
	BT_MAX_ITER                    =              25
	BT_DX_CONV                     =           1e-07
	BT_DX_RMS_CHANGE_CONV          =           1e-12
	BT_PINV_RCOND                  =           1e-06
	FRAG_MODE                      =          SINGLE
	FRAG_REF_ATOMS                 =              []
	FREEZE_INTRAFRAG               =           False
	INTERFRAG_MODE                 =           FIXED
	ADD_AUXILIARY_BONDS            =           False
	AUXILIARY_BOND_FACTOR          =             2.5
	INTERFRAG_DIST_INV             =           False
	INTERFRAG_COLLINEAR_TOL        =            0.01
	INTERFRAG_COORDS               =              []
	INTERFRAG_HESS                 =         DEFAULT
	COVALENT_CONNECT               =             1.3
	INTERFRAGMENT_CONNECT          =             1.8
	H_BOND_CONNECT                 =             4.3
	INCLUDE_OOFP                   =           False
	TEST_B                         =           False
	TEST_DERIVATIVE_B              =           False
	LINESEARCH_STEP                =             0.1
	LINESEARCH                     =           False
	SD_HESSIAN                     =             1.0
	FIX_VAL_NEAR_PI                =            1.57
	V3D_TORS_ANGLE_LIM             =           0.017
	V3D_TORS_COS_TOL               =           1e-10
	LINEAR_BEND_THRESHOLD          =            3.05
	SMALL_BEND_FIX_THRESHOLD       =            0.35
	REDUNDANT_EVAL_TOL             =           1e-10
	LINEAR_ALGEBRA_TOL             =           1e-10


2025-12-23:11:10:02,990 INFO     [psi4.optking.opt_helper:164] Molsys:

	                            ===> Fragment 1 <== 

	 Z (Atomic Numbers)          Masses                          Geom                  
	       8.000000            15.994915          0.00000000  0.00000000  1.44279778   
	      14.000000            27.976927          0.00000000  0.00000000 -0.82487357   

	 - Coordinate -           - BOHR/RAD -       - ANG/DEG -
	 R(1,2)           =         2.267671           1.200000

2025-12-23:11:10:03,1 INFO     [psi4.driver.task_planner:259] PLANNING Atomic:  keywords={'DAMPING_PERCENTAGE': 1.0, 'GEOM_MAXITER': 500, 'GUESS': 'SAP', 'MAXITER': 500, 'REFERENCE': 'UKS', 'function_kwargs': {}}
2025-12-23:11:10:03,3 INFO     [psi4.driver.driver:638] Compute gradient(): method=b3lyp, basis=cc-pvdz, molecule=default, nre=49.389872995866675
2025-12-23:11:10:03,567 INFO     [psi4.driver.driver:641] Return gradient(): -363.9324279403546
2025-12-23:11:10:03,567 INFO     [psi4.driver.driver:642] [[ 0.00000000  0.00000000 -1.03538777]
 [ 0.00000000  0.00000000  1.03532720]]
2025-12-23:11:10:03,569 INFO     [psi4.optking.molsys:944] Projected (PHP) Hessian matrix
	   4.182219

2025-12-23:11:10:03,569 INFO     [psi4.optking.opt_helper:182] 
	         Geometry (au)                                       Gradient (au)
   0.0000000000   0.0000000000   1.4427977795		   0.0000000000   0.0000000000  -1.0353877658
   0.0000000000   0.0000000000  -0.8248735710		   0.0000000000   0.0000000000   1.0353272030

2025-12-23:11:10:03,569 INFO     [psi4.optking.stepAlgorithms:929] 	Using RFO solution 1.
2025-12-23:11:10:03,570 INFO     [psi4.optking.displace:100] 	Determining Cartesian step for fragment 1.
2025-12-23:11:10:03,570 INFO     [psi4.optking.displace:415] 	Successfully converged to displaced geometry.
2025-12-23:11:10:03,570 INFO     [psi4.optking.displace:416] 	RMS(dx):  0.000e+00 	Max(dx):  0.000e+00 	RMS(dq):  0.000e+00
2025-12-23:11:10:03,570 INFO     [psi4.optking.displace:172] 

	        --- Internal Coordinate Step in ANG or DEG, aJ/ANG or AJ/DEG ---
	-------------------------------------------------------------------------------
	           Coordinate      Previous         Force          Change          New 
	           ----------      --------        ------          ------        ------
	               R(1,2)       1.20000        8.53002        0.12383       1.32383
	-------------------------------------------------------------------------------

2025-12-23:11:10:03,570 INFO     [psi4.optking.stepAlgorithms:113] 	|target step| :    0.2340056390
2025-12-23:11:10:03,570 INFO     [psi4.optking.stepAlgorithms:114] 	gradient     :   -1.0353574844
2025-12-23:11:10:03,570 INFO     [psi4.optking.stepAlgorithms:115] 	hessian      :    4.1822185214
2025-12-23:11:10:03,570 INFO     [psi4.optking.stepAlgorithms:113] 	|target step| :    0.2340056390
2025-12-23:11:10:03,570 INFO     [psi4.optking.stepAlgorithms:114] 	gradient     :   -1.0353574844
2025-12-23:11:10:03,570 INFO     [psi4.optking.stepAlgorithms:115] 	hessian      :    4.1822185214
2025-12-23:11:10:03,570 INFO     [psi4.optking.stepAlgorithms:206] 	Norm of achieved step-size    0.2340056390
2025-12-23:11:10:03,570 INFO     [psi4.optking.stepAlgorithms:208] 	Norm of achieved step-size (cart):    0.1654669742
2025-12-23:11:10:03,570 INFO     [psi4.optking.opt_helper:164] Molsys:

	                            ===> Fragment 1 <== 

	 Z (Atomic Numbers)          Masses                          Geom                  
	       8.000000            15.994915          0.00000000  0.00000000  1.55980060   
	      14.000000            27.976927          0.00000000  0.00000000 -0.94187639   

	 - Coordinate -           - BOHR/RAD -       - ANG/DEG -
	 R(1,2)           =         2.501677           1.323830

2025-12-23:11:10:03,570 INFO     [psi4.optking.convcheck:76] Performing convergence check.
2025-12-23:11:10:03,570 INFO     [psi4.optking.convcheck:282] 
	                                 ==> Convergence Check <==                                  
    
	Measures of convergence in internal coordinates in au.
    
	Criteria marked as inactive (o), active & met (*), and active & unmet ( ).

	----------------------------------------------------------------------------------------------~
	   Step    Total Energy     Delta E     Max Force     RMS Force      Max Disp      RMS Disp   ~
	----------------------------------------------------------------------------------------------~
	  Convergence Criteria     1.00e-06 *    3.00e-04 *             o    1.20e-03 *             o~
	----------------------------------------------------------------------------------------------~
	     1    -363.93242794   -3.64e+02      1.04e+00      1.04e+00 o    2.34e-01      2.34e-01 o  ~
	----------------------------------------------------------------------------------------------


2025-12-23:11:10:03,570 INFO     [psi4.optking.stepAlgorithms:296] 	Convergence check returned False
2025-12-23:11:10:03,581 INFO     [psi4.driver.task_planner:259] PLANNING Atomic:  keywords={'DAMPING_PERCENTAGE': 1.0, 'GEOM_MAXITER': 500, 'SCF__GUESS': 'READ', 'GUESS': 'SAP', 'MAXITER': 500, 'REFERENCE': 'UKS', 'function_kwargs': {}}
2025-12-23:11:10:03,582 INFO     [psi4.driver.driver:638] Compute gradient(): method=b3lyp, basis=cc-pvdz, molecule=default, nre=44.76996849214476
2025-12-23:11:10:04,163 INFO     [psi4.driver.driver:641] Return gradient(): -364.1109529932077
2025-12-23:11:10:04,163 INFO     [psi4.driver.driver:642] [[-0.00000000  0.00000000 -0.54248389]
 [ 0.00000000 -0.00000000  0.54248131]]
2025-12-23:11:10:04,165 INFO     [psi4.optking.history:269] 	Performing BFGS update.
2025-12-23:11:10:04,165 INFO     [psi4.optking.history:280] 	Using 1 previous steps for update.
2025-12-23:11:10:04,165 INFO     [psi4.optking.history:317] 	Steps to be used in Hessian update:  1

2025-12-23:11:10:04,165 INFO     [psi4.optking.history:418] 	Updated Hessian (in au) 
 	   2.106252

2025-12-23:11:10:04,165 INFO     [psi4.optking.molsys:944] Projected (PHP) Hessian matrix
	   2.106252

2025-12-23:11:10:04,165 INFO     [psi4.optking.opt_helper:182] 
	         Geometry (au)                                       Gradient (au)
   0.0000000000   0.0000000000   1.5916830297		  -0.0000000000   0.0000000000  -0.5424838897
   0.0000000000   0.0000000000  -0.9099939598		   0.0000000000  -0.0000000000   0.5424813146

2025-12-23:11:10:04,165 INFO     [psi4.optking.stepAlgorithms:368] 	Current Step Report 
 
	Current energy:      -364.1109529932
	Energy change for the previous step:
		Actual       :        -0.1785250529
		Projected    :        -0.1211397449

2025-12-23:11:10:04,165 INFO     [psi4.optking.stepAlgorithms:371] 	Energy ratio =    1.47371
2025-12-23:11:10:04,165 INFO     [psi4.optking.stepAlgorithms:399] 	Energy ratio indicates good step.
2025-12-23:11:10:04,165 INFO     [psi4.optking.stepAlgorithms:400] 	Intrafrag trust radius increased to      1.
2025-12-23:11:10:04,166 INFO     [psi4.optking.stepAlgorithms:929] 	Using RFO solution 1.
2025-12-23:11:10:04,166 INFO     [psi4.optking.displace:100] 	Determining Cartesian step for fragment 1.
2025-12-23:11:10:04,166 INFO     [psi4.optking.displace:415] 	Successfully converged to displaced geometry.
2025-12-23:11:10:04,166 INFO     [psi4.optking.displace:416] 	RMS(dx):  0.000e+00 	Max(dx):  0.000e+00 	RMS(dq):  0.000e+00
2025-12-23:11:10:04,166 INFO     [psi4.optking.displace:172] 

	        --- Internal Coordinate Step in ANG or DEG, aJ/ANG or AJ/DEG ---
	-------------------------------------------------------------------------------
	           Coordinate      Previous         Force          Change          New 
	           ----------      --------        ------          ------        ------
	               R(1,2)       1.32383        4.46936        0.12828       1.45211
	-------------------------------------------------------------------------------

2025-12-23:11:10:04,166 INFO     [psi4.optking.stepAlgorithms:113] 	|target step| :    0.2424219547
2025-12-23:11:10:04,166 INFO     [psi4.optking.stepAlgorithms:114] 	gradient     :   -0.5424826022
2025-12-23:11:10:04,166 INFO     [psi4.optking.stepAlgorithms:115] 	hessian      :    2.1062521583
2025-12-23:11:10:04,166 INFO     [psi4.optking.stepAlgorithms:113] 	|target step| :    0.2424219547
2025-12-23:11:10:04,166 INFO     [psi4.optking.stepAlgorithms:114] 	gradient     :   -0.5424826022
2025-12-23:11:10:04,166 INFO     [psi4.optking.stepAlgorithms:115] 	hessian      :    2.1062521583
2025-12-23:11:10:04,166 INFO     [psi4.optking.stepAlgorithms:206] 	Norm of achieved step-size    0.2424219547
2025-12-23:11:10:04,166 INFO     [psi4.optking.stepAlgorithms:208] 	Norm of achieved step-size (cart):    0.1714182081
2025-12-23:11:10:04,166 INFO     [psi4.optking.opt_helper:164] Molsys:

	                            ===> Fragment 1 <== 

	 Z (Atomic Numbers)          Masses                          Geom                  
	       8.000000            15.994915          0.00000000  0.00000000  1.71289401   
	      14.000000            27.976927          0.00000000  0.00000000 -1.03120494   

	 - Coordinate -           - BOHR/RAD -       - ANG/DEG -
	 R(1,2)           =         2.744099           1.452115

2025-12-23:11:10:04,166 INFO     [psi4.optking.convcheck:76] Performing convergence check.
2025-12-23:11:10:04,166 INFO     [psi4.optking.convcheck:282] 
	                                 ==> Convergence Check <==                                  
    
	Measures of convergence in internal coordinates in au.
    
	Criteria marked as inactive (o), active & met (*), and active & unmet ( ).

	----------------------------------------------------------------------------------------------
	   Step    Total Energy     Delta E     Max Force     RMS Force      Max Disp      RMS Disp   
	----------------------------------------------------------------------------------------------
	  Convergence Criteria     1.00e-06 *    3.00e-04 *             o    1.20e-03 *             o
	----------------------------------------------------------------------------------------------
	     2    -364.11095299   -1.79e-01      5.42e-01      5.42e-01 o    2.42e-01      2.42e-01 o  ~
	----------------------------------------------------------------------------------------------


2025-12-23:11:10:04,167 INFO     [psi4.optking.stepAlgorithms:296] 	Convergence check returned False
2025-12-23:11:10:04,177 INFO     [psi4.driver.task_planner:259] PLANNING Atomic:  keywords={'DAMPING_PERCENTAGE': 1.0, 'GEOM_MAXITER': 500, 'SCF__GUESS': 'READ', 'GUESS': 'SAP', 'MAXITER': 500, 'REFERENCE': 'UKS', 'function_kwargs': {}}
2025-12-23:11:10:04,178 INFO     [psi4.driver.driver:638] Compute gradient(): method=b3lyp, basis=cc-pvdz, molecule=default, nre=40.81485481176673
2025-12-23:11:10:04,762 INFO     [psi4.driver.driver:641] Return gradient(): -364.2066457262709
2025-12-23:11:10:04,762 INFO     [psi4.driver.driver:642] [[-0.00000000  0.00000000 -0.27667191]
 [ 0.00000000 -0.00000000  0.27668521]]
2025-12-23:11:10:04,764 INFO     [psi4.optking.history:269] 	Performing BFGS update.
2025-12-23:11:10:04,764 INFO     [psi4.optking.history:280] 	Using 2 previous steps for update.
2025-12-23:11:10:04,764 INFO     [psi4.optking.history:317] 	Steps to be used in Hessian update:  2 1

2025-12-23:11:10:04,764 INFO     [psi4.optking.history:418] 	Updated Hessian (in au) 
 	   1.592433

2025-12-23:11:10:04,764 INFO     [psi4.optking.molsys:944] Projected (PHP) Hessian matrix
	   1.592433

2025-12-23:11:10:04,764 INFO     [psi4.optking.opt_helper:182] 
	         Geometry (au)                                       Gradient (au)
   0.0000000000   0.0000000000   1.7459231306		  -0.0000000000   0.0000000000  -0.2766719148
   0.0000000000   0.0000000000  -0.9981758136		   0.0000000000  -0.0000000000   0.2766852052

2025-12-23:11:10:04,764 INFO     [psi4.optking.stepAlgorithms:368] 	Current Step Report 
 
	Current energy:      -364.2066457263
	Energy change for the previous step:
		Actual       :        -0.0956927331
		Projected    :        -0.0657548464

2025-12-23:11:10:04,764 INFO     [psi4.optking.stepAlgorithms:371] 	Energy ratio =    1.45530
2025-12-23:11:10:04,764 INFO     [psi4.optking.stepAlgorithms:929] 	Using RFO solution 1.
2025-12-23:11:10:04,765 INFO     [psi4.optking.displace:100] 	Determining Cartesian step for fragment 1.
2025-12-23:11:10:04,765 INFO     [psi4.optking.displace:415] 	Successfully converged to displaced geometry.
2025-12-23:11:10:04,765 INFO     [psi4.optking.displace:416] 	RMS(dx):  0.000e+00 	Max(dx):  0.000e+00 	RMS(dq):  0.000e+00
2025-12-23:11:10:04,765 INFO     [psi4.optking.displace:172] 

	        --- Internal Coordinate Step in ANG or DEG, aJ/ANG or AJ/DEG ---
	-------------------------------------------------------------------------------
	           Coordinate      Previous         Force          Change          New 
	           ----------      --------        ------          ------        ------
	               R(1,2)       1.45211        2.27948        0.08932       1.54144
	-------------------------------------------------------------------------------

2025-12-23:11:10:04,765 INFO     [psi4.optking.stepAlgorithms:113] 	|target step| :    0.1687954802
2025-12-23:11:10:04,765 INFO     [psi4.optking.stepAlgorithms:114] 	gradient     :   -0.2766785600
2025-12-23:11:10:04,765 INFO     [psi4.optking.stepAlgorithms:115] 	hessian      :    1.5924327943
2025-12-23:11:10:04,765 INFO     [psi4.optking.stepAlgorithms:113] 	|target step| :    0.1687954802
2025-12-23:11:10:04,765 INFO     [psi4.optking.stepAlgorithms:114] 	gradient     :   -0.2766785600
2025-12-23:11:10:04,765 INFO     [psi4.optking.stepAlgorithms:115] 	hessian      :    1.5924327943
2025-12-23:11:10:04,765 INFO     [psi4.optking.stepAlgorithms:206] 	Norm of achieved step-size    0.1687954802
2025-12-23:11:10:04,765 INFO     [psi4.optking.stepAlgorithms:208] 	Norm of achieved step-size (cart):    0.1193564287
2025-12-23:11:10:04,765 INFO     [psi4.optking.opt_helper:164] Molsys:

	                            ===> Fragment 1 <== 

	 Z (Atomic Numbers)          Masses                          Geom                  
	       8.000000            15.994915          0.00000000  0.00000000  1.83032087   
	      14.000000            27.976927          0.00000000  0.00000000 -1.08257355   

	 - Coordinate -           - BOHR/RAD -       - ANG/DEG -
	 R(1,2)           =         2.912894           1.541437

2025-12-23:11:10:04,765 INFO     [psi4.optking.convcheck:76] Performing convergence check.
2025-12-23:11:10:04,765 INFO     [psi4.optking.convcheck:282] 
	                                 ==> Convergence Check <==                                  
    
	Measures of convergence in internal coordinates in au.
    
	Criteria marked as inactive (o), active & met (*), and active & unmet ( ).

	----------------------------------------------------------------------------------------------
	   Step    Total Energy     Delta E     Max Force     RMS Force      Max Disp      RMS Disp   
	----------------------------------------------------------------------------------------------
	  Convergence Criteria     1.00e-06 *    3.00e-04 *             o    1.20e-03 *             o
	----------------------------------------------------------------------------------------------
	     3    -364.20664573   -9.57e-02      2.77e-01      2.77e-01 o    1.69e-01      1.69e-01 o  ~
	----------------------------------------------------------------------------------------------


2025-12-23:11:10:04,765 INFO     [psi4.optking.stepAlgorithms:296] 	Convergence check returned False
2025-12-23:11:10:04,776 INFO     [psi4.driver.task_planner:259] PLANNING Atomic:  keywords={'DAMPING_PERCENTAGE': 1.0, 'GEOM_MAXITER': 500, 'SCF__GUESS': 'READ', 'GUESS': 'SAP', 'MAXITER': 500, 'REFERENCE': 'UKS', 'function_kwargs': {}}
2025-12-23:11:10:04,777 INFO     [psi4.driver.driver:638] Compute gradient(): method=b3lyp, basis=cc-pvdz, molecule=default, nre=38.44972857839094
2025-12-23:11:10:05,380 INFO     [psi4.driver.driver:641] Return gradient(): -364.2440219663855
2025-12-23:11:10:05,380 INFO     [psi4.driver.driver:642] [[ 0.00000000  0.00000000 -0.17457815]
 [-0.00000000  0.00000000  0.17454175]]
2025-12-23:11:10:05,382 INFO     [psi4.optking.history:269] 	Performing BFGS update.
2025-12-23:11:10:05,382 INFO     [psi4.optking.history:280] 	Using 3 previous steps for update.
2025-12-23:11:10:05,382 WARNING  [psi4.optking.history:301] 	Change in internal coordinate of 6.45e-01 exceeds limit of 5.00e-01.
2025-12-23:11:10:05,382 WARNING  [psi4.optking.history:306] 	Skipping Hessian update for step 1.
2025-12-23:11:10:05,382 INFO     [psi4.optking.history:317] 	Steps to be used in Hessian update:  3 2

2025-12-23:11:10:05,382 INFO     [psi4.optking.history:418] 	Updated Hessian (in au) 
 	   0.894716

2025-12-23:11:10:05,382 INFO     [psi4.optking.molsys:944] Projected (PHP) Hessian matrix
	   0.894716

2025-12-23:11:10:05,382 INFO     [psi4.optking.opt_helper:182] 
	         Geometry (au)                                       Gradient (au)
   0.0000000000   0.0000000000   1.8533186507		   0.0000000000   0.0000000000  -0.1745781549
   0.0000000000   0.0000000000  -1.0595757738		  -0.0000000000   0.0000000000   0.1745417549

2025-12-23:11:10:05,382 INFO     [psi4.optking.stepAlgorithms:368] 	Current Step Report 
 
	Current energy:      -364.2440219664
	Energy change for the previous step:
		Actual       :        -0.0373762401
		Projected    :        -0.0233510452

2025-12-23:11:10:05,382 INFO     [psi4.optking.stepAlgorithms:371] 	Energy ratio =    1.60062
2025-12-23:11:10:05,383 INFO     [psi4.optking.stepAlgorithms:929] 	Using RFO solution 1.
2025-12-23:11:10:05,383 INFO     [psi4.optking.displace:100] 	Determining Cartesian step for fragment 1.
2025-12-23:11:10:05,383 INFO     [psi4.optking.displace:415] 	Successfully converged to displaced geometry.
2025-12-23:11:10:05,383 INFO     [psi4.optking.displace:416] 	RMS(dx):  0.000e+00 	Max(dx):  0.000e+00 	RMS(dq):  0.000e+00
2025-12-23:11:10:05,383 INFO     [psi4.optking.displace:172] 

	        --- Internal Coordinate Step in ANG or DEG, aJ/ANG or AJ/DEG ---
	-------------------------------------------------------------------------------
	           Coordinate      Previous         Force          Change          New 
	           ----------      --------        ------          ------        ------
	               R(1,2)       1.54144        1.43815        0.09959       1.64102
	-------------------------------------------------------------------------------

2025-12-23:11:10:05,383 INFO     [psi4.optking.stepAlgorithms:113] 	|target step| :    0.1881913592
2025-12-23:11:10:05,383 INFO     [psi4.optking.stepAlgorithms:114] 	gradient     :   -0.1745599549
2025-12-23:11:10:05,383 INFO     [psi4.optking.stepAlgorithms:115] 	hessian      :    0.8947155835
2025-12-23:11:10:05,383 INFO     [psi4.optking.stepAlgorithms:113] 	|target step| :    0.1881913592
2025-12-23:11:10:05,383 INFO     [psi4.optking.stepAlgorithms:114] 	gradient     :   -0.1745599549
2025-12-23:11:10:05,383 INFO     [psi4.optking.stepAlgorithms:115] 	hessian      :    0.8947155835
2025-12-23:11:10:05,383 INFO     [psi4.optking.stepAlgorithms:206] 	Norm of achieved step-size    0.1881913592
2025-12-23:11:10:05,383 INFO     [psi4.optking.stepAlgorithms:208] 	Norm of achieved step-size (cart):    0.1330713862
2025-12-23:11:10:05,383 INFO     [psi4.optking.opt_helper:164] Molsys:

	                            ===> Fragment 1 <== 

	 Z (Atomic Numbers)          Masses                          Geom                  
	       8.000000            15.994915          0.00000000  0.00000000  1.94741433   
	      14.000000            27.976927          0.00000000  0.00000000 -1.15367145   

	 - Coordinate -           - BOHR/RAD -       - ANG/DEG -
	 R(1,2)           =         3.101086           1.641024

2025-12-23:11:10:05,384 INFO     [psi4.optking.convcheck:76] Performing convergence check.
2025-12-23:11:10:05,384 INFO     [psi4.optking.convcheck:282] 
	                                 ==> Convergence Check <==                                  
    
	Measures of convergence in internal coordinates in au.
    
	Criteria marked as inactive (o), active & met (*), and active & unmet ( ).

	----------------------------------------------------------------------------------------------
	   Step    Total Energy     Delta E     Max Force     RMS Force      Max Disp      RMS Disp   
	----------------------------------------------------------------------------------------------
	  Convergence Criteria     1.00e-06 *    3.00e-04 *             o    1.20e-03 *             o
	----------------------------------------------------------------------------------------------
	     4    -364.24402197   -3.74e-02      1.75e-01      1.75e-01 o    1.88e-01      1.88e-01 o  ~
	----------------------------------------------------------------------------------------------


2025-12-23:11:10:05,384 INFO     [psi4.optking.stepAlgorithms:296] 	Convergence check returned False
2025-12-23:11:10:05,394 INFO     [psi4.driver.task_planner:259] PLANNING Atomic:  keywords={'DAMPING_PERCENTAGE': 1.0, 'GEOM_MAXITER': 500, 'SCF__GUESS': 'READ', 'GUESS': 'SAP', 'MAXITER': 500, 'REFERENCE': 'UKS', 'function_kwargs': {}}
2025-12-23:11:10:05,396 INFO     [psi4.driver.driver:638] Compute gradient(): method=b3lyp, basis=cc-pvdz, molecule=default, nre=36.11638239407533
2025-12-23:11:10:06,46 INFO     [psi4.driver.driver:641] Return gradient(): -364.36971691085273
2025-12-23:11:10:06,46 INFO     [psi4.driver.driver:642] [[ 0.00000000  0.00000000 -0.15089059]
 [ 0.00000000  0.00000000  0.15086556]]
2025-12-23:11:10:06,48 INFO     [psi4.optking.history:269] 	Performing BFGS update.
2025-12-23:11:10:06,48 INFO     [psi4.optking.history:280] 	Using 4 previous steps for update.
2025-12-23:11:10:06,48 WARNING  [psi4.optking.history:301] 	Change in internal coordinate of 5.99e-01 exceeds limit of 5.00e-01.
2025-12-23:11:10:06,48 WARNING  [psi4.optking.history:306] 	Skipping Hessian update for step 2.
2025-12-23:11:10:06,48 WARNING  [psi4.optking.history:301] 	Change in internal coordinate of 8.33e-01 exceeds limit of 5.00e-01.
2025-12-23:11:10:06,48 WARNING  [psi4.optking.history:306] 	Skipping Hessian update for step 1.
2025-12-23:11:10:06,48 INFO     [psi4.optking.history:317] 	Steps to be used in Hessian update:  4 3

2025-12-23:11:10:06,48 INFO     [psi4.optking.history:418] 	Updated Hessian (in au) 
 	   0.352395

2025-12-23:11:10:06,48 INFO     [psi4.optking.molsys:944] Projected (PHP) Hessian matrix
	   0.352395

2025-12-23:11:10:06,48 INFO     [psi4.optking.opt_helper:182] 
	         Geometry (au)                                       Gradient (au)
   0.0000000000   0.0000000000   1.9730547293		   0.0000000000   0.0000000000  -0.1508905909
   0.0000000000   0.0000000000  -1.1280310543		   0.0000000000   0.0000000000   0.1508655633

2025-12-23:11:10:06,49 INFO     [psi4.optking.stepAlgorithms:368] 	Current Step Report 
 
	Current energy:      -364.3697169109
	Energy change for the previous step:
		Actual       :        -0.1256949445
		Projected    :        -0.0164253376

2025-12-23:11:10:06,49 INFO     [psi4.optking.stepAlgorithms:371] 	Energy ratio =    7.65250
2025-12-23:11:10:06,49 INFO     [psi4.optking.stepAlgorithms:929] 	Using RFO solution 1.
2025-12-23:11:10:06,49 INFO     [psi4.optking.displace:100] 	Determining Cartesian step for fragment 1.
2025-12-23:11:10:06,49 INFO     [psi4.optking.displace:415] 	Successfully converged to displaced geometry.
2025-12-23:11:10:06,49 INFO     [psi4.optking.displace:416] 	RMS(dx):  1.282e-16 	Max(dx):  2.220e-16 	RMS(dq):  4.441e-16
2025-12-23:11:10:06,49 INFO     [psi4.optking.displace:172] 

	        --- Internal Coordinate Step in ANG or DEG, aJ/ANG or AJ/DEG ---
	-------------------------------------------------------------------------------
	           Coordinate      Previous         Force          Change          New 
	           ----------      --------        ------          ------        ------
	               R(1,2)       1.64102        1.24304        0.19561       1.83663
	-------------------------------------------------------------------------------

2025-12-23:11:10:06,49 INFO     [psi4.optking.stepAlgorithms:113] 	|target step| :    0.3696478578
2025-12-23:11:10:06,49 INFO     [psi4.optking.stepAlgorithms:114] 	gradient     :   -0.1508780771
2025-12-23:11:10:06,49 INFO     [psi4.optking.stepAlgorithms:115] 	hessian      :    0.3523952959
2025-12-23:11:10:06,49 INFO     [psi4.optking.stepAlgorithms:113] 	|target step| :    0.3696478578
2025-12-23:11:10:06,49 INFO     [psi4.optking.stepAlgorithms:114] 	gradient     :   -0.1508780771
2025-12-23:11:10:06,49 INFO     [psi4.optking.stepAlgorithms:115] 	hessian      :    0.3523952959
2025-12-23:11:10:06,49 INFO     [psi4.optking.stepAlgorithms:206] 	Norm of achieved step-size    0.3696478578
2025-12-23:11:10:06,49 INFO     [psi4.optking.stepAlgorithms:208] 	Norm of achieved step-size (cart):    0.2613805069
2025-12-23:11:10:06,49 INFO     [psi4.optking.opt_helper:164] Molsys:

	                            ===> Fragment 1 <== 

	 Z (Atomic Numbers)          Masses                          Geom                  
	       8.000000            15.994915          0.00000000  0.00000000  2.15787866   
	      14.000000            27.976927          0.00000000  0.00000000 -1.31285498   

	 - Coordinate -           - BOHR/RAD -       - ANG/DEG -
	 R(1,2)           =         3.470734           1.836633

2025-12-23:11:10:06,50 INFO     [psi4.optking.convcheck:76] Performing convergence check.
2025-12-23:11:10:06,50 INFO     [psi4.optking.convcheck:282] 
	                                 ==> Convergence Check <==                                  
    
	Measures of convergence in internal coordinates in au.
    
	Criteria marked as inactive (o), active & met (*), and active & unmet ( ).

	----------------------------------------------------------------------------------------------
	   Step    Total Energy     Delta E     Max Force     RMS Force      Max Disp      RMS Disp   
	----------------------------------------------------------------------------------------------
	  Convergence Criteria     1.00e-06 *    3.00e-04 *             o    1.20e-03 *             o
	----------------------------------------------------------------------------------------------
	     5    -364.36971691   -1.26e-01      1.51e-01      1.51e-01 o    3.70e-01      3.70e-01 o  ~
	----------------------------------------------------------------------------------------------


2025-12-23:11:10:06,50 INFO     [psi4.optking.stepAlgorithms:296] 	Convergence check returned False
2025-12-23:11:10:06,60 INFO     [psi4.driver.task_planner:259] PLANNING Atomic:  keywords={'DAMPING_PERCENTAGE': 1.0, 'GEOM_MAXITER': 500, 'SCF__GUESS': 'READ', 'GUESS': 'SAP', 'MAXITER': 500, 'REFERENCE': 'UKS', 'function_kwargs': {}}
2025-12-23:11:10:06,61 INFO     [psi4.driver.driver:638] Compute gradient(): method=b3lyp, basis=cc-pvdz, molecule=default, nre=32.26983444116399
2025-12-23:11:10:06,669 INFO     [psi4.driver.driver:641] Return gradient(): -364.4093279223354
2025-12-23:11:10:06,669 INFO     [psi4.driver.driver:642] [[-0.00000000  0.00000000 -0.07779591]
 [ 0.00000000 -0.00000000  0.07776175]]
2025-12-23:11:10:06,671 INFO     [psi4.optking.history:269] 	Performing BFGS update.
2025-12-23:11:10:06,671 INFO     [psi4.optking.history:280] 	Using 4 previous steps for update.
2025-12-23:11:10:06,671 WARNING  [psi4.optking.history:301] 	Change in internal coordinate of 5.58e-01 exceeds limit of 5.00e-01.
2025-12-23:11:10:06,671 WARNING  [psi4.optking.history:306] 	Skipping Hessian update for step 4.
2025-12-23:11:10:06,671 WARNING  [psi4.optking.history:301] 	Change in internal coordinate of 7.27e-01 exceeds limit of 5.00e-01.
2025-12-23:11:10:06,671 WARNING  [psi4.optking.history:306] 	Skipping Hessian update for step 3.
2025-12-23:11:10:06,671 WARNING  [psi4.optking.history:301] 	Change in internal coordinate of 9.69e-01 exceeds limit of 5.00e-01.
2025-12-23:11:10:06,671 WARNING  [psi4.optking.history:306] 	Skipping Hessian update for step 2.
2025-12-23:11:10:06,671 WARNING  [psi4.optking.history:301] 	Change in internal coordinate of 1.20e+00 exceeds limit of 5.00e-01.
2025-12-23:11:10:06,671 WARNING  [psi4.optking.history:306] 	Skipping Hessian update for step 1.
2025-12-23:11:10:06,671 INFO     [psi4.optking.history:317] 	Steps to be used in Hessian update:  5

2025-12-23:11:10:06,671 INFO     [psi4.optking.history:418] 	Updated Hessian (in au) 
 	   0.197754

2025-12-23:11:10:06,672 INFO     [psi4.optking.molsys:944] Projected (PHP) Hessian matrix
	   0.197754

2025-12-23:11:10:06,672 INFO     [psi4.optking.opt_helper:182] 
	         Geometry (au)                                       Gradient (au)
   0.0000000000   0.0000000000   2.2082418557		  -0.0000000000   0.0000000000  -0.0777959149
   0.0000000000   0.0000000000  -1.2624917858		   0.0000000000  -0.0000000000   0.0777617531

2025-12-23:11:10:06,672 INFO     [psi4.optking.stepAlgorithms:368] 	Current Step Report 
 
	Current energy:      -364.4093279223
	Energy change for the previous step:
		Actual       :        -0.0396110115
		Projected    :        -0.0278858790

2025-12-23:11:10:06,672 INFO     [psi4.optking.stepAlgorithms:371] 	Energy ratio =    1.42047
2025-12-23:11:10:06,672 INFO     [psi4.optking.stepAlgorithms:929] 	Using RFO solution 1.
2025-12-23:11:10:06,672 INFO     [psi4.optking.displace:100] 	Determining Cartesian step for fragment 1.
2025-12-23:11:10:06,672 INFO     [psi4.optking.displace:415] 	Successfully converged to displaced geometry.
2025-12-23:11:10:06,672 INFO     [psi4.optking.displace:416] 	RMS(dx):  0.000e+00 	Max(dx):  0.000e+00 	RMS(dq):  0.000e+00
2025-12-23:11:10:06,672 INFO     [psi4.optking.displace:172] 

	        --- Internal Coordinate Step in ANG or DEG, aJ/ANG or AJ/DEG ---
	-------------------------------------------------------------------------------
	           Coordinate      Previous         Force          Change          New 
	           ----------      --------        ------          ------        ------
	               R(1,2)       1.83663        0.64080        0.18319       2.01982
	-------------------------------------------------------------------------------

2025-12-23:11:10:06,672 INFO     [psi4.optking.stepAlgorithms:113] 	|target step| :    0.3461775590
2025-12-23:11:10:06,672 INFO     [psi4.optking.stepAlgorithms:114] 	gradient     :   -0.0777788340
2025-12-23:11:10:06,672 INFO     [psi4.optking.stepAlgorithms:115] 	hessian      :    0.1977537311
2025-12-23:11:10:06,672 INFO     [psi4.optking.stepAlgorithms:113] 	|target step| :    0.3461775590
2025-12-23:11:10:06,672 INFO     [psi4.optking.stepAlgorithms:114] 	gradient     :   -0.0777788340
2025-12-23:11:10:06,672 INFO     [psi4.optking.stepAlgorithms:115] 	hessian      :    0.1977537311
2025-12-23:11:10:06,672 INFO     [psi4.optking.stepAlgorithms:206] 	Norm of achieved step-size    0.3461775590
2025-12-23:11:10:06,672 INFO     [psi4.optking.stepAlgorithms:208] 	Norm of achieved step-size (cart):    0.2447844995
2025-12-23:11:10:06,672 INFO     [psi4.optking.opt_helper:164] Molsys:

	                            ===> Fragment 1 <== 

	 Z (Atomic Numbers)          Masses                          Geom                  
	       8.000000            15.994915          0.00000000  0.00000000  2.38133064   
	      14.000000            27.976927          0.00000000  0.00000000 -1.43558057   

	 - Coordinate -           - BOHR/RAD -       - ANG/DEG -
	 R(1,2)           =         3.816911           2.019822

2025-12-23:11:10:06,673 INFO     [psi4.optking.convcheck:76] Performing convergence check.
2025-12-23:11:10:06,673 INFO     [psi4.optking.convcheck:282] 
	                                 ==> Convergence Check <==                                  
    
	Measures of convergence in internal coordinates in au.
    
	Criteria marked as inactive (o), active & met (*), and active & unmet ( ).

	----------------------------------------------------------------------------------------------
	   Step    Total Energy     Delta E     Max Force     RMS Force      Max Disp      RMS Disp   
	----------------------------------------------------------------------------------------------
	  Convergence Criteria     1.00e-06 *    3.00e-04 *             o    1.20e-03 *             o
	----------------------------------------------------------------------------------------------
	     6    -364.40932792   -3.96e-02      7.78e-02      7.78e-02 o    3.46e-01      3.46e-01 o  ~
	----------------------------------------------------------------------------------------------


2025-12-23:11:10:06,673 INFO     [psi4.optking.stepAlgorithms:296] 	Convergence check returned False
2025-12-23:11:10:06,683 INFO     [psi4.driver.task_planner:259] PLANNING Atomic:  keywords={'DAMPING_PERCENTAGE': 1.0, 'GEOM_MAXITER': 500, 'SCF__GUESS': 'READ', 'GUESS': 'SAP', 'MAXITER': 500, 'REFERENCE': 'UKS', 'function_kwargs': {}}
2025-12-23:11:10:06,684 INFO     [psi4.driver.driver:638] Compute gradient(): method=b3lyp, basis=cc-pvdz, molecule=default, nre=29.343098153723027
2025-12-23:11:10:07,274 INFO     [psi4.driver.driver:641] Return gradient(): -364.4318158995437
2025-12-23:11:10:07,274 INFO     [psi4.driver.driver:642] [[ 0.00000000 -0.00000000 -0.05552681]
 [ 0.00000000  0.00000000  0.05548865]]
2025-12-23:11:10:07,276 INFO     [psi4.optking.history:269] 	Performing BFGS update.
2025-12-23:11:10:07,276 INFO     [psi4.optking.history:280] 	Using 4 previous steps for update.
2025-12-23:11:10:07,276 WARNING  [psi4.optking.history:301] 	Change in internal coordinate of 7.16e-01 exceeds limit of 5.00e-01.
2025-12-23:11:10:07,276 WARNING  [psi4.optking.history:306] 	Skipping Hessian update for step 5.
2025-12-23:11:10:07,276 WARNING  [psi4.optking.history:301] 	Change in internal coordinate of 9.04e-01 exceeds limit of 5.00e-01.
2025-12-23:11:10:07,276 WARNING  [psi4.optking.history:306] 	Skipping Hessian update for step 4.
2025-12-23:11:10:07,276 WARNING  [psi4.optking.history:301] 	Change in internal coordinate of 1.07e+00 exceeds limit of 5.00e-01.
2025-12-23:11:10:07,276 WARNING  [psi4.optking.history:306] 	Skipping Hessian update for step 3.
2025-12-23:11:10:07,276 WARNING  [psi4.optking.history:301] 	Change in internal coordinate of 1.32e+00 exceeds limit of 5.00e-01.
2025-12-23:11:10:07,276 WARNING  [psi4.optking.history:306] 	Skipping Hessian update for step 2.
2025-12-23:11:10:07,276 WARNING  [psi4.optking.history:301] 	Change in internal coordinate of 1.55e+00 exceeds limit of 5.00e-01.
2025-12-23:11:10:07,276 WARNING  [psi4.optking.history:306] 	Skipping Hessian update for step 1.
2025-12-23:11:10:07,276 INFO     [psi4.optking.history:317] 	Steps to be used in Hessian update:  6

2025-12-23:11:10:07,276 INFO     [psi4.optking.history:418] 	Updated Hessian (in au) 
 	   0.064334

2025-12-23:11:10:07,276 INFO     [psi4.optking.molsys:944] Projected (PHP) Hessian matrix
	   0.064334

2025-12-23:11:10:07,276 INFO     [psi4.optking.opt_helper:182] 
	         Geometry (au)                                       Gradient (au)
   0.0000000000   0.0000000000   2.4284960885		   0.0000000000  -0.0000000000  -0.0555268147
   0.0000000000   0.0000000000  -1.3884151120		   0.0000000000   0.0000000000   0.0554886527

2025-12-23:11:10:07,276 INFO     [psi4.optking.stepAlgorithms:368] 	Current Step Report 
 
	Current energy:      -364.4318158995
	Energy change for the previous step:
		Actual       :        -0.0224879772
		Projected    :        -0.0134626435

2025-12-23:11:10:07,277 INFO     [psi4.optking.stepAlgorithms:371] 	Energy ratio =    1.67040
2025-12-23:11:10:07,277 INFO     [psi4.optking.stepAlgorithms:929] 	Using RFO solution 1.
2025-12-23:11:10:07,277 INFO     [psi4.optking.displace:100] 	Determining Cartesian step for fragment 1.
2025-12-23:11:10:07,277 INFO     [psi4.optking.displace:415] 	Successfully converged to displaced geometry.
2025-12-23:11:10:07,277 INFO     [psi4.optking.displace:416] 	RMS(dx):  0.000e+00 	Max(dx):  0.000e+00 	RMS(dq):  0.000e+00
2025-12-23:11:10:07,277 INFO     [psi4.optking.displace:172] 

	        --- Internal Coordinate Step in ANG or DEG, aJ/ANG or AJ/DEG ---
	-------------------------------------------------------------------------------
	           Coordinate      Previous         Force          Change          New 
	           ----------      --------        ------          ------        ------
	               R(1,2)       2.01982        0.45731        0.30495       2.32477
	-------------------------------------------------------------------------------

2025-12-23:11:10:07,277 INFO     [psi4.optking.stepAlgorithms:113] 	|target step| :    0.5762730235
2025-12-23:11:10:07,277 INFO     [psi4.optking.stepAlgorithms:114] 	gradient     :   -0.0555077337
2025-12-23:11:10:07,277 INFO     [psi4.optking.stepAlgorithms:115] 	hessian      :    0.0643343272
2025-12-23:11:10:07,277 INFO     [psi4.optking.stepAlgorithms:113] 	|target step| :    0.5762730235
2025-12-23:11:10:07,277 INFO     [psi4.optking.stepAlgorithms:114] 	gradient     :   -0.0555077337
2025-12-23:11:10:07,277 INFO     [psi4.optking.stepAlgorithms:115] 	hessian      :    0.0643343272
2025-12-23:11:10:07,277 INFO     [psi4.optking.stepAlgorithms:206] 	Norm of achieved step-size    0.5762730235
2025-12-23:11:10:07,277 INFO     [psi4.optking.stepAlgorithms:208] 	Norm of achieved step-size (cart):    0.4074865627
2025-12-23:11:10:07,277 INFO     [psi4.optking.opt_helper:164] Molsys:

	                            ===> Fragment 1 <== 

	 Z (Atomic Numbers)          Masses                          Geom                  
	       8.000000            15.994915          0.00000000  0.00000000  2.71663260   
	      14.000000            27.976927          0.00000000  0.00000000 -1.67655162   

	 - Coordinate -           - BOHR/RAD -       - ANG/DEG -
	 R(1,2)           =         4.393184           2.324773

2025-12-23:11:10:07,278 INFO     [psi4.optking.convcheck:76] Performing convergence check.
2025-12-23:11:10:07,278 INFO     [psi4.optking.convcheck:282] 
	                                 ==> Convergence Check <==                                  
    
	Measures of convergence in internal coordinates in au.
    
	Criteria marked as inactive (o), active & met (*), and active & unmet ( ).

	----------------------------------------------------------------------------------------------
	   Step    Total Energy     Delta E     Max Force     RMS Force      Max Disp      RMS Disp   
	----------------------------------------------------------------------------------------------
	  Convergence Criteria     1.00e-06 *    3.00e-04 *             o    1.20e-03 *             o
	----------------------------------------------------------------------------------------------
	     7    -364.43181590   -2.25e-02      5.55e-02      5.55e-02 o    5.76e-01      5.76e-01 o  ~
	----------------------------------------------------------------------------------------------


2025-12-23:11:10:07,278 INFO     [psi4.optking.stepAlgorithms:296] 	Convergence check returned False
2025-12-23:11:10:07,288 INFO     [psi4.driver.task_planner:259] PLANNING Atomic:  keywords={'DAMPING_PERCENTAGE': 1.0, 'GEOM_MAXITER': 500, 'SCF__GUESS': 'READ', 'GUESS': 'SAP', 'MAXITER': 500, 'REFERENCE': 'UKS', 'function_kwargs': {}}
2025-12-23:11:10:07,289 INFO     [psi4.driver.driver:638] Compute gradient(): method=b3lyp, basis=cc-pvdz, molecule=default, nre=25.494036737193426
2025-12-23:11:10:07,885 INFO     [psi4.driver.driver:641] Return gradient(): -364.4577402508155
2025-12-23:11:10:07,885 INFO     [psi4.driver.driver:642] [[ 0.00000000  0.00000000 -0.03530371]
 [-0.00000000 -0.00000000  0.03530147]]
2025-12-23:11:10:07,887 INFO     [psi4.optking.history:269] 	Performing BFGS update.
2025-12-23:11:10:07,887 INFO     [psi4.optking.history:280] 	Using 4 previous steps for update.
2025-12-23:11:10:07,887 WARNING  [psi4.optking.history:301] 	Change in internal coordinate of 5.76e-01 exceeds limit of 5.00e-01.
2025-12-23:11:10:07,887 WARNING  [psi4.optking.history:306] 	Skipping Hessian update for step 7.
2025-12-23:11:10:07,887 WARNING  [psi4.optking.history:301] 	Change in internal coordinate of 9.22e-01 exceeds limit of 5.00e-01.
2025-12-23:11:10:07,887 WARNING  [psi4.optking.history:306] 	Skipping Hessian update for step 6.
2025-12-23:11:10:07,887 WARNING  [psi4.optking.history:301] 	Change in internal coordinate of 1.29e+00 exceeds limit of 5.00e-01.
2025-12-23:11:10:07,887 WARNING  [psi4.optking.history:306] 	Skipping Hessian update for step 5.
2025-12-23:11:10:07,887 WARNING  [psi4.optking.history:301] 	Change in internal coordinate of 1.48e+00 exceeds limit of 5.00e-01.
2025-12-23:11:10:07,887 WARNING  [psi4.optking.history:306] 	Skipping Hessian update for step 4.
2025-12-23:11:10:07,887 WARNING  [psi4.optking.history:301] 	Change in internal coordinate of 1.65e+00 exceeds limit of 5.00e-01.
2025-12-23:11:10:07,887 WARNING  [psi4.optking.history:306] 	Skipping Hessian update for step 3.
2025-12-23:11:10:07,887 WARNING  [psi4.optking.history:301] 	Change in internal coordinate of 1.89e+00 exceeds limit of 5.00e-01.
2025-12-23:11:10:07,887 WARNING  [psi4.optking.history:306] 	Skipping Hessian update for step 2.
2025-12-23:11:10:07,887 INFO     [psi4.optking.history:317] 	Steps to be used in Hessian update:  1

2025-12-23:11:10:07,887 INFO     [psi4.optking.history:418] 	Updated Hessian (in au) 
 	   0.470501

2025-12-23:11:10:07,887 INFO     [psi4.optking.molsys:944] Projected (PHP) Hessian matrix
	   0.470501

2025-12-23:11:10:07,887 INFO     [psi4.optking.opt_helper:182] 
	         Geometry (au)                                       Gradient (au)
   0.0000000000   0.0000000000   2.7951477369		   0.0000000000   0.0000000000  -0.0353037086
   0.0000000000   0.0000000000  -1.5980364871		  -0.0000000000  -0.0000000000   0.0353014663

2025-12-23:11:10:07,887 INFO     [psi4.optking.stepAlgorithms:368] 	Current Step Report 
 
	Current energy:      -364.4577402508
	Energy change for the previous step:
		Actual       :        -0.0259243513
		Projected    :        -0.0159938048

2025-12-23:11:10:07,887 INFO     [psi4.optking.stepAlgorithms:371] 	Energy ratio =    1.62090
2025-12-23:11:10:07,888 INFO     [psi4.optking.stepAlgorithms:929] 	Using RFO solution 1.
2025-12-23:11:10:07,888 INFO     [psi4.optking.displace:100] 	Determining Cartesian step for fragment 1.
2025-12-23:11:10:07,888 INFO     [psi4.optking.displace:415] 	Successfully converged to displaced geometry.
2025-12-23:11:10:07,888 INFO     [psi4.optking.displace:416] 	RMS(dx):  0.000e+00 	Max(dx):  0.000e+00 	RMS(dq):  0.000e+00
2025-12-23:11:10:07,888 INFO     [psi4.optking.displace:172] 

	        --- Internal Coordinate Step in ANG or DEG, aJ/ANG or AJ/DEG ---
	-------------------------------------------------------------------------------
	           Coordinate      Previous         Force          Change          New 
	           ----------      --------        ------          ------        ------
	               R(1,2)       2.32477        0.29085        0.03948       2.36426
	-------------------------------------------------------------------------------

2025-12-23:11:10:07,888 INFO     [psi4.optking.stepAlgorithms:113] 	|target step| :    0.0746142604
2025-12-23:11:10:07,888 INFO     [psi4.optking.stepAlgorithms:114] 	gradient     :   -0.0353025874
2025-12-23:11:10:07,888 INFO     [psi4.optking.stepAlgorithms:115] 	hessian      :    0.4705005128
2025-12-23:11:10:07,888 INFO     [psi4.optking.stepAlgorithms:113] 	|target step| :    0.0746142604
2025-12-23:11:10:07,888 INFO     [psi4.optking.stepAlgorithms:114] 	gradient     :   -0.0353025874
2025-12-23:11:10:07,888 INFO     [psi4.optking.stepAlgorithms:115] 	hessian      :    0.4705005128
2025-12-23:11:10:07,888 INFO     [psi4.optking.stepAlgorithms:206] 	Norm of achieved step-size    0.0746142604
2025-12-23:11:10:07,888 INFO     [psi4.optking.stepAlgorithms:208] 	Norm of achieved step-size (cart):    0.0527602495
2025-12-23:11:10:07,888 INFO     [psi4.optking.opt_helper:164] Molsys:

	                            ===> Fragment 1 <== 

	 Z (Atomic Numbers)          Masses                          Geom                  
	       8.000000            15.994915          0.00000000  0.00000000  2.83245487   
	      14.000000            27.976927          0.00000000  0.00000000 -1.63534362   

	 - Coordinate -           - BOHR/RAD -       - ANG/DEG -
	 R(1,2)           =         4.467798           2.364257

2025-12-23:11:10:07,888 INFO     [psi4.optking.convcheck:76] Performing convergence check.
2025-12-23:11:10:07,888 INFO     [psi4.optking.convcheck:282] 
	                                 ==> Convergence Check <==                                  
    
	Measures of convergence in internal coordinates in au.
    
	Criteria marked as inactive (o), active & met (*), and active & unmet ( ).

	----------------------------------------------------------------------------------------------
	   Step    Total Energy     Delta E     Max Force     RMS Force      Max Disp      RMS Disp   
	----------------------------------------------------------------------------------------------
	  Convergence Criteria     1.00e-06 *    3.00e-04 *             o    1.20e-03 *             o
	----------------------------------------------------------------------------------------------
	     8    -364.45774025   -2.59e-02      3.53e-02      3.53e-02 o    7.46e-02      7.46e-02 o  ~
	----------------------------------------------------------------------------------------------


2025-12-23:11:10:07,889 INFO     [psi4.optking.stepAlgorithms:296] 	Convergence check returned False
2025-12-23:11:10:07,899 INFO     [psi4.driver.task_planner:259] PLANNING Atomic:  keywords={'DAMPING_PERCENTAGE': 1.0, 'GEOM_MAXITER': 500, 'SCF__GUESS': 'READ', 'GUESS': 'SAP', 'MAXITER': 500, 'REFERENCE': 'UKS', 'function_kwargs': {}}
2025-12-23:11:10:07,901 INFO     [psi4.driver.driver:638] Compute gradient(): method=b3lyp, basis=cc-pvdz, molecule=default, nre=25.068274764678392
2025-12-23:11:10:08,431 INFO     [psi4.driver.driver:641] Return gradient(): -364.46028857144785
2025-12-23:11:10:08,431 INFO     [psi4.driver.driver:642] [[ 0.00000000  0.00000000 -0.03297067]
 [-0.00000000 -0.00000000  0.03297716]]
2025-12-23:11:10:08,433 INFO     [psi4.optking.history:269] 	Performing BFGS update.
2025-12-23:11:10:08,433 INFO     [psi4.optking.history:280] 	Using 4 previous steps for update.
2025-12-23:11:10:08,433 WARNING  [psi4.optking.history:301] 	Change in internal coordinate of 6.51e-01 exceeds limit of 5.00e-01.
2025-12-23:11:10:08,433 WARNING  [psi4.optking.history:306] 	Skipping Hessian update for step 7.
2025-12-23:11:10:08,433 WARNING  [psi4.optking.history:301] 	Change in internal coordinate of 9.97e-01 exceeds limit of 5.00e-01.
2025-12-23:11:10:08,433 WARNING  [psi4.optking.history:306] 	Skipping Hessian update for step 6.
2025-12-23:11:10:08,433 WARNING  [psi4.optking.history:301] 	Change in internal coordinate of 1.37e+00 exceeds limit of 5.00e-01.
2025-12-23:11:10:08,433 WARNING  [psi4.optking.history:306] 	Skipping Hessian update for step 5.
2025-12-23:11:10:08,433 WARNING  [psi4.optking.history:301] 	Change in internal coordinate of 1.55e+00 exceeds limit of 5.00e-01.
2025-12-23:11:10:08,433 WARNING  [psi4.optking.history:306] 	Skipping Hessian update for step 4.
2025-12-23:11:10:08,433 WARNING  [psi4.optking.history:301] 	Change in internal coordinate of 1.72e+00 exceeds limit of 5.00e-01.
2025-12-23:11:10:08,433 WARNING  [psi4.optking.history:306] 	Skipping Hessian update for step 3.
2025-12-23:11:10:08,434 WARNING  [psi4.optking.history:301] 	Change in internal coordinate of 1.97e+00 exceeds limit of 5.00e-01.
2025-12-23:11:10:08,434 WARNING  [psi4.optking.history:306] 	Skipping Hessian update for step 2.
2025-12-23:11:10:08,434 WARNING  [psi4.optking.history:301] 	Change in internal coordinate of 2.20e+00 exceeds limit of 5.00e-01.
2025-12-23:11:10:08,434 WARNING  [psi4.optking.history:306] 	Skipping Hessian update for step 1.
2025-12-23:11:10:08,434 INFO     [psi4.optking.history:317] 	Steps to be used in Hessian update:  8

2025-12-23:11:10:08,434 INFO     [psi4.optking.history:418] 	Updated Hessian (in au) 
 	   0.031209

2025-12-23:11:10:08,434 INFO     [psi4.optking.molsys:944] Projected (PHP) Hessian matrix
	   0.031209

2025-12-23:11:10:08,434 INFO     [psi4.optking.opt_helper:182] 
	         Geometry (au)                                       Gradient (au)
   0.0000000000   0.0000000000   2.8426207930		   0.0000000000   0.0000000000  -0.0329706745
   0.0000000000   0.0000000000  -1.6251776914		  -0.0000000000  -0.0000000000   0.0329771647

2025-12-23:11:10:08,434 INFO     [psi4.optking.stepAlgorithms:368] 	Current Step Report 
 
	Current energy:      -364.4602885714
	Energy change for the previous step:
		Actual       :        -0.0025483206
		Projected    :        -0.0013170382

2025-12-23:11:10:08,434 INFO     [psi4.optking.stepAlgorithms:371] 	Energy ratio =    1.93489
2025-12-23:11:10:08,434 INFO     [psi4.optking.stepAlgorithms:929] 	Using RFO solution 1.
2025-12-23:11:10:08,434 INFO     [psi4.optking.displace:100] 	Determining Cartesian step for fragment 1.
2025-12-23:11:10:08,434 INFO     [psi4.optking.displace:415] 	Successfully converged to displaced geometry.
2025-12-23:11:10:08,434 INFO     [psi4.optking.displace:416] 	RMS(dx):  0.000e+00 	Max(dx):  0.000e+00 	RMS(dq):  0.000e+00
2025-12-23:11:10:08,434 INFO     [psi4.optking.displace:172] 

	        --- Internal Coordinate Step in ANG or DEG, aJ/ANG or AJ/DEG ---
	-------------------------------------------------------------------------------
	           Coordinate      Previous         Force          Change          New 
	           ----------      --------        ------          ------        ------
	               R(1,2)       2.36426        0.27166        0.33501       2.69927
	-------------------------------------------------------------------------------

2025-12-23:11:10:08,434 INFO     [psi4.optking.stepAlgorithms:113] 	|target step| :    0.6330831946
2025-12-23:11:10:08,435 INFO     [psi4.optking.stepAlgorithms:114] 	gradient     :   -0.0329739196
2025-12-23:11:10:08,435 INFO     [psi4.optking.stepAlgorithms:115] 	hessian      :    0.0312094204
2025-12-23:11:10:08,435 INFO     [psi4.optking.stepAlgorithms:113] 	|target step| :    0.6330831946
2025-12-23:11:10:08,435 INFO     [psi4.optking.stepAlgorithms:114] 	gradient     :   -0.0329739196
2025-12-23:11:10:08,435 INFO     [psi4.optking.stepAlgorithms:115] 	hessian      :    0.0312094204
2025-12-23:11:10:08,435 INFO     [psi4.optking.stepAlgorithms:206] 	Norm of achieved step-size    0.6330831946
2025-12-23:11:10:08,435 INFO     [psi4.optking.stepAlgorithms:208] 	Norm of achieved step-size (cart):    0.4476574200
2025-12-23:11:10:08,435 INFO     [psi4.optking.opt_helper:164] Molsys:

	                            ===> Fragment 1 <== 

	 Z (Atomic Numbers)          Masses                          Geom                  
	       8.000000            15.994915          0.00000000  0.00000000  3.15916239   
	      14.000000            27.976927          0.00000000  0.00000000 -1.94171929   

	 - Coordinate -           - BOHR/RAD -       - ANG/DEG -
	 R(1,2)           =         5.100882           2.699270

2025-12-23:11:10:08,435 INFO     [psi4.optking.convcheck:76] Performing convergence check.
2025-12-23:11:10:08,435 INFO     [psi4.optking.convcheck:282] 
	                                 ==> Convergence Check <==                                  
    
	Measures of convergence in internal coordinates in au.
    
	Criteria marked as inactive (o), active & met (*), and active & unmet ( ).

	----------------------------------------------------------------------------------------------
	   Step    Total Energy     Delta E     Max Force     RMS Force      Max Disp      RMS Disp   
	----------------------------------------------------------------------------------------------
	  Convergence Criteria     1.00e-06 *    3.00e-04 *             o    1.20e-03 *             o
	----------------------------------------------------------------------------------------------
	     9    -364.46028857   -2.55e-03      3.30e-02      3.30e-02 o    6.33e-01      6.33e-01 o  ~
	----------------------------------------------------------------------------------------------


2025-12-23:11:10:08,435 INFO     [psi4.optking.stepAlgorithms:296] 	Convergence check returned False
2025-12-23:11:10:08,446 INFO     [psi4.driver.task_planner:259] PLANNING Atomic:  keywords={'DAMPING_PERCENTAGE': 1.0, 'GEOM_MAXITER': 500, 'SCF__GUESS': 'READ', 'GUESS': 'SAP', 'MAXITER': 500, 'REFERENCE': 'UKS', 'function_kwargs': {}}
2025-12-23:11:10:08,447 INFO     [psi4.driver.driver:638] Compute gradient(): method=b3lyp, basis=cc-pvdz, molecule=default, nre=21.95698842816807
2025-12-23:11:10:09,14 INFO     [psi4.driver.driver:641] Return gradient(): -364.4756944090461
2025-12-23:11:10:09,14 INFO     [psi4.driver.driver:642] [[ 0.00000000  0.00000000 -0.01685357]
 [ 0.00000000  0.00000000  0.01688176]]
2025-12-23:11:10:09,16 INFO     [psi4.optking.history:269] 	Performing BFGS update.
2025-12-23:11:10:09,16 INFO     [psi4.optking.history:280] 	Using 4 previous steps for update.
2025-12-23:11:10:09,16 WARNING  [psi4.optking.history:301] 	Change in internal coordinate of 6.33e-01 exceeds limit of 5.00e-01.
2025-12-23:11:10:09,16 WARNING  [psi4.optking.history:306] 	Skipping Hessian update for step 9.
2025-12-23:11:10:09,16 WARNING  [psi4.optking.history:301] 	Change in internal coordinate of 7.08e-01 exceeds limit of 5.00e-01.
2025-12-23:11:10:09,16 WARNING  [psi4.optking.history:306] 	Skipping Hessian update for step 8.
2025-12-23:11:10:09,16 WARNING  [psi4.optking.history:301] 	Change in internal coordinate of 1.28e+00 exceeds limit of 5.00e-01.
2025-12-23:11:10:09,16 WARNING  [psi4.optking.history:306] 	Skipping Hessian update for step 7.
2025-12-23:11:10:09,16 WARNING  [psi4.optking.history:301] 	Change in internal coordinate of 1.63e+00 exceeds limit of 5.00e-01.
2025-12-23:11:10:09,16 WARNING  [psi4.optking.history:306] 	Skipping Hessian update for step 6.
2025-12-23:11:10:09,16 WARNING  [psi4.optking.history:301] 	Change in internal coordinate of 2.00e+00 exceeds limit of 5.00e-01.
2025-12-23:11:10:09,16 WARNING  [psi4.optking.history:306] 	Skipping Hessian update for step 5.
2025-12-23:11:10:09,16 WARNING  [psi4.optking.history:301] 	Change in internal coordinate of 2.19e+00 exceeds limit of 5.00e-01.
2025-12-23:11:10:09,16 WARNING  [psi4.optking.history:306] 	Skipping Hessian update for step 4.
2025-12-23:11:10:09,16 WARNING  [psi4.optking.history:301] 	Change in internal coordinate of 2.36e+00 exceeds limit of 5.00e-01.
2025-12-23:11:10:09,16 WARNING  [psi4.optking.history:306] 	Skipping Hessian update for step 3.
2025-12-23:11:10:09,16 WARNING  [psi4.optking.history:301] 	Change in internal coordinate of 2.60e+00 exceeds limit of 5.00e-01.
2025-12-23:11:10:09,17 WARNING  [psi4.optking.history:306] 	Skipping Hessian update for step 2.
2025-12-23:11:10:09,17 INFO     [psi4.optking.history:317] 	Steps to be used in Hessian update:  1

2025-12-23:11:10:09,17 INFO     [psi4.optking.history:418] 	Updated Hessian (in au) 
 	   0.359483

2025-12-23:11:10:09,17 INFO     [psi4.optking.molsys:944] Projected (PHP) Hessian matrix
	   0.359483

2025-12-23:11:10:09,17 INFO     [psi4.optking.opt_helper:182] 
	         Geometry (au)                                       Gradient (au)
   0.0000000000   0.0000000000   3.2454177094		   0.0000000000   0.0000000000  -0.0168535654
   0.0000000000   0.0000000000  -1.8554639696		   0.0000000000   0.0000000000   0.0168817646

2025-12-23:11:10:09,17 INFO     [psi4.optking.stepAlgorithms:368] 	Current Step Report 
 
	Current energy:      -364.4756944090
	Energy change for the previous step:
		Actual       :        -0.0154058376
		Projected    :        -0.0104376172

2025-12-23:11:10:09,17 INFO     [psi4.optking.stepAlgorithms:371] 	Energy ratio =    1.47599
2025-12-23:11:10:09,17 INFO     [psi4.optking.stepAlgorithms:929] 	Using RFO solution 1.
2025-12-23:11:10:09,17 INFO     [psi4.optking.displace:100] 	Determining Cartesian step for fragment 1.
2025-12-23:11:10:09,17 INFO     [psi4.optking.displace:415] 	Successfully converged to displaced geometry.
2025-12-23:11:10:09,17 INFO     [psi4.optking.displace:416] 	RMS(dx):  0.000e+00 	Max(dx):  0.000e+00 	RMS(dq):  0.000e+00
2025-12-23:11:10:09,17 INFO     [psi4.optking.displace:172] 

	        --- Internal Coordinate Step in ANG or DEG, aJ/ANG or AJ/DEG ---
	-------------------------------------------------------------------------------
	           Coordinate      Previous         Force          Change          New 
	           ----------      --------        ------          ------        ------
	               R(1,2)       2.69927        0.13897        0.02478       2.72405
	-------------------------------------------------------------------------------

2025-12-23:11:10:09,17 INFO     [psi4.optking.stepAlgorithms:113] 	|target step| :    0.0468192073
2025-12-23:11:10:09,17 INFO     [psi4.optking.stepAlgorithms:114] 	gradient     :   -0.0168676650
2025-12-23:11:10:09,17 INFO     [psi4.optking.stepAlgorithms:115] 	hessian      :    0.3594826015
2025-12-23:11:10:09,17 INFO     [psi4.optking.stepAlgorithms:113] 	|target step| :    0.0468192073
2025-12-23:11:10:09,17 INFO     [psi4.optking.stepAlgorithms:114] 	gradient     :   -0.0168676650
2025-12-23:11:10:09,17 INFO     [psi4.optking.stepAlgorithms:115] 	hessian      :    0.3594826015
2025-12-23:11:10:09,17 INFO     [psi4.optking.stepAlgorithms:206] 	Norm of achieved step-size    0.0468192073
2025-12-23:11:10:09,17 INFO     [psi4.optking.stepAlgorithms:208] 	Norm of achieved step-size (cart):    0.0331061790
2025-12-23:11:10:09,18 INFO     [psi4.optking.opt_helper:164] Molsys:

	                            ===> Fragment 1 <== 

	 Z (Atomic Numbers)          Masses                          Geom                  
	       8.000000            15.994915          0.00000000  0.00000000  3.26882731   
	      14.000000            27.976927          0.00000000  0.00000000 -1.87887357   

	 - Coordinate -           - BOHR/RAD -       - ANG/DEG -
	 R(1,2)           =         5.147701           2.724046

2025-12-23:11:10:09,18 INFO     [psi4.optking.convcheck:76] Performing convergence check.
2025-12-23:11:10:09,18 INFO     [psi4.optking.convcheck:282] 
	                                 ==> Convergence Check <==                                  
    
	Measures of convergence in internal coordinates in au.
    
	Criteria marked as inactive (o), active & met (*), and active & unmet ( ).

	----------------------------------------------------------------------------------------------
	   Step    Total Energy     Delta E     Max Force     RMS Force      Max Disp      RMS Disp   
	----------------------------------------------------------------------------------------------
	  Convergence Criteria     1.00e-06 *    3.00e-04 *             o    1.20e-03 *             o
	----------------------------------------------------------------------------------------------
	    10    -364.47569441   -1.54e-02      1.69e-02      1.69e-02 o    4.68e-02      4.68e-02 o  ~
	----------------------------------------------------------------------------------------------


2025-12-23:11:10:09,18 INFO     [psi4.optking.stepAlgorithms:296] 	Convergence check returned False
2025-12-23:11:10:09,28 INFO     [psi4.driver.task_planner:259] PLANNING Atomic:  keywords={'DAMPING_PERCENTAGE': 1.0, 'GEOM_MAXITER': 500, 'SCF__GUESS': 'READ', 'GUESS': 'SAP', 'MAXITER': 500, 'REFERENCE': 'UKS', 'function_kwargs': {}}
2025-12-23:11:10:09,30 INFO     [psi4.driver.driver:638] Compute gradient(): method=b3lyp, basis=cc-pvdz, molecule=default, nre=21.75728591705527
2025-12-23:11:10:09,562 INFO     [psi4.driver.driver:641] Return gradient(): -364.4764633275536
2025-12-23:11:10:09,562 INFO     [psi4.driver.driver:642] [[-0.00000000  0.00000000 -0.01595819]
 [ 0.00000000  0.00000000  0.01598454]]
2025-12-23:11:10:09,563 INFO     [psi4.optking.history:269] 	Performing BFGS update.
2025-12-23:11:10:09,563 INFO     [psi4.optking.history:280] 	Using 4 previous steps for update.
2025-12-23:11:10:09,564 WARNING  [psi4.optking.history:301] 	Change in internal coordinate of 6.80e-01 exceeds limit of 5.00e-01.
2025-12-23:11:10:09,564 WARNING  [psi4.optking.history:306] 	Skipping Hessian update for step 9.
2025-12-23:11:10:09,564 WARNING  [psi4.optking.history:301] 	Change in internal coordinate of 7.55e-01 exceeds limit of 5.00e-01.
2025-12-23:11:10:09,564 WARNING  [psi4.optking.history:306] 	Skipping Hessian update for step 8.
2025-12-23:11:10:09,564 WARNING  [psi4.optking.history:301] 	Change in internal coordinate of 1.33e+00 exceeds limit of 5.00e-01.
2025-12-23:11:10:09,564 WARNING  [psi4.optking.history:306] 	Skipping Hessian update for step 7.
2025-12-23:11:10:09,564 WARNING  [psi4.optking.history:301] 	Change in internal coordinate of 1.68e+00 exceeds limit of 5.00e-01.
2025-12-23:11:10:09,564 WARNING  [psi4.optking.history:306] 	Skipping Hessian update for step 6.
2025-12-23:11:10:09,564 WARNING  [psi4.optking.history:301] 	Change in internal coordinate of 2.05e+00 exceeds limit of 5.00e-01.
2025-12-23:11:10:09,564 WARNING  [psi4.optking.history:306] 	Skipping Hessian update for step 5.
2025-12-23:11:10:09,564 WARNING  [psi4.optking.history:301] 	Change in internal coordinate of 2.23e+00 exceeds limit of 5.00e-01.
2025-12-23:11:10:09,564 WARNING  [psi4.optking.history:306] 	Skipping Hessian update for step 4.
2025-12-23:11:10:09,564 WARNING  [psi4.optking.history:301] 	Change in internal coordinate of 2.40e+00 exceeds limit of 5.00e-01.
2025-12-23:11:10:09,564 WARNING  [psi4.optking.history:306] 	Skipping Hessian update for step 3.
2025-12-23:11:10:09,564 WARNING  [psi4.optking.history:301] 	Change in internal coordinate of 2.65e+00 exceeds limit of 5.00e-01.
2025-12-23:11:10:09,564 WARNING  [psi4.optking.history:306] 	Skipping Hessian update for step 2.
2025-12-23:11:10:09,564 WARNING  [psi4.optking.history:301] 	Change in internal coordinate of 2.88e+00 exceeds limit of 5.00e-01.
2025-12-23:11:10:09,564 WARNING  [psi4.optking.history:306] 	Skipping Hessian update for step 1.
2025-12-23:11:10:09,564 INFO     [psi4.optking.history:317] 	Steps to be used in Hessian update:  10

2025-12-23:11:10:09,564 INFO     [psi4.optking.history:418] 	Updated Hessian (in au) 
 	   0.019144

2025-12-23:11:10:09,564 INFO     [psi4.optking.molsys:944] Projected (PHP) Hessian matrix
	   0.019144

2025-12-23:11:10:09,564 INFO     [psi4.optking.opt_helper:182] 
	         Geometry (au)                                       Gradient (au)
   0.0000000000   0.0000000000   3.2752062625		  -0.0000000000   0.0000000000  -0.0159581858
   0.0000000000   0.0000000000  -1.8724946239		   0.0000000000   0.0000000000   0.0159845420

2025-12-23:11:10:09,564 INFO     [psi4.optking.stepAlgorithms:368] 	Current Step Report 
 
	Current energy:      -364.4764633276
	Energy change for the previous step:
		Actual       :        -0.0007689185
		Projected    :        -0.0003948654

2025-12-23:11:10:09,564 INFO     [psi4.optking.stepAlgorithms:371] 	Energy ratio =    1.94729
2025-12-23:11:10:09,564 INFO     [psi4.optking.stepAlgorithms:929] 	Using RFO solution 1.
2025-12-23:11:10:09,565 INFO     [psi4.optking.displace:100] 	Determining Cartesian step for fragment 1.
2025-12-23:11:10:09,565 INFO     [psi4.optking.displace:415] 	Successfully converged to displaced geometry.
2025-12-23:11:10:09,565 INFO     [psi4.optking.displace:416] 	RMS(dx):  0.000e+00 	Max(dx):  0.000e+00 	RMS(dq):  0.000e+00
2025-12-23:11:10:09,565 INFO     [psi4.optking.displace:172] 

	        --- Internal Coordinate Step in ANG or DEG, aJ/ANG or AJ/DEG ---
	-------------------------------------------------------------------------------
	           Coordinate      Previous         Force          Change          New 
	           ----------      --------        ------          ------        ------
	               R(1,2)       2.72405        0.13158        0.29979       3.02384
	-------------------------------------------------------------------------------

2025-12-23:11:10:09,565 INFO     [psi4.optking.stepAlgorithms:113] 	|target step| :    0.5665212620
2025-12-23:11:10:09,565 INFO     [psi4.optking.stepAlgorithms:114] 	gradient     :   -0.0159713639
2025-12-23:11:10:09,565 INFO     [psi4.optking.stepAlgorithms:115] 	hessian      :    0.0191438765
2025-12-23:11:10:09,565 INFO     [psi4.optking.stepAlgorithms:113] 	|target step| :    0.5665212620
2025-12-23:11:10:09,565 INFO     [psi4.optking.stepAlgorithms:114] 	gradient     :   -0.0159713639
2025-12-23:11:10:09,565 INFO     [psi4.optking.stepAlgorithms:115] 	hessian      :    0.0191438765
2025-12-23:11:10:09,565 INFO     [psi4.optking.stepAlgorithms:206] 	Norm of achieved step-size    0.5665212620
2025-12-23:11:10:09,565 INFO     [psi4.optking.stepAlgorithms:208] 	Norm of achieved step-size (cart):    0.4005910260
2025-12-23:11:10:09,565 INFO     [psi4.optking.opt_helper:164] Molsys:

	                            ===> Fragment 1 <== 

	 Z (Atomic Numbers)          Masses                          Geom                  
	       8.000000            15.994915          0.00000000  0.00000000  3.55846689   
	      14.000000            27.976927          0.00000000  0.00000000 -2.15575525   

	 - Coordinate -           - BOHR/RAD -       - ANG/DEG -
	 R(1,2)           =         5.714222           3.023836

2025-12-23:11:10:09,565 INFO     [psi4.optking.convcheck:76] Performing convergence check.
2025-12-23:11:10:09,565 INFO     [psi4.optking.convcheck:282] 
	                                 ==> Convergence Check <==                                  
    
	Measures of convergence in internal coordinates in au.
    
	Criteria marked as inactive (o), active & met (*), and active & unmet ( ).

	----------------------------------------------------------------------------------------------
	   Step    Total Energy     Delta E     Max Force     RMS Force      Max Disp      RMS Disp   
	----------------------------------------------------------------------------------------------
	  Convergence Criteria     1.00e-06 *    3.00e-04 *             o    1.20e-03 *             o
	----------------------------------------------------------------------------------------------
	    11    -364.47646333   -7.69e-04      1.60e-02      1.60e-02 o    5.67e-01      5.67e-01 o  ~
	----------------------------------------------------------------------------------------------


2025-12-23:11:10:09,565 INFO     [psi4.optking.stepAlgorithms:296] 	Convergence check returned False
2025-12-23:11:10:09,575 INFO     [psi4.driver.task_planner:259] PLANNING Atomic:  keywords={'DAMPING_PERCENTAGE': 1.0, 'GEOM_MAXITER': 500, 'SCF__GUESS': 'READ', 'GUESS': 'SAP', 'MAXITER': 500, 'REFERENCE': 'UKS', 'function_kwargs': {}}
2025-12-23:11:10:09,576 INFO     [psi4.driver.driver:638] Compute gradient(): method=b3lyp, basis=cc-pvdz, molecule=default, nre=19.60021803361299
2025-12-23:11:10:10,146 INFO     [psi4.driver.driver:641] Return gradient(): -364.4830123474149
2025-12-23:11:10:10,146 INFO     [psi4.driver.driver:642] [[ 0.00000000 -0.00000000 -0.00795096]
 [ 0.00000000 -0.00000000  0.00796147]]
2025-12-23:11:10:10,147 INFO     [psi4.optking.history:269] 	Performing BFGS update.
2025-12-23:11:10:10,148 INFO     [psi4.optking.history:280] 	Using 4 previous steps for update.
2025-12-23:11:10:10,148 WARNING  [psi4.optking.history:301] 	Change in internal coordinate of 5.67e-01 exceeds limit of 5.00e-01.
2025-12-23:11:10:10,148 WARNING  [psi4.optking.history:306] 	Skipping Hessian update for step 11.
2025-12-23:11:10:10,148 WARNING  [psi4.optking.history:301] 	Change in internal coordinate of 6.13e-01 exceeds limit of 5.00e-01.
2025-12-23:11:10:10,148 WARNING  [psi4.optking.history:306] 	Skipping Hessian update for step 10.
2025-12-23:11:10:10,148 WARNING  [psi4.optking.history:301] 	Change in internal coordinate of 1.25e+00 exceeds limit of 5.00e-01.
2025-12-23:11:10:10,148 WARNING  [psi4.optking.history:306] 	Skipping Hessian update for step 9.
2025-12-23:11:10:10,148 WARNING  [psi4.optking.history:301] 	Change in internal coordinate of 1.32e+00 exceeds limit of 5.00e-01.
2025-12-23:11:10:10,148 WARNING  [psi4.optking.history:306] 	Skipping Hessian update for step 8.
2025-12-23:11:10:10,148 WARNING  [psi4.optking.history:301] 	Change in internal coordinate of 1.90e+00 exceeds limit of 5.00e-01.
2025-12-23:11:10:10,148 WARNING  [psi4.optking.history:306] 	Skipping Hessian update for step 7.
2025-12-23:11:10:10,148 WARNING  [psi4.optking.history:301] 	Change in internal coordinate of 2.24e+00 exceeds limit of 5.00e-01.
2025-12-23:11:10:10,148 WARNING  [psi4.optking.history:306] 	Skipping Hessian update for step 6.
2025-12-23:11:10:10,148 WARNING  [psi4.optking.history:301] 	Change in internal coordinate of 2.61e+00 exceeds limit of 5.00e-01.
2025-12-23:11:10:10,148 WARNING  [psi4.optking.history:306] 	Skipping Hessian update for step 5.
2025-12-23:11:10:10,148 WARNING  [psi4.optking.history:301] 	Change in internal coordinate of 2.80e+00 exceeds limit of 5.00e-01.
2025-12-23:11:10:10,148 WARNING  [psi4.optking.history:306] 	Skipping Hessian update for step 4.
2025-12-23:11:10:10,148 WARNING  [psi4.optking.history:301] 	Change in internal coordinate of 2.97e+00 exceeds limit of 5.00e-01.
2025-12-23:11:10:10,148 WARNING  [psi4.optking.history:306] 	Skipping Hessian update for step 3.
2025-12-23:11:10:10,148 WARNING  [psi4.optking.history:301] 	Change in internal coordinate of 3.21e+00 exceeds limit of 5.00e-01.
2025-12-23:11:10:10,148 WARNING  [psi4.optking.history:306] 	Skipping Hessian update for step 2.
2025-12-23:11:10:10,148 INFO     [psi4.optking.history:317] 	Steps to be used in Hessian update:  1

2025-12-23:11:10:10,148 INFO     [psi4.optking.history:418] 	Updated Hessian (in au) 
 	   0.298095

2025-12-23:11:10:10,148 INFO     [psi4.optking.molsys:944] Projected (PHP) Hessian matrix
	   0.298095

2025-12-23:11:10:10,148 INFO     [psi4.optking.opt_helper:182] 
	         Geometry (au)                                       Gradient (au)
   0.0000000000   0.0000000000   3.6356533875		   0.0000000000  -0.0000000000  -0.0079509611
   0.0000000000   0.0000000000  -2.0785687608		   0.0000000000  -0.0000000000   0.0079614705

2025-12-23:11:10:10,148 INFO     [psi4.optking.stepAlgorithms:368] 	Current Step Report 
 
	Current energy:      -364.4830123474
	Energy change for the previous step:
		Actual       :        -0.0065490199
		Projected    :        -0.0045240586

2025-12-23:11:10:10,148 INFO     [psi4.optking.stepAlgorithms:371] 	Energy ratio =    1.44760
2025-12-23:11:10:10,149 INFO     [psi4.optking.stepAlgorithms:929] 	Using RFO solution 1.
2025-12-23:11:10:10,149 INFO     [psi4.optking.displace:100] 	Determining Cartesian step for fragment 1.
2025-12-23:11:10:10,149 INFO     [psi4.optking.displace:415] 	Successfully converged to displaced geometry.
2025-12-23:11:10:10,149 INFO     [psi4.optking.displace:416] 	RMS(dx):  0.000e+00 	Max(dx):  0.000e+00 	RMS(dq):  0.000e+00
2025-12-23:11:10:10,149 INFO     [psi4.optking.displace:172] 

	        --- Internal Coordinate Step in ANG or DEG, aJ/ANG or AJ/DEG ---
	-------------------------------------------------------------------------------
	           Coordinate      Previous         Force          Change          New 
	           ----------      --------        ------          ------        ------
	               R(1,2)       3.02384        0.06555        0.01411       3.03795
	-------------------------------------------------------------------------------

2025-12-23:11:10:10,149 INFO     [psi4.optking.stepAlgorithms:113] 	|target step| :    0.0266711717
2025-12-23:11:10:10,149 INFO     [psi4.optking.stepAlgorithms:114] 	gradient     :   -0.0079562158
2025-12-23:11:10:10,149 INFO     [psi4.optking.stepAlgorithms:115] 	hessian      :    0.2980954957
2025-12-23:11:10:10,149 INFO     [psi4.optking.stepAlgorithms:113] 	|target step| :    0.0266711717
2025-12-23:11:10:10,149 INFO     [psi4.optking.stepAlgorithms:114] 	gradient     :   -0.0079562158
2025-12-23:11:10:10,149 INFO     [psi4.optking.stepAlgorithms:115] 	hessian      :    0.2980954957
2025-12-23:11:10:10,149 INFO     [psi4.optking.stepAlgorithms:206] 	Norm of achieved step-size    0.0266711717
2025-12-23:11:10:10,149 INFO     [psi4.optking.stepAlgorithms:208] 	Norm of achieved step-size (cart):    0.0188593664
2025-12-23:11:10:10,149 INFO     [psi4.optking.opt_helper:164] Molsys:

	                            ===> Fragment 1 <== 

	 Z (Atomic Numbers)          Masses                          Geom                  
	       8.000000            15.994915          0.00000000  0.00000000  3.64898897   
	      14.000000            27.976927          0.00000000  0.00000000 -2.09190435   

	 - Coordinate -           - BOHR/RAD -       - ANG/DEG -
	 R(1,2)           =         5.740893           3.037950

2025-12-23:11:10:10,149 INFO     [psi4.optking.convcheck:76] Performing convergence check.
2025-12-23:11:10:10,149 INFO     [psi4.optking.convcheck:282] 
	                                 ==> Convergence Check <==                                  
    
	Measures of convergence in internal coordinates in au.
    
	Criteria marked as inactive (o), active & met (*), and active & unmet ( ).

	----------------------------------------------------------------------------------------------
	   Step    Total Energy     Delta E     Max Force     RMS Force      Max Disp      RMS Disp   
	----------------------------------------------------------------------------------------------
	  Convergence Criteria     1.00e-06 *    3.00e-04 *             o    1.20e-03 *             o
	----------------------------------------------------------------------------------------------
	    12    -364.48301235   -6.55e-03      7.96e-03      7.96e-03 o    2.67e-02      2.67e-02 o  ~
	----------------------------------------------------------------------------------------------


2025-12-23:11:10:10,150 INFO     [psi4.optking.stepAlgorithms:296] 	Convergence check returned False
2025-12-23:11:10:10,160 INFO     [psi4.driver.task_planner:259] PLANNING Atomic:  keywords={'DAMPING_PERCENTAGE': 1.0, 'GEOM_MAXITER': 500, 'SCF__GUESS': 'READ', 'GUESS': 'SAP', 'MAXITER': 500, 'REFERENCE': 'UKS', 'function_kwargs': {}}
2025-12-23:11:10:10,161 INFO     [psi4.driver.driver:638] Compute gradient(): method=b3lyp, basis=cc-pvdz, molecule=default, nre=19.509158898436333
2025-12-23:11:10:10,741 INFO     [psi4.driver.driver:641] Return gradient(): -364.4832208027726
2025-12-23:11:10:10,741 INFO     [psi4.driver.driver:642] [[-0.00000000  0.00000000 -0.00768308]
 [ 0.00000000  0.00000000  0.00769291]]
2025-12-23:11:10:10,743 INFO     [psi4.optking.history:269] 	Performing BFGS update.
2025-12-23:11:10:10,743 INFO     [psi4.optking.history:280] 	Using 4 previous steps for update.
2025-12-23:11:10:10,743 WARNING  [psi4.optking.history:301] 	Change in internal coordinate of 5.93e-01 exceeds limit of 5.00e-01.
2025-12-23:11:10:10,743 WARNING  [psi4.optking.history:306] 	Skipping Hessian update for step 11.
2025-12-23:11:10:10,743 WARNING  [psi4.optking.history:301] 	Change in internal coordinate of 6.40e-01 exceeds limit of 5.00e-01.
2025-12-23:11:10:10,743 WARNING  [psi4.optking.history:306] 	Skipping Hessian update for step 10.
2025-12-23:11:10:10,743 WARNING  [psi4.optking.history:301] 	Change in internal coordinate of 1.27e+00 exceeds limit of 5.00e-01.
2025-12-23:11:10:10,743 WARNING  [psi4.optking.history:306] 	Skipping Hessian update for step 9.
2025-12-23:11:10:10,743 WARNING  [psi4.optking.history:301] 	Change in internal coordinate of 1.35e+00 exceeds limit of 5.00e-01.
2025-12-23:11:10:10,743 WARNING  [psi4.optking.history:306] 	Skipping Hessian update for step 8.
2025-12-23:11:10:10,743 WARNING  [psi4.optking.history:301] 	Change in internal coordinate of 1.92e+00 exceeds limit of 5.00e-01.
2025-12-23:11:10:10,743 WARNING  [psi4.optking.history:306] 	Skipping Hessian update for step 7.
2025-12-23:11:10:10,743 WARNING  [psi4.optking.history:301] 	Change in internal coordinate of 2.27e+00 exceeds limit of 5.00e-01.
2025-12-23:11:10:10,743 WARNING  [psi4.optking.history:306] 	Skipping Hessian update for step 6.
2025-12-23:11:10:10,743 WARNING  [psi4.optking.history:301] 	Change in internal coordinate of 2.64e+00 exceeds limit of 5.00e-01.
2025-12-23:11:10:10,743 WARNING  [psi4.optking.history:306] 	Skipping Hessian update for step 5.
2025-12-23:11:10:10,743 WARNING  [psi4.optking.history:301] 	Change in internal coordinate of 2.83e+00 exceeds limit of 5.00e-01.
2025-12-23:11:10:10,743 WARNING  [psi4.optking.history:306] 	Skipping Hessian update for step 4.
2025-12-23:11:10:10,743 WARNING  [psi4.optking.history:301] 	Change in internal coordinate of 3.00e+00 exceeds limit of 5.00e-01.
2025-12-23:11:10:10,743 WARNING  [psi4.optking.history:306] 	Skipping Hessian update for step 3.
2025-12-23:11:10:10,743 WARNING  [psi4.optking.history:301] 	Change in internal coordinate of 3.24e+00 exceeds limit of 5.00e-01.
2025-12-23:11:10:10,743 WARNING  [psi4.optking.history:306] 	Skipping Hessian update for step 2.
2025-12-23:11:10:10,743 WARNING  [psi4.optking.history:301] 	Change in internal coordinate of 3.47e+00 exceeds limit of 5.00e-01.
2025-12-23:11:10:10,743 WARNING  [psi4.optking.history:306] 	Skipping Hessian update for step 1.
2025-12-23:11:10:10,743 INFO     [psi4.optking.history:317] 	Steps to be used in Hessian update:  12

2025-12-23:11:10:10,743 INFO     [psi4.optking.history:418] 	Updated Hessian (in au) 
 	   0.010056

2025-12-23:11:10:10,744 INFO     [psi4.optking.molsys:944] Projected (PHP) Hessian matrix
	   0.010056

2025-12-23:11:10:10,744 INFO     [psi4.optking.opt_helper:182] 
	         Geometry (au)                                       Gradient (au)
   0.0000000000   0.0000000000   3.6526228250		  -0.0000000000   0.0000000000  -0.0076830845
   0.0000000000   0.0000000000  -2.0882704950		   0.0000000000   0.0000000000   0.0076929141

2025-12-23:11:10:10,744 INFO     [psi4.optking.stepAlgorithms:368] 	Current Step Report 
 
	Current energy:      -364.4832208028
	Energy change for the previous step:
		Actual       :        -0.0002084554
		Projected    :        -0.0001061008

2025-12-23:11:10:10,744 INFO     [psi4.optking.stepAlgorithms:371] 	Energy ratio =    1.96469
2025-12-23:11:10:10,744 INFO     [psi4.optking.stepAlgorithms:929] 	Using RFO solution 1.
2025-12-23:11:10:10,744 INFO     [psi4.optking.displace:100] 	Determining Cartesian step for fragment 1.
2025-12-23:11:10:10,744 INFO     [psi4.optking.displace:415] 	Successfully converged to displaced geometry.
2025-12-23:11:10:10,744 INFO     [psi4.optking.displace:416] 	RMS(dx):  0.000e+00 	Max(dx):  0.000e+00 	RMS(dq):  0.000e+00
2025-12-23:11:10:10,744 INFO     [psi4.optking.displace:172] 

	        --- Internal Coordinate Step in ANG or DEG, aJ/ANG or AJ/DEG ---
	-------------------------------------------------------------------------------
	           Coordinate      Previous         Force          Change          New 
	           ----------      --------        ------          ------        ------
	               R(1,2)       3.03795        0.06334        0.28621       3.32416
	-------------------------------------------------------------------------------

2025-12-23:11:10:10,744 INFO     [psi4.optking.stepAlgorithms:113] 	|target step| :    0.5408554493
2025-12-23:11:10:10,744 INFO     [psi4.optking.stepAlgorithms:114] 	gradient     :   -0.0076879993
2025-12-23:11:10:10,744 INFO     [psi4.optking.stepAlgorithms:115] 	hessian      :    0.0100564213
2025-12-23:11:10:10,744 INFO     [psi4.optking.stepAlgorithms:113] 	|target step| :    0.5408554493
2025-12-23:11:10:10,744 INFO     [psi4.optking.stepAlgorithms:114] 	gradient     :   -0.0076879993
2025-12-23:11:10:10,744 INFO     [psi4.optking.stepAlgorithms:115] 	hessian      :    0.0100564213
2025-12-23:11:10:10,744 INFO     [psi4.optking.stepAlgorithms:206] 	Norm of achieved step-size    0.5408554493
2025-12-23:11:10:10,744 INFO     [psi4.optking.stepAlgorithms:208] 	Norm of achieved step-size (cart):    0.3824425558
2025-12-23:11:10:10,744 INFO     [psi4.optking.opt_helper:164] Molsys:

	                            ===> Fragment 1 <== 

	 Z (Atomic Numbers)          Masses                          Geom                  
	       8.000000            15.994915          0.00000000  0.00000000  3.92305055   
	      14.000000            27.976927          0.00000000  0.00000000 -2.35869822   

	 - Coordinate -           - BOHR/RAD -       - ANG/DEG -
	 R(1,2)           =         6.281749           3.324158

2025-12-23:11:10:10,745 INFO     [psi4.optking.convcheck:76] Performing convergence check.
2025-12-23:11:10:10,745 INFO     [psi4.optking.convcheck:282] 
	                                 ==> Convergence Check <==                                  
    
	Measures of convergence in internal coordinates in au.
    
	Criteria marked as inactive (o), active & met (*), and active & unmet ( ).

	----------------------------------------------------------------------------------------------
	   Step    Total Energy     Delta E     Max Force     RMS Force      Max Disp      RMS Disp   
	----------------------------------------------------------------------------------------------
	  Convergence Criteria     1.00e-06 *    3.00e-04 *             o    1.20e-03 *             o
	----------------------------------------------------------------------------------------------
	    13    -364.48322080   -2.08e-04      7.69e-03      7.69e-03 o    5.41e-01      5.41e-01 o  ~
	----------------------------------------------------------------------------------------------


2025-12-23:11:10:10,745 INFO     [psi4.optking.stepAlgorithms:296] 	Convergence check returned False
2025-12-23:11:10:10,755 INFO     [psi4.driver.task_planner:259] PLANNING Atomic:  keywords={'DAMPING_PERCENTAGE': 1.0, 'GEOM_MAXITER': 500, 'SCF__GUESS': 'READ', 'GUESS': 'SAP', 'MAXITER': 500, 'REFERENCE': 'UKS', 'function_kwargs': {}}
2025-12-23:11:10:10,756 INFO     [psi4.driver.driver:638] Compute gradient(): method=b3lyp, basis=cc-pvdz, molecule=default, nre=17.829430006212846
2025-12-23:11:10:11,320 INFO     [psi4.driver.driver:641] Return gradient(): -364.4861884829421
2025-12-23:11:10:11,320 INFO     [psi4.driver.driver:642] [[ 0.00000000  0.00000000 -0.00372575]
 [ 0.00000000 -0.00000000  0.00372079]]
2025-12-23:11:10:11,322 INFO     [psi4.optking.history:269] 	Performing BFGS update.
2025-12-23:11:10:11,322 INFO     [psi4.optking.history:280] 	Using 4 previous steps for update.
2025-12-23:11:10:11,322 WARNING  [psi4.optking.history:301] 	Change in internal coordinate of 5.41e-01 exceeds limit of 5.00e-01.
2025-12-23:11:10:11,322 WARNING  [psi4.optking.history:306] 	Skipping Hessian update for step 13.
2025-12-23:11:10:11,322 WARNING  [psi4.optking.history:301] 	Change in internal coordinate of 5.68e-01 exceeds limit of 5.00e-01.
2025-12-23:11:10:11,322 WARNING  [psi4.optking.history:306] 	Skipping Hessian update for step 12.
2025-12-23:11:10:11,322 WARNING  [psi4.optking.history:301] 	Change in internal coordinate of 1.13e+00 exceeds limit of 5.00e-01.
2025-12-23:11:10:11,322 WARNING  [psi4.optking.history:306] 	Skipping Hessian update for step 11.
2025-12-23:11:10:11,322 WARNING  [psi4.optking.history:301] 	Change in internal coordinate of 1.18e+00 exceeds limit of 5.00e-01.
2025-12-23:11:10:11,322 WARNING  [psi4.optking.history:306] 	Skipping Hessian update for step 10.
2025-12-23:11:10:11,322 WARNING  [psi4.optking.history:301] 	Change in internal coordinate of 1.81e+00 exceeds limit of 5.00e-01.
2025-12-23:11:10:11,322 WARNING  [psi4.optking.history:306] 	Skipping Hessian update for step 9.
2025-12-23:11:10:11,322 WARNING  [psi4.optking.history:301] 	Change in internal coordinate of 1.89e+00 exceeds limit of 5.00e-01.
2025-12-23:11:10:11,322 WARNING  [psi4.optking.history:306] 	Skipping Hessian update for step 8.
2025-12-23:11:10:11,322 WARNING  [psi4.optking.history:301] 	Change in internal coordinate of 2.46e+00 exceeds limit of 5.00e-01.
2025-12-23:11:10:11,322 WARNING  [psi4.optking.history:306] 	Skipping Hessian update for step 7.
2025-12-23:11:10:11,322 WARNING  [psi4.optking.history:301] 	Change in internal coordinate of 2.81e+00 exceeds limit of 5.00e-01.
2025-12-23:11:10:11,322 WARNING  [psi4.optking.history:306] 	Skipping Hessian update for step 6.
2025-12-23:11:10:11,322 WARNING  [psi4.optking.history:301] 	Change in internal coordinate of 3.18e+00 exceeds limit of 5.00e-01.
2025-12-23:11:10:11,322 WARNING  [psi4.optking.history:306] 	Skipping Hessian update for step 5.
2025-12-23:11:10:11,322 WARNING  [psi4.optking.history:301] 	Change in internal coordinate of 3.37e+00 exceeds limit of 5.00e-01.
2025-12-23:11:10:11,322 WARNING  [psi4.optking.history:306] 	Skipping Hessian update for step 4.
2025-12-23:11:10:11,322 WARNING  [psi4.optking.history:301] 	Change in internal coordinate of 3.54e+00 exceeds limit of 5.00e-01.
2025-12-23:11:10:11,322 WARNING  [psi4.optking.history:306] 	Skipping Hessian update for step 3.
2025-12-23:11:10:11,322 WARNING  [psi4.optking.history:301] 	Change in internal coordinate of 3.78e+00 exceeds limit of 5.00e-01.
2025-12-23:11:10:11,322 WARNING  [psi4.optking.history:306] 	Skipping Hessian update for step 2.
2025-12-23:11:10:11,322 INFO     [psi4.optking.history:317] 	Steps to be used in Hessian update:  1

2025-12-23:11:10:11,322 INFO     [psi4.optking.history:418] 	Updated Hessian (in au) 
 	   0.257004

2025-12-23:11:10:11,322 INFO     [psi4.optking.molsys:944] Projected (PHP) Hessian matrix
	   0.257004

2025-12-23:11:10:11,323 INFO     [psi4.optking.opt_helper:182] 
	         Geometry (au)                                       Gradient (au)
   0.0000000000   0.0000000000   3.9967401686		   0.0000000000   0.0000000000  -0.0037257492
   0.0000000000   0.0000000000  -2.2850086007		   0.0000000000  -0.0000000000   0.0037207868

2025-12-23:11:10:11,323 INFO     [psi4.optking.stepAlgorithms:368] 	Current Step Report 
 
	Current energy:      -364.4861884829
	Energy change for the previous step:
		Actual       :        -0.0029676802
		Projected    :        -0.0020790482

2025-12-23:11:10:11,323 INFO     [psi4.optking.stepAlgorithms:371] 	Energy ratio =    1.42742
2025-12-23:11:10:11,323 INFO     [psi4.optking.stepAlgorithms:929] 	Using RFO solution 1.
2025-12-23:11:10:11,323 INFO     [psi4.optking.displace:100] 	Determining Cartesian step for fragment 1.
2025-12-23:11:10:11,323 INFO     [psi4.optking.displace:415] 	Successfully converged to displaced geometry.
2025-12-23:11:10:11,323 INFO     [psi4.optking.displace:416] 	RMS(dx):  0.000e+00 	Max(dx):  0.000e+00 	RMS(dq):  0.000e+00
2025-12-23:11:10:11,323 INFO     [psi4.optking.displace:172] 

	        --- Internal Coordinate Step in ANG or DEG, aJ/ANG or AJ/DEG ---
	-------------------------------------------------------------------------------
	           Coordinate      Previous         Force          Change          New 
	           ----------      --------        ------          ------        ------
	               R(1,2)       3.32416        0.03067        0.00766       3.33182
	-------------------------------------------------------------------------------

2025-12-23:11:10:11,323 INFO     [psi4.optking.stepAlgorithms:113] 	|target step| :    0.0144841557
2025-12-23:11:10:11,323 INFO     [psi4.optking.stepAlgorithms:114] 	gradient     :   -0.0037232680
2025-12-23:11:10:11,323 INFO     [psi4.optking.stepAlgorithms:115] 	hessian      :    0.2570040656
2025-12-23:11:10:11,323 INFO     [psi4.optking.stepAlgorithms:113] 	|target step| :    0.0144841557
2025-12-23:11:10:11,323 INFO     [psi4.optking.stepAlgorithms:114] 	gradient     :   -0.0037232680
2025-12-23:11:10:11,323 INFO     [psi4.optking.stepAlgorithms:115] 	hessian      :    0.2570040656
2025-12-23:11:10:11,323 INFO     [psi4.optking.stepAlgorithms:206] 	Norm of achieved step-size    0.0144841557
2025-12-23:11:10:11,323 INFO     [psi4.optking.stepAlgorithms:208] 	Norm of achieved step-size (cart):    0.0102418447
2025-12-23:11:10:11,323 INFO     [psi4.optking.opt_helper:164] Molsys:

	                            ===> Fragment 1 <== 

	 Z (Atomic Numbers)          Masses                          Geom                  
	       8.000000            15.994915          0.00000000  0.00000000  4.00398225   
	      14.000000            27.976927          0.00000000  0.00000000 -2.29225068   

	 - Coordinate -           - BOHR/RAD -       - ANG/DEG -
	 R(1,2)           =         6.296233           3.331823

2025-12-23:11:10:11,324 INFO     [psi4.optking.convcheck:76] Performing convergence check.
2025-12-23:11:10:11,324 INFO     [psi4.optking.convcheck:282] 
	                                 ==> Convergence Check <==                                  
    
	Measures of convergence in internal coordinates in au.
    
	Criteria marked as inactive (o), active & met (*), and active & unmet ( ).

	----------------------------------------------------------------------------------------------
	   Step    Total Energy     Delta E     Max Force     RMS Force      Max Disp      RMS Disp   
	----------------------------------------------------------------------------------------------
	  Convergence Criteria     1.00e-06 *    3.00e-04 *             o    1.20e-03 *             o
	----------------------------------------------------------------------------------------------
	    14    -364.48618848   -2.97e-03      3.72e-03      3.72e-03 o    1.45e-02      1.45e-02 o  ~
	----------------------------------------------------------------------------------------------


2025-12-23:11:10:11,324 INFO     [psi4.optking.stepAlgorithms:296] 	Convergence check returned False
2025-12-23:11:10:11,334 INFO     [psi4.driver.task_planner:259] PLANNING Atomic:  keywords={'DAMPING_PERCENTAGE': 1.0, 'GEOM_MAXITER': 500, 'SCF__GUESS': 'READ', 'GUESS': 'SAP', 'MAXITER': 500, 'REFERENCE': 'UKS', 'function_kwargs': {}}
2025-12-23:11:10:11,335 INFO     [psi4.driver.driver:638] Compute gradient(): method=b3lyp, basis=cc-pvdz, molecule=default, nre=17.78841433170432
2025-12-23:11:10:11,897 INFO     [psi4.driver.driver:641] Return gradient(): -364.4862417265997
2025-12-23:11:10:11,897 INFO     [psi4.driver.driver:642] [[ 0.00000000 -0.00000000 -0.00365122]
 [ 0.00000000 -0.00000000  0.00364567]]
2025-12-23:11:10:11,899 INFO     [psi4.optking.history:269] 	Performing BFGS update.
2025-12-23:11:10:11,899 INFO     [psi4.optking.history:280] 	Using 4 previous steps for update.
2025-12-23:11:10:11,899 WARNING  [psi4.optking.history:301] 	Change in internal coordinate of 5.55e-01 exceeds limit of 5.00e-01.
2025-12-23:11:10:11,899 WARNING  [psi4.optking.history:306] 	Skipping Hessian update for step 13.
2025-12-23:11:10:11,899 WARNING  [psi4.optking.history:301] 	Change in internal coordinate of 5.82e-01 exceeds limit of 5.00e-01.
2025-12-23:11:10:11,899 WARNING  [psi4.optking.history:306] 	Skipping Hessian update for step 12.
2025-12-23:11:10:11,899 WARNING  [psi4.optking.history:301] 	Change in internal coordinate of 1.15e+00 exceeds limit of 5.00e-01.
2025-12-23:11:10:11,899 WARNING  [psi4.optking.history:306] 	Skipping Hessian update for step 11.
2025-12-23:11:10:11,899 WARNING  [psi4.optking.history:301] 	Change in internal coordinate of 1.20e+00 exceeds limit of 5.00e-01.
2025-12-23:11:10:11,899 WARNING  [psi4.optking.history:306] 	Skipping Hessian update for step 10.
2025-12-23:11:10:11,899 WARNING  [psi4.optking.history:301] 	Change in internal coordinate of 1.83e+00 exceeds limit of 5.00e-01.
2025-12-23:11:10:11,899 WARNING  [psi4.optking.history:306] 	Skipping Hessian update for step 9.
2025-12-23:11:10:11,899 WARNING  [psi4.optking.history:301] 	Change in internal coordinate of 1.90e+00 exceeds limit of 5.00e-01.
2025-12-23:11:10:11,899 WARNING  [psi4.optking.history:306] 	Skipping Hessian update for step 8.
2025-12-23:11:10:11,899 WARNING  [psi4.optking.history:301] 	Change in internal coordinate of 2.48e+00 exceeds limit of 5.00e-01.
2025-12-23:11:10:11,899 WARNING  [psi4.optking.history:306] 	Skipping Hessian update for step 7.
2025-12-23:11:10:11,899 WARNING  [psi4.optking.history:301] 	Change in internal coordinate of 2.83e+00 exceeds limit of 5.00e-01.
2025-12-23:11:10:11,899 WARNING  [psi4.optking.history:306] 	Skipping Hessian update for step 6.
2025-12-23:11:10:11,900 WARNING  [psi4.optking.history:301] 	Change in internal coordinate of 3.20e+00 exceeds limit of 5.00e-01.
2025-12-23:11:10:11,900 WARNING  [psi4.optking.history:306] 	Skipping Hessian update for step 5.
2025-12-23:11:10:11,900 WARNING  [psi4.optking.history:301] 	Change in internal coordinate of 3.38e+00 exceeds limit of 5.00e-01.
2025-12-23:11:10:11,900 WARNING  [psi4.optking.history:306] 	Skipping Hessian update for step 4.
2025-12-23:11:10:11,900 WARNING  [psi4.optking.history:301] 	Change in internal coordinate of 3.55e+00 exceeds limit of 5.00e-01.
2025-12-23:11:10:11,900 WARNING  [psi4.optking.history:306] 	Skipping Hessian update for step 3.
2025-12-23:11:10:11,900 WARNING  [psi4.optking.history:301] 	Change in internal coordinate of 3.79e+00 exceeds limit of 5.00e-01.
2025-12-23:11:10:11,900 WARNING  [psi4.optking.history:306] 	Skipping Hessian update for step 2.
2025-12-23:11:10:11,900 WARNING  [psi4.optking.history:301] 	Change in internal coordinate of 4.03e+00 exceeds limit of 5.00e-01.
2025-12-23:11:10:11,900 WARNING  [psi4.optking.history:306] 	Skipping Hessian update for step 1.
2025-12-23:11:10:11,900 INFO     [psi4.optking.history:317] 	Steps to be used in Hessian update:  14

2025-12-23:11:10:11,900 INFO     [psi4.optking.history:418] 	Updated Hessian (in au) 
 	   0.005166

2025-12-23:11:10:11,900 INFO     [psi4.optking.molsys:944] Projected (PHP) Hessian matrix
	   0.005166

2025-12-23:11:10:11,900 INFO     [psi4.optking.opt_helper:182] 
	         Geometry (au)                                       Gradient (au)
   0.0000000000   0.0000000000   4.0059556608		   0.0000000000  -0.0000000000  -0.0036512209
   0.0000000000   0.0000000000  -2.2902772642		   0.0000000000  -0.0000000000   0.0036456727

2025-12-23:11:10:11,900 INFO     [psi4.optking.stepAlgorithms:368] 	Current Step Report 
 
	Current energy:      -364.4862417266
	Energy change for the previous step:
		Actual       :        -0.0000532437
		Projected    :        -0.0000269642

2025-12-23:11:10:11,900 INFO     [psi4.optking.stepAlgorithms:371] 	Energy ratio =    1.97461
2025-12-23:11:10:11,900 INFO     [psi4.optking.stepAlgorithms:929] 	Using RFO solution 1.
2025-12-23:11:10:11,900 INFO     [psi4.optking.displace:100] 	Determining Cartesian step for fragment 1.
2025-12-23:11:10:11,901 INFO     [psi4.optking.displace:415] 	Successfully converged to displaced geometry.
2025-12-23:11:10:11,901 INFO     [psi4.optking.displace:416] 	RMS(dx):  2.564e-16 	Max(dx):  4.441e-16 	RMS(dq):  0.000e+00
2025-12-23:11:10:11,901 INFO     [psi4.optking.displace:172] 

	        --- Internal Coordinate Step in ANG or DEG, aJ/ANG or AJ/DEG ---
	-------------------------------------------------------------------------------
	           Coordinate      Previous         Force          Change          New 
	           ----------      --------        ------          ------        ------
	               R(1,2)       3.33182        0.03006        0.27374       3.60556
	-------------------------------------------------------------------------------

2025-12-23:11:10:11,901 INFO     [psi4.optking.stepAlgorithms:113] 	|target step| :    0.5172880301
2025-12-23:11:10:11,901 INFO     [psi4.optking.stepAlgorithms:114] 	gradient     :   -0.0036484468
2025-12-23:11:10:11,901 INFO     [psi4.optking.stepAlgorithms:115] 	hessian      :    0.0051657298
2025-12-23:11:10:11,901 INFO     [psi4.optking.stepAlgorithms:113] 	|target step| :    0.5172880301
2025-12-23:11:10:11,901 INFO     [psi4.optking.stepAlgorithms:114] 	gradient     :   -0.0036484468
2025-12-23:11:10:11,901 INFO     [psi4.optking.stepAlgorithms:115] 	hessian      :    0.0051657298
2025-12-23:11:10:11,901 INFO     [psi4.optking.stepAlgorithms:206] 	Norm of achieved step-size    0.5172880301
2025-12-23:11:10:11,901 INFO     [psi4.optking.stepAlgorithms:208] 	Norm of achieved step-size (cart):    0.3657778739
2025-12-23:11:10:11,901 INFO     [psi4.optking.opt_helper:164] Molsys:

	                            ===> Fragment 1 <== 

	 Z (Atomic Numbers)          Masses                          Geom                  
	       8.000000            15.994915          0.00000000  0.00000000  4.26459968   
	      14.000000            27.976927          0.00000000  0.00000000 -2.54892128   

	 - Coordinate -           - BOHR/RAD -       - ANG/DEG -
	 R(1,2)           =         6.813521           3.605560

2025-12-23:11:10:11,901 INFO     [psi4.optking.convcheck:76] Performing convergence check.
2025-12-23:11:10:11,901 INFO     [psi4.optking.convcheck:282] 
	                                 ==> Convergence Check <==                                  
    
	Measures of convergence in internal coordinates in au.
    
	Criteria marked as inactive (o), active & met (*), and active & unmet ( ).

	----------------------------------------------------------------------------------------------
	   Step    Total Energy     Delta E     Max Force     RMS Force      Max Disp      RMS Disp   
	----------------------------------------------------------------------------------------------
	  Convergence Criteria     1.00e-06 *    3.00e-04 *             o    1.20e-03 *             o
	----------------------------------------------------------------------------------------------
	    15    -364.48624173   -5.32e-05      3.65e-03      3.65e-03 o    5.17e-01      5.17e-01 o  ~
	----------------------------------------------------------------------------------------------


2025-12-23:11:10:11,901 INFO     [psi4.optking.stepAlgorithms:296] 	Convergence check returned False
2025-12-23:11:10:11,911 INFO     [psi4.driver.task_planner:259] PLANNING Atomic:  keywords={'DAMPING_PERCENTAGE': 1.0, 'GEOM_MAXITER': 500, 'SCF__GUESS': 'READ', 'GUESS': 'SAP', 'MAXITER': 500, 'REFERENCE': 'UKS', 'function_kwargs': {}}
2025-12-23:11:10:11,913 INFO     [psi4.driver.driver:638] Compute gradient(): method=b3lyp, basis=cc-pvdz, molecule=default, nre=16.437903506449207
2025-12-23:11:10:12,487 INFO     [psi4.driver.driver:641] Return gradient(): -364.48756316923885
2025-12-23:11:10:12,487 INFO     [psi4.driver.driver:642] [[ 0.00000000  0.00000000 -0.00168303]
 [ 0.00000000  0.00000000  0.00167468]]
2025-12-23:11:10:12,489 INFO     [psi4.optking.history:269] 	Performing BFGS update.
2025-12-23:11:10:12,489 INFO     [psi4.optking.history:280] 	Using 4 previous steps for update.
2025-12-23:11:10:12,490 WARNING  [psi4.optking.history:301] 	Change in internal coordinate of 5.17e-01 exceeds limit of 5.00e-01.
2025-12-23:11:10:12,490 WARNING  [psi4.optking.history:306] 	Skipping Hessian update for step 15.
2025-12-23:11:10:12,490 WARNING  [psi4.optking.history:301] 	Change in internal coordinate of 5.32e-01 exceeds limit of 5.00e-01.
2025-12-23:11:10:12,490 WARNING  [psi4.optking.history:306] 	Skipping Hessian update for step 14.
2025-12-23:11:10:12,490 WARNING  [psi4.optking.history:301] 	Change in internal coordinate of 1.07e+00 exceeds limit of 5.00e-01.
2025-12-23:11:10:12,490 WARNING  [psi4.optking.history:306] 	Skipping Hessian update for step 13.
2025-12-23:11:10:12,490 WARNING  [psi4.optking.history:301] 	Change in internal coordinate of 1.10e+00 exceeds limit of 5.00e-01.
2025-12-23:11:10:12,490 WARNING  [psi4.optking.history:306] 	Skipping Hessian update for step 12.
2025-12-23:11:10:12,490 WARNING  [psi4.optking.history:301] 	Change in internal coordinate of 1.67e+00 exceeds limit of 5.00e-01.
2025-12-23:11:10:12,490 WARNING  [psi4.optking.history:306] 	Skipping Hessian update for step 11.
2025-12-23:11:10:12,490 WARNING  [psi4.optking.history:301] 	Change in internal coordinate of 1.71e+00 exceeds limit of 5.00e-01.
2025-12-23:11:10:12,490 WARNING  [psi4.optking.history:306] 	Skipping Hessian update for step 10.
2025-12-23:11:10:12,490 WARNING  [psi4.optking.history:301] 	Change in internal coordinate of 2.35e+00 exceeds limit of 5.00e-01.
2025-12-23:11:10:12,490 WARNING  [psi4.optking.history:306] 	Skipping Hessian update for step 9.
2025-12-23:11:10:12,490 WARNING  [psi4.optking.history:301] 	Change in internal coordinate of 2.42e+00 exceeds limit of 5.00e-01.
2025-12-23:11:10:12,490 WARNING  [psi4.optking.history:306] 	Skipping Hessian update for step 8.
2025-12-23:11:10:12,490 WARNING  [psi4.optking.history:301] 	Change in internal coordinate of 3.00e+00 exceeds limit of 5.00e-01.
2025-12-23:11:10:12,490 WARNING  [psi4.optking.history:306] 	Skipping Hessian update for step 7.
2025-12-23:11:10:12,490 WARNING  [psi4.optking.history:301] 	Change in internal coordinate of 3.34e+00 exceeds limit of 5.00e-01.
2025-12-23:11:10:12,490 WARNING  [psi4.optking.history:306] 	Skipping Hessian update for step 6.
2025-12-23:11:10:12,490 WARNING  [psi4.optking.history:301] 	Change in internal coordinate of 3.71e+00 exceeds limit of 5.00e-01.
2025-12-23:11:10:12,490 WARNING  [psi4.optking.history:306] 	Skipping Hessian update for step 5.
2025-12-23:11:10:12,490 WARNING  [psi4.optking.history:301] 	Change in internal coordinate of 3.90e+00 exceeds limit of 5.00e-01.
2025-12-23:11:10:12,490 WARNING  [psi4.optking.history:306] 	Skipping Hessian update for step 4.
2025-12-23:11:10:12,490 WARNING  [psi4.optking.history:301] 	Change in internal coordinate of 4.07e+00 exceeds limit of 5.00e-01.
2025-12-23:11:10:12,490 WARNING  [psi4.optking.history:306] 	Skipping Hessian update for step 3.
2025-12-23:11:10:12,490 WARNING  [psi4.optking.history:301] 	Change in internal coordinate of 4.31e+00 exceeds limit of 5.00e-01.
2025-12-23:11:10:12,490 WARNING  [psi4.optking.history:306] 	Skipping Hessian update for step 2.
2025-12-23:11:10:12,490 INFO     [psi4.optking.history:317] 	Steps to be used in Hessian update:  1

2025-12-23:11:10:12,490 INFO     [psi4.optking.history:418] 	Updated Hessian (in au) 
 	   0.227390

2025-12-23:11:10:12,491 INFO     [psi4.optking.molsys:944] Projected (PHP) Hessian matrix
	   0.227390

2025-12-23:11:10:12,491 INFO     [psi4.optking.opt_helper:182] 
	         Geometry (au)                                       Gradient (au)
   0.0000000000   0.0000000000   4.3350783183		   0.0000000000   0.0000000000  -0.0016830274
   0.0000000000   0.0000000000  -2.4784426368		   0.0000000000   0.0000000000   0.0016746753

2025-12-23:11:10:12,491 INFO     [psi4.optking.stepAlgorithms:368] 	Current Step Report 
 
	Current energy:      -364.4875631692
	Energy change for the previous step:
		Actual       :        -0.0013214426
		Projected    :        -0.0009436489

2025-12-23:11:10:12,491 INFO     [psi4.optking.stepAlgorithms:371] 	Energy ratio =    1.40035
2025-12-23:11:10:12,491 INFO     [psi4.optking.stepAlgorithms:929] 	Using RFO solution 1.
2025-12-23:11:10:12,491 INFO     [psi4.optking.displace:100] 	Determining Cartesian step for fragment 1.
2025-12-23:11:10:12,491 INFO     [psi4.optking.displace:415] 	Successfully converged to displaced geometry.
2025-12-23:11:10:12,491 INFO     [psi4.optking.displace:416] 	RMS(dx):  0.000e+00 	Max(dx):  0.000e+00 	RMS(dq):  0.000e+00
2025-12-23:11:10:12,491 INFO     [psi4.optking.displace:172] 

	        --- Internal Coordinate Step in ANG or DEG, aJ/ANG or AJ/DEG ---
	-------------------------------------------------------------------------------
	           Coordinate      Previous         Force          Change          New 
	           ----------      --------        ------          ------        ------
	               R(1,2)       3.60556        0.01383        0.00391       3.60947
	-------------------------------------------------------------------------------

2025-12-23:11:10:12,491 INFO     [psi4.optking.stepAlgorithms:113] 	|target step| :    0.0073827488
2025-12-23:11:10:12,491 INFO     [psi4.optking.stepAlgorithms:114] 	gradient     :   -0.0016788513
2025-12-23:11:10:12,491 INFO     [psi4.optking.stepAlgorithms:115] 	hessian      :    0.2273895362
2025-12-23:11:10:12,491 INFO     [psi4.optking.stepAlgorithms:113] 	|target step| :    0.0073827488
2025-12-23:11:10:12,491 INFO     [psi4.optking.stepAlgorithms:114] 	gradient     :   -0.0016788513
2025-12-23:11:10:12,491 INFO     [psi4.optking.stepAlgorithms:115] 	hessian      :    0.2273895362
2025-12-23:11:10:12,491 INFO     [psi4.optking.stepAlgorithms:206] 	Norm of achieved step-size    0.0073827488
2025-12-23:11:10:12,491 INFO     [psi4.optking.stepAlgorithms:208] 	Norm of achieved step-size (cart):    0.0052203918
2025-12-23:11:10:12,492 INFO     [psi4.optking.opt_helper:164] Molsys:

	                            ===> Fragment 1 <== 

	 Z (Atomic Numbers)          Masses                          Geom                  
	       8.000000            15.994915          0.00000000  0.00000000  4.33876969   
	      14.000000            27.976927          0.00000000  0.00000000 -2.48213401   

	 - Coordinate -           - BOHR/RAD -       - ANG/DEG -
	 R(1,2)           =         6.820904           3.609467

2025-12-23:11:10:12,492 INFO     [psi4.optking.convcheck:76] Performing convergence check.
2025-12-23:11:10:12,492 INFO     [psi4.optking.convcheck:282] 
	                                 ==> Convergence Check <==                                  
    
	Measures of convergence in internal coordinates in au.
    
	Criteria marked as inactive (o), active & met (*), and active & unmet ( ).

	----------------------------------------------------------------------------------------------
	   Step    Total Energy     Delta E     Max Force     RMS Force      Max Disp      RMS Disp   
	----------------------------------------------------------------------------------------------
	  Convergence Criteria     1.00e-06 *    3.00e-04 *             o    1.20e-03 *             o
	----------------------------------------------------------------------------------------------
	    16    -364.48756317   -1.32e-03      1.68e-03      1.68e-03 o    7.38e-03      7.38e-03 o  ~
	----------------------------------------------------------------------------------------------


2025-12-23:11:10:12,492 INFO     [psi4.optking.stepAlgorithms:296] 	Convergence check returned False
2025-12-23:11:10:12,502 INFO     [psi4.driver.task_planner:259] PLANNING Atomic:  keywords={'DAMPING_PERCENTAGE': 1.0, 'GEOM_MAXITER': 500, 'SCF__GUESS': 'READ', 'GUESS': 'SAP', 'MAXITER': 500, 'REFERENCE': 'UKS', 'function_kwargs': {}}
2025-12-23:11:10:12,503 INFO     [psi4.driver.driver:638] Compute gradient(): method=b3lyp, basis=cc-pvdz, molecule=default, nre=16.420111595274705
2025-12-23:11:10:13,25 INFO     [psi4.driver.driver:641] Return gradient(): -364.4875754920107
2025-12-23:11:10:13,25 INFO     [psi4.driver.driver:642] [[-0.00000000  0.00000000 -0.00166273]
 [ 0.00000000 -0.00000000  0.00165473]]
2025-12-23:11:10:13,27 INFO     [psi4.optking.history:269] 	Performing BFGS update.
2025-12-23:11:10:13,27 INFO     [psi4.optking.history:280] 	Using 4 previous steps for update.
2025-12-23:11:10:13,27 WARNING  [psi4.optking.history:301] 	Change in internal coordinate of 5.25e-01 exceeds limit of 5.00e-01.
2025-12-23:11:10:13,27 WARNING  [psi4.optking.history:306] 	Skipping Hessian update for step 15.
2025-12-23:11:10:13,27 WARNING  [psi4.optking.history:301] 	Change in internal coordinate of 5.39e-01 exceeds limit of 5.00e-01.
2025-12-23:11:10:13,27 WARNING  [psi4.optking.history:306] 	Skipping Hessian update for step 14.
2025-12-23:11:10:13,27 WARNING  [psi4.optking.history:301] 	Change in internal coordinate of 1.08e+00 exceeds limit of 5.00e-01.
2025-12-23:11:10:13,27 WARNING  [psi4.optking.history:306] 	Skipping Hessian update for step 13.
2025-12-23:11:10:13,27 WARNING  [psi4.optking.history:301] 	Change in internal coordinate of 1.11e+00 exceeds limit of 5.00e-01.
2025-12-23:11:10:13,27 WARNING  [psi4.optking.history:306] 	Skipping Hessian update for step 12.
2025-12-23:11:10:13,27 WARNING  [psi4.optking.history:301] 	Change in internal coordinate of 1.67e+00 exceeds limit of 5.00e-01.
2025-12-23:11:10:13,27 WARNING  [psi4.optking.history:306] 	Skipping Hessian update for step 11.
2025-12-23:11:10:13,27 WARNING  [psi4.optking.history:301] 	Change in internal coordinate of 1.72e+00 exceeds limit of 5.00e-01.
2025-12-23:11:10:13,27 WARNING  [psi4.optking.history:306] 	Skipping Hessian update for step 10.
2025-12-23:11:10:13,27 WARNING  [psi4.optking.history:301] 	Change in internal coordinate of 2.35e+00 exceeds limit of 5.00e-01.
2025-12-23:11:10:13,27 WARNING  [psi4.optking.history:306] 	Skipping Hessian update for step 9.
2025-12-23:11:10:13,27 WARNING  [psi4.optking.history:301] 	Change in internal coordinate of 2.43e+00 exceeds limit of 5.00e-01.
2025-12-23:11:10:13,27 WARNING  [psi4.optking.history:306] 	Skipping Hessian update for step 8.
2025-12-23:11:10:13,27 WARNING  [psi4.optking.history:301] 	Change in internal coordinate of 3.00e+00 exceeds limit of 5.00e-01.
2025-12-23:11:10:13,27 WARNING  [psi4.optking.history:306] 	Skipping Hessian update for step 7.
2025-12-23:11:10:13,27 WARNING  [psi4.optking.history:301] 	Change in internal coordinate of 3.35e+00 exceeds limit of 5.00e-01.
2025-12-23:11:10:13,27 WARNING  [psi4.optking.history:306] 	Skipping Hessian update for step 6.
2025-12-23:11:10:13,27 WARNING  [psi4.optking.history:301] 	Change in internal coordinate of 3.72e+00 exceeds limit of 5.00e-01.
2025-12-23:11:10:13,27 WARNING  [psi4.optking.history:306] 	Skipping Hessian update for step 5.
2025-12-23:11:10:13,27 WARNING  [psi4.optking.history:301] 	Change in internal coordinate of 3.91e+00 exceeds limit of 5.00e-01.
2025-12-23:11:10:13,27 WARNING  [psi4.optking.history:306] 	Skipping Hessian update for step 4.
2025-12-23:11:10:13,27 WARNING  [psi4.optking.history:301] 	Change in internal coordinate of 4.08e+00 exceeds limit of 5.00e-01.
2025-12-23:11:10:13,27 WARNING  [psi4.optking.history:306] 	Skipping Hessian update for step 3.
2025-12-23:11:10:13,27 WARNING  [psi4.optking.history:301] 	Change in internal coordinate of 4.32e+00 exceeds limit of 5.00e-01.
2025-12-23:11:10:13,27 WARNING  [psi4.optking.history:306] 	Skipping Hessian update for step 2.
2025-12-23:11:10:13,27 WARNING  [psi4.optking.history:301] 	Change in internal coordinate of 4.55e+00 exceeds limit of 5.00e-01.
2025-12-23:11:10:13,27 WARNING  [psi4.optking.history:306] 	Skipping Hessian update for step 1.
2025-12-23:11:10:13,27 INFO     [psi4.optking.history:317] 	Steps to be used in Hessian update:  16

2025-12-23:11:10:13,28 INFO     [psi4.optking.history:418] 	Updated Hessian (in au) 
 	   0.002725

2025-12-23:11:10:13,28 INFO     [psi4.optking.molsys:944] Projected (PHP) Hessian matrix
	   0.002725

2025-12-23:11:10:13,28 INFO     [psi4.optking.opt_helper:182] 
	         Geometry (au)                                       Gradient (au)
   0.0000000000   0.0000000000   4.3397755658		  -0.0000000000   0.0000000000  -0.0016627296
   0.0000000000   0.0000000000  -2.4811281381		   0.0000000000  -0.0000000000   0.0016547302

2025-12-23:11:10:13,28 INFO     [psi4.optking.stepAlgorithms:368] 	Current Step Report 
 
	Current energy:      -364.4875754920
	Energy change for the previous step:
		Actual       :        -0.0000123228
		Projected    :        -0.0000061973

2025-12-23:11:10:13,28 INFO     [psi4.optking.stepAlgorithms:371] 	Energy ratio =    1.98842
2025-12-23:11:10:13,28 INFO     [psi4.optking.stepAlgorithms:929] 	Using RFO solution 1.
2025-12-23:11:10:13,28 INFO     [psi4.optking.displace:100] 	Determining Cartesian step for fragment 1.
2025-12-23:11:10:13,28 INFO     [psi4.optking.displace:415] 	Successfully converged to displaced geometry.
2025-12-23:11:10:13,28 INFO     [psi4.optking.displace:416] 	RMS(dx):  0.000e+00 	Max(dx):  0.000e+00 	RMS(dq):  0.000e+00
2025-12-23:11:10:13,28 INFO     [psi4.optking.displace:172] 

	        --- Internal Coordinate Step in ANG or DEG, aJ/ANG or AJ/DEG ---
	-------------------------------------------------------------------------------
	           Coordinate      Previous         Force          Change          New 
	           ----------      --------        ------          ------        ------
	               R(1,2)       3.60947        0.01367        0.25011       3.85958
	-------------------------------------------------------------------------------

2025-12-23:11:10:13,28 INFO     [psi4.optking.stepAlgorithms:113] 	|target step| :    0.4726457181
2025-12-23:11:10:13,28 INFO     [psi4.optking.stepAlgorithms:114] 	gradient     :   -0.0016587299
2025-12-23:11:10:13,28 INFO     [psi4.optking.stepAlgorithms:115] 	hessian      :    0.0027254656
2025-12-23:11:10:13,28 INFO     [psi4.optking.stepAlgorithms:113] 	|target step| :    0.4726457181
2025-12-23:11:10:13,28 INFO     [psi4.optking.stepAlgorithms:114] 	gradient     :   -0.0016587299
2025-12-23:11:10:13,28 INFO     [psi4.optking.stepAlgorithms:115] 	hessian      :    0.0027254656
2025-12-23:11:10:13,28 INFO     [psi4.optking.stepAlgorithms:206] 	Norm of achieved step-size    0.4726457181
2025-12-23:11:10:13,28 INFO     [psi4.optking.stepAlgorithms:208] 	Norm of achieved step-size (cart):    0.3342109924
2025-12-23:11:10:13,28 INFO     [psi4.optking.opt_helper:164] Molsys:

	                            ===> Fragment 1 <== 

	 Z (Atomic Numbers)          Masses                          Geom                  
	       8.000000            15.994915          0.00000000  0.00000000  4.57609842   
	      14.000000            27.976927          0.00000000  0.00000000 -2.71745100   

	 - Coordinate -           - BOHR/RAD -       - ANG/DEG -
	 R(1,2)           =         7.293549           3.859580

2025-12-23:11:10:13,29 INFO     [psi4.optking.convcheck:76] Performing convergence check.
2025-12-23:11:10:13,29 INFO     [psi4.optking.convcheck:282] 
	                                 ==> Convergence Check <==                                  
    
	Measures of convergence in internal coordinates in au.
    
	Criteria marked as inactive (o), active & met (*), and active & unmet ( ).

	----------------------------------------------------------------------------------------------
	   Step    Total Energy     Delta E     Max Force     RMS Force      Max Disp      RMS Disp   
	----------------------------------------------------------------------------------------------
	  Convergence Criteria     1.00e-06 *    3.00e-04 *             o    1.20e-03 *             o
	----------------------------------------------------------------------------------------------
	    17    -364.48757549   -1.23e-05      1.66e-03      1.66e-03 o    4.73e-01      4.73e-01 o  ~
	----------------------------------------------------------------------------------------------


2025-12-23:11:10:13,29 INFO     [psi4.optking.stepAlgorithms:296] 	Convergence check returned False
2025-12-23:11:10:13,39 INFO     [psi4.driver.task_planner:259] PLANNING Atomic:  keywords={'DAMPING_PERCENTAGE': 1.0, 'GEOM_MAXITER': 500, 'SCF__GUESS': 'READ', 'GUESS': 'SAP', 'MAXITER': 500, 'REFERENCE': 'UKS', 'function_kwargs': {}}
2025-12-23:11:10:13,40 INFO     [psi4.driver.driver:638] Compute gradient(): method=b3lyp, basis=cc-pvdz, molecule=default, nre=15.356034972653527
2025-12-23:11:10:13,542 INFO     [psi4.driver.driver:641] Return gradient(): -364.4881102849004
2025-12-23:11:10:13,543 INFO     [psi4.driver.driver:642] [[ 0.00000000 -0.00000000 -0.00069286]
 [ 0.00000000  0.00000000  0.00069180]]
2025-12-23:11:10:13,544 INFO     [psi4.optking.history:269] 	Performing BFGS update.
2025-12-23:11:10:13,544 INFO     [psi4.optking.history:280] 	Using 4 previous steps for update.
2025-12-23:11:10:13,544 WARNING  [psi4.optking.history:301] 	Change in internal coordinate of 9.97e-01 exceeds limit of 5.00e-01.
2025-12-23:11:10:13,544 WARNING  [psi4.optking.history:306] 	Skipping Hessian update for step 15.
2025-12-23:11:10:13,544 WARNING  [psi4.optking.history:301] 	Change in internal coordinate of 1.01e+00 exceeds limit of 5.00e-01.
2025-12-23:11:10:13,544 WARNING  [psi4.optking.history:306] 	Skipping Hessian update for step 14.
2025-12-23:11:10:13,545 WARNING  [psi4.optking.history:301] 	Change in internal coordinate of 1.55e+00 exceeds limit of 5.00e-01.
2025-12-23:11:10:13,545 WARNING  [psi4.optking.history:306] 	Skipping Hessian update for step 13.
2025-12-23:11:10:13,545 WARNING  [psi4.optking.history:301] 	Change in internal coordinate of 1.58e+00 exceeds limit of 5.00e-01.
2025-12-23:11:10:13,545 WARNING  [psi4.optking.history:306] 	Skipping Hessian update for step 12.
2025-12-23:11:10:13,545 WARNING  [psi4.optking.history:301] 	Change in internal coordinate of 2.15e+00 exceeds limit of 5.00e-01.
2025-12-23:11:10:13,545 WARNING  [psi4.optking.history:306] 	Skipping Hessian update for step 11.
2025-12-23:11:10:13,545 WARNING  [psi4.optking.history:301] 	Change in internal coordinate of 2.19e+00 exceeds limit of 5.00e-01.
2025-12-23:11:10:13,545 WARNING  [psi4.optking.history:306] 	Skipping Hessian update for step 10.
2025-12-23:11:10:13,545 WARNING  [psi4.optking.history:301] 	Change in internal coordinate of 2.83e+00 exceeds limit of 5.00e-01.
2025-12-23:11:10:13,545 WARNING  [psi4.optking.history:306] 	Skipping Hessian update for step 9.
2025-12-23:11:10:13,545 WARNING  [psi4.optking.history:301] 	Change in internal coordinate of 2.90e+00 exceeds limit of 5.00e-01.
2025-12-23:11:10:13,545 WARNING  [psi4.optking.history:306] 	Skipping Hessian update for step 8.
2025-12-23:11:10:13,545 WARNING  [psi4.optking.history:301] 	Change in internal coordinate of 3.48e+00 exceeds limit of 5.00e-01.
2025-12-23:11:10:13,545 WARNING  [psi4.optking.history:306] 	Skipping Hessian update for step 7.
2025-12-23:11:10:13,545 WARNING  [psi4.optking.history:301] 	Change in internal coordinate of 3.82e+00 exceeds limit of 5.00e-01.
2025-12-23:11:10:13,545 WARNING  [psi4.optking.history:306] 	Skipping Hessian update for step 6.
2025-12-23:11:10:13,545 WARNING  [psi4.optking.history:301] 	Change in internal coordinate of 4.19e+00 exceeds limit of 5.00e-01.
2025-12-23:11:10:13,545 WARNING  [psi4.optking.history:306] 	Skipping Hessian update for step 5.
2025-12-23:11:10:13,545 WARNING  [psi4.optking.history:301] 	Change in internal coordinate of 4.38e+00 exceeds limit of 5.00e-01.
2025-12-23:11:10:13,545 WARNING  [psi4.optking.history:306] 	Skipping Hessian update for step 4.
2025-12-23:11:10:13,545 WARNING  [psi4.optking.history:301] 	Change in internal coordinate of 4.55e+00 exceeds limit of 5.00e-01.
2025-12-23:11:10:13,545 WARNING  [psi4.optking.history:306] 	Skipping Hessian update for step 3.
2025-12-23:11:10:13,545 WARNING  [psi4.optking.history:301] 	Change in internal coordinate of 4.79e+00 exceeds limit of 5.00e-01.
2025-12-23:11:10:13,545 WARNING  [psi4.optking.history:306] 	Skipping Hessian update for step 2.
2025-12-23:11:10:13,545 WARNING  [psi4.optking.history:301] 	Change in internal coordinate of 5.03e+00 exceeds limit of 5.00e-01.
2025-12-23:11:10:13,545 WARNING  [psi4.optking.history:306] 	Skipping Hessian update for step 1.
2025-12-23:11:10:13,545 INFO     [psi4.optking.history:317] 	Steps to be used in Hessian update:  17 16

2025-12-23:11:10:13,545 INFO     [psi4.optking.history:418] 	Updated Hessian (in au) 
 	   0.002055

2025-12-23:11:10:13,545 INFO     [psi4.optking.molsys:944] Projected (PHP) Hessian matrix
	   0.002055

2025-12-23:11:10:13,545 INFO     [psi4.optking.opt_helper:182] 
	         Geometry (au)                                       Gradient (au)
   0.0000000000   0.0000000000   4.6404947121		   0.0000000000  -0.0000000000  -0.0006928597
   0.0000000000   0.0000000000  -2.6530547100		   0.0000000000   0.0000000000   0.0006918034

2025-12-23:11:10:13,545 INFO     [psi4.optking.stepAlgorithms:368] 	Current Step Report 
 
	Current energy:      -364.4881102849
	Energy change for the previous step:
		Actual       :        -0.0005347929
		Projected    :        -0.0003919958

2025-12-23:11:10:13,545 INFO     [psi4.optking.stepAlgorithms:371] 	Energy ratio =    1.36428
2025-12-23:11:10:13,546 INFO     [psi4.optking.stepAlgorithms:929] 	Using RFO solution 1.
2025-12-23:11:10:13,546 INFO     [psi4.optking.displace:100] 	Determining Cartesian step for fragment 1.
2025-12-23:11:10:13,546 INFO     [psi4.optking.displace:415] 	Successfully converged to displaced geometry.
2025-12-23:11:10:13,546 INFO     [psi4.optking.displace:416] 	RMS(dx):  0.000e+00 	Max(dx):  0.000e+00 	RMS(dq):  0.000e+00
2025-12-23:11:10:13,546 INFO     [psi4.optking.displace:172] 

	        --- Internal Coordinate Step in ANG or DEG, aJ/ANG or AJ/DEG ---
	-------------------------------------------------------------------------------
	           Coordinate      Previous         Force          Change          New 
	           ----------      --------        ------          ------        ------
	               R(1,2)       3.85958        0.00570        0.16164       4.02122
	-------------------------------------------------------------------------------

2025-12-23:11:10:13,546 INFO     [psi4.optking.stepAlgorithms:113] 	|target step| :    0.3054493810
2025-12-23:11:10:13,546 INFO     [psi4.optking.stepAlgorithms:114] 	gradient     :   -0.0006923315
2025-12-23:11:10:13,546 INFO     [psi4.optking.stepAlgorithms:115] 	hessian      :    0.0020551277
2025-12-23:11:10:13,546 INFO     [psi4.optking.stepAlgorithms:113] 	|target step| :    0.3054493810
2025-12-23:11:10:13,546 INFO     [psi4.optking.stepAlgorithms:114] 	gradient     :   -0.0006923315
2025-12-23:11:10:13,546 INFO     [psi4.optking.stepAlgorithms:115] 	hessian      :    0.0020551277
2025-12-23:11:10:13,546 INFO     [psi4.optking.stepAlgorithms:206] 	Norm of achieved step-size    0.3054493810
2025-12-23:11:10:13,546 INFO     [psi4.optking.stepAlgorithms:208] 	Norm of achieved step-size (cart):    0.2159853286
2025-12-23:11:10:13,546 INFO     [psi4.optking.opt_helper:164] Molsys:

	                            ===> Fragment 1 <== 

	 Z (Atomic Numbers)          Masses                          Geom                  
	       8.000000            15.994915          0.00000000  0.00000000  4.79321940   
	      14.000000            27.976927          0.00000000  0.00000000 -2.80577940   

	 - Coordinate -           - BOHR/RAD -       - ANG/DEG -
	 R(1,2)           =         7.598999           4.021217

2025-12-23:11:10:13,546 INFO     [psi4.optking.convcheck:76] Performing convergence check.
2025-12-23:11:10:13,546 INFO     [psi4.optking.convcheck:282] 
	                                 ==> Convergence Check <==                                  
    
	Measures of convergence in internal coordinates in au.
    
	Criteria marked as inactive (o), active & met (*), and active & unmet ( ).

	----------------------------------------------------------------------------------------------
	   Step    Total Energy     Delta E     Max Force     RMS Force      Max Disp      RMS Disp   
	----------------------------------------------------------------------------------------------
	  Convergence Criteria     1.00e-06 *    3.00e-04 *             o    1.20e-03 *             o
	----------------------------------------------------------------------------------------------
	    18    -364.48811028   -5.35e-04      6.92e-04      6.92e-04 o    3.05e-01      3.05e-01 o  ~
	----------------------------------------------------------------------------------------------


2025-12-23:11:10:13,546 INFO     [psi4.optking.stepAlgorithms:296] 	Convergence check returned False
2025-12-23:11:10:13,557 INFO     [psi4.driver.task_planner:259] PLANNING Atomic:  keywords={'DAMPING_PERCENTAGE': 1.0, 'GEOM_MAXITER': 500, 'SCF__GUESS': 'READ', 'GUESS': 'SAP', 'MAXITER': 500, 'REFERENCE': 'UKS', 'function_kwargs': {}}
2025-12-23:11:10:13,558 INFO     [psi4.driver.driver:638] Compute gradient(): method=b3lyp, basis=cc-pvdz, molecule=default, nre=14.738783740144621
2025-12-23:11:10:14,75 INFO     [psi4.driver.driver:641] Return gradient(): -364.4882632064316
2025-12-23:11:10:14,75 INFO     [psi4.driver.driver:642] [[ 0.00000000  0.00000000 -0.00031902]
 [ 0.00000000 -0.00000000  0.00031709]]
2025-12-23:11:10:14,77 INFO     [psi4.optking.history:269] 	Performing BFGS update.
2025-12-23:11:10:14,77 INFO     [psi4.optking.history:280] 	Using 4 previous steps for update.
2025-12-23:11:10:14,77 WARNING  [psi4.optking.history:301] 	Change in internal coordinate of 7.78e-01 exceeds limit of 5.00e-01.
2025-12-23:11:10:14,77 WARNING  [psi4.optking.history:306] 	Skipping Hessian update for step 17.
2025-12-23:11:10:14,77 WARNING  [psi4.optking.history:301] 	Change in internal coordinate of 7.85e-01 exceeds limit of 5.00e-01.
2025-12-23:11:10:14,77 WARNING  [psi4.optking.history:306] 	Skipping Hessian update for step 16.
2025-12-23:11:10:14,77 WARNING  [psi4.optking.history:301] 	Change in internal coordinate of 1.30e+00 exceeds limit of 5.00e-01.
2025-12-23:11:10:14,77 WARNING  [psi4.optking.history:306] 	Skipping Hessian update for step 15.
2025-12-23:11:10:14,77 WARNING  [psi4.optking.history:301] 	Change in internal coordinate of 1.32e+00 exceeds limit of 5.00e-01.
2025-12-23:11:10:14,77 WARNING  [psi4.optking.history:306] 	Skipping Hessian update for step 14.
2025-12-23:11:10:14,77 WARNING  [psi4.optking.history:301] 	Change in internal coordinate of 1.86e+00 exceeds limit of 5.00e-01.
2025-12-23:11:10:14,77 WARNING  [psi4.optking.history:306] 	Skipping Hessian update for step 13.
2025-12-23:11:10:14,77 WARNING  [psi4.optking.history:301] 	Change in internal coordinate of 1.88e+00 exceeds limit of 5.00e-01.
2025-12-23:11:10:14,77 WARNING  [psi4.optking.history:306] 	Skipping Hessian update for step 12.
2025-12-23:11:10:14,77 WARNING  [psi4.optking.history:301] 	Change in internal coordinate of 2.45e+00 exceeds limit of 5.00e-01.
2025-12-23:11:10:14,77 WARNING  [psi4.optking.history:306] 	Skipping Hessian update for step 11.
2025-12-23:11:10:14,78 WARNING  [psi4.optking.history:301] 	Change in internal coordinate of 2.50e+00 exceeds limit of 5.00e-01.
2025-12-23:11:10:14,78 WARNING  [psi4.optking.history:306] 	Skipping Hessian update for step 10.
2025-12-23:11:10:14,78 WARNING  [psi4.optking.history:301] 	Change in internal coordinate of 3.13e+00 exceeds limit of 5.00e-01.
2025-12-23:11:10:14,78 WARNING  [psi4.optking.history:306] 	Skipping Hessian update for step 9.
2025-12-23:11:10:14,78 WARNING  [psi4.optking.history:301] 	Change in internal coordinate of 3.21e+00 exceeds limit of 5.00e-01.
2025-12-23:11:10:14,78 WARNING  [psi4.optking.history:306] 	Skipping Hessian update for step 8.
2025-12-23:11:10:14,78 WARNING  [psi4.optking.history:301] 	Change in internal coordinate of 3.78e+00 exceeds limit of 5.00e-01.
2025-12-23:11:10:14,78 WARNING  [psi4.optking.history:306] 	Skipping Hessian update for step 7.
2025-12-23:11:10:14,78 WARNING  [psi4.optking.history:301] 	Change in internal coordinate of 4.13e+00 exceeds limit of 5.00e-01.
2025-12-23:11:10:14,78 WARNING  [psi4.optking.history:306] 	Skipping Hessian update for step 6.
2025-12-23:11:10:14,78 WARNING  [psi4.optking.history:301] 	Change in internal coordinate of 4.50e+00 exceeds limit of 5.00e-01.
2025-12-23:11:10:14,78 WARNING  [psi4.optking.history:306] 	Skipping Hessian update for step 5.
2025-12-23:11:10:14,78 WARNING  [psi4.optking.history:301] 	Change in internal coordinate of 4.69e+00 exceeds limit of 5.00e-01.
2025-12-23:11:10:14,78 WARNING  [psi4.optking.history:306] 	Skipping Hessian update for step 4.
2025-12-23:11:10:14,78 WARNING  [psi4.optking.history:301] 	Change in internal coordinate of 4.85e+00 exceeds limit of 5.00e-01.
2025-12-23:11:10:14,78 WARNING  [psi4.optking.history:306] 	Skipping Hessian update for step 3.
2025-12-23:11:10:14,78 WARNING  [psi4.optking.history:301] 	Change in internal coordinate of 5.10e+00 exceeds limit of 5.00e-01.
2025-12-23:11:10:14,78 WARNING  [psi4.optking.history:306] 	Skipping Hessian update for step 2.
2025-12-23:11:10:14,78 WARNING  [psi4.optking.history:301] 	Change in internal coordinate of 5.33e+00 exceeds limit of 5.00e-01.
2025-12-23:11:10:14,78 WARNING  [psi4.optking.history:306] 	Skipping Hessian update for step 1.
2025-12-23:11:10:14,78 INFO     [psi4.optking.history:317] 	Steps to be used in Hessian update:  18

2025-12-23:11:10:14,78 INFO     [psi4.optking.history:418] 	Updated Hessian (in au) 
 	   0.001225

2025-12-23:11:10:14,78 INFO     [psi4.optking.molsys:944] Projected (PHP) Hessian matrix
	   0.001225

2025-12-23:11:10:14,78 INFO     [psi4.optking.opt_helper:182] 
	         Geometry (au)                                       Gradient (au)
   0.0000000000   0.0000000000   4.8348357874		   0.0000000000   0.0000000000  -0.0003190181
   0.0000000000   0.0000000000  -2.7641630157		   0.0000000000  -0.0000000000   0.0003170949

2025-12-23:11:10:14,78 INFO     [psi4.optking.stepAlgorithms:368] 	Current Step Report 
 
	Current energy:      -364.4882632064
	Energy change for the previous step:
		Actual       :        -0.0001529215
		Projected    :        -0.0001057361

2025-12-23:11:10:14,78 INFO     [psi4.optking.stepAlgorithms:371] 	Energy ratio =    1.44626
2025-12-23:11:10:14,78 INFO     [psi4.optking.stepAlgorithms:929] 	Using RFO solution 1.
2025-12-23:11:10:14,79 INFO     [psi4.optking.displace:100] 	Determining Cartesian step for fragment 1.
2025-12-23:11:10:14,79 INFO     [psi4.optking.displace:415] 	Successfully converged to displaced geometry.
2025-12-23:11:10:14,79 INFO     [psi4.optking.displace:416] 	RMS(dx):  0.000e+00 	Max(dx):  0.000e+00 	RMS(dq):  0.000e+00
2025-12-23:11:10:14,79 INFO     [psi4.optking.displace:172] 

	        --- Internal Coordinate Step in ANG or DEG, aJ/ANG or AJ/DEG ---
	-------------------------------------------------------------------------------
	           Coordinate      Previous         Force          Change          New 
	           ----------      --------        ------          ------        ------
	               R(1,2)       4.02122        0.00262        0.12917       4.15039
	-------------------------------------------------------------------------------

2025-12-23:11:10:14,79 INFO     [psi4.optking.stepAlgorithms:113] 	|target step| :    0.2441022413
2025-12-23:11:10:14,79 INFO     [psi4.optking.stepAlgorithms:114] 	gradient     :   -0.0003180565
2025-12-23:11:10:14,79 INFO     [psi4.optking.stepAlgorithms:115] 	hessian      :    0.0012253259
2025-12-23:11:10:14,79 INFO     [psi4.optking.stepAlgorithms:113] 	|target step| :    0.2441022413
2025-12-23:11:10:14,79 INFO     [psi4.optking.stepAlgorithms:114] 	gradient     :   -0.0003180565
2025-12-23:11:10:14,79 INFO     [psi4.optking.stepAlgorithms:115] 	hessian      :    0.0012253259
2025-12-23:11:10:14,79 INFO     [psi4.optking.stepAlgorithms:206] 	Norm of achieved step-size    0.2441022413
2025-12-23:11:10:14,79 INFO     [psi4.optking.stepAlgorithms:208] 	Norm of achieved step-size (cart):    0.1726063501
2025-12-23:11:10:14,79 INFO     [psi4.optking.opt_helper:164] Molsys:

	                            ===> Fragment 1 <== 

	 Z (Atomic Numbers)          Masses                          Geom                  
	       8.000000            15.994915          0.00000000  0.00000000  4.95688691   
	      14.000000            27.976927          0.00000000  0.00000000 -2.88621414   

	 - Coordinate -           - BOHR/RAD -       - ANG/DEG -
	 R(1,2)           =         7.843101           4.150390

2025-12-23:11:10:14,79 INFO     [psi4.optking.convcheck:76] Performing convergence check.
2025-12-23:11:10:14,79 INFO     [psi4.optking.convcheck:282] 
	                                 ==> Convergence Check <==                                  
    
	Measures of convergence in internal coordinates in au.
    
	Criteria marked as inactive (o), active & met (*), and active & unmet ( ).

	----------------------------------------------------------------------------------------------
	   Step    Total Energy     Delta E     Max Force     RMS Force      Max Disp      RMS Disp   
	----------------------------------------------------------------------------------------------
	  Convergence Criteria     1.00e-06 *    3.00e-04 *             o    1.20e-03 *             o
	----------------------------------------------------------------------------------------------
	    19    -364.48826321   -1.53e-04      3.18e-04      3.18e-04 o    2.44e-01      2.44e-01 o  ~
	----------------------------------------------------------------------------------------------


2025-12-23:11:10:14,79 INFO     [psi4.optking.stepAlgorithms:296] 	Convergence check returned False
2025-12-23:11:10:14,90 INFO     [psi4.driver.task_planner:259] PLANNING Atomic:  keywords={'DAMPING_PERCENTAGE': 1.0, 'GEOM_MAXITER': 500, 'SCF__GUESS': 'READ', 'GUESS': 'SAP', 'MAXITER': 500, 'REFERENCE': 'UKS', 'function_kwargs': {}}
2025-12-23:11:10:14,92 INFO     [psi4.driver.driver:638] Compute gradient(): method=b3lyp, basis=cc-pvdz, molecule=default, nre=14.280065928817265
2025-12-23:11:10:14,649 INFO     [psi4.driver.driver:641] Return gradient(): -364.4883174362489
2025-12-23:11:10:14,650 INFO     [psi4.driver.driver:642] [[-0.00000000  0.00000000 -0.00010348]
 [-0.00000000  0.00000000  0.00011886]]
2025-12-23:11:10:14,651 INFO     [psi4.optking.history:269] 	Performing BFGS update.
2025-12-23:11:10:14,651 INFO     [psi4.optking.history:280] 	Using 4 previous steps for update.
2025-12-23:11:10:14,651 WARNING  [psi4.optking.history:301] 	Change in internal coordinate of 5.50e-01 exceeds limit of 5.00e-01.
2025-12-23:11:10:14,651 WARNING  [psi4.optking.history:306] 	Skipping Hessian update for step 18.
2025-12-23:11:10:14,651 WARNING  [psi4.optking.history:301] 	Change in internal coordinate of 1.02e+00 exceeds limit of 5.00e-01.
2025-12-23:11:10:14,651 WARNING  [psi4.optking.history:306] 	Skipping Hessian update for step 17.
2025-12-23:11:10:14,651 WARNING  [psi4.optking.history:301] 	Change in internal coordinate of 1.03e+00 exceeds limit of 5.00e-01.
2025-12-23:11:10:14,651 WARNING  [psi4.optking.history:306] 	Skipping Hessian update for step 16.
2025-12-23:11:10:14,651 WARNING  [psi4.optking.history:301] 	Change in internal coordinate of 1.55e+00 exceeds limit of 5.00e-01.
2025-12-23:11:10:14,651 WARNING  [psi4.optking.history:306] 	Skipping Hessian update for step 15.
2025-12-23:11:10:14,652 WARNING  [psi4.optking.history:301] 	Change in internal coordinate of 1.56e+00 exceeds limit of 5.00e-01.
2025-12-23:11:10:14,652 WARNING  [psi4.optking.history:306] 	Skipping Hessian update for step 14.
2025-12-23:11:10:14,652 WARNING  [psi4.optking.history:301] 	Change in internal coordinate of 2.10e+00 exceeds limit of 5.00e-01.
2025-12-23:11:10:14,652 WARNING  [psi4.optking.history:306] 	Skipping Hessian update for step 13.
2025-12-23:11:10:14,652 WARNING  [psi4.optking.history:301] 	Change in internal coordinate of 2.13e+00 exceeds limit of 5.00e-01.
2025-12-23:11:10:14,652 WARNING  [psi4.optking.history:306] 	Skipping Hessian update for step 12.
2025-12-23:11:10:14,652 WARNING  [psi4.optking.history:301] 	Change in internal coordinate of 2.70e+00 exceeds limit of 5.00e-01.
2025-12-23:11:10:14,652 WARNING  [psi4.optking.history:306] 	Skipping Hessian update for step 11.
2025-12-23:11:10:14,652 WARNING  [psi4.optking.history:301] 	Change in internal coordinate of 2.74e+00 exceeds limit of 5.00e-01.
2025-12-23:11:10:14,652 WARNING  [psi4.optking.history:306] 	Skipping Hessian update for step 10.
2025-12-23:11:10:14,652 WARNING  [psi4.optking.history:301] 	Change in internal coordinate of 3.38e+00 exceeds limit of 5.00e-01.
2025-12-23:11:10:14,652 WARNING  [psi4.optking.history:306] 	Skipping Hessian update for step 9.
2025-12-23:11:10:14,652 WARNING  [psi4.optking.history:301] 	Change in internal coordinate of 3.45e+00 exceeds limit of 5.00e-01.
2025-12-23:11:10:14,652 WARNING  [psi4.optking.history:306] 	Skipping Hessian update for step 8.
2025-12-23:11:10:14,652 WARNING  [psi4.optking.history:301] 	Change in internal coordinate of 4.03e+00 exceeds limit of 5.00e-01.
2025-12-23:11:10:14,652 WARNING  [psi4.optking.history:306] 	Skipping Hessian update for step 7.
2025-12-23:11:10:14,652 WARNING  [psi4.optking.history:301] 	Change in internal coordinate of 4.37e+00 exceeds limit of 5.00e-01.
2025-12-23:11:10:14,652 WARNING  [psi4.optking.history:306] 	Skipping Hessian update for step 6.
2025-12-23:11:10:14,652 WARNING  [psi4.optking.history:301] 	Change in internal coordinate of 4.74e+00 exceeds limit of 5.00e-01.
2025-12-23:11:10:14,652 WARNING  [psi4.optking.history:306] 	Skipping Hessian update for step 5.
2025-12-23:11:10:14,652 WARNING  [psi4.optking.history:301] 	Change in internal coordinate of 4.93e+00 exceeds limit of 5.00e-01.
2025-12-23:11:10:14,652 WARNING  [psi4.optking.history:306] 	Skipping Hessian update for step 4.
2025-12-23:11:10:14,652 WARNING  [psi4.optking.history:301] 	Change in internal coordinate of 5.10e+00 exceeds limit of 5.00e-01.
2025-12-23:11:10:14,652 WARNING  [psi4.optking.history:306] 	Skipping Hessian update for step 3.
2025-12-23:11:10:14,652 WARNING  [psi4.optking.history:301] 	Change in internal coordinate of 5.34e+00 exceeds limit of 5.00e-01.
2025-12-23:11:10:14,652 WARNING  [psi4.optking.history:306] 	Skipping Hessian update for step 2.
2025-12-23:11:10:14,652 WARNING  [psi4.optking.history:301] 	Change in internal coordinate of 5.58e+00 exceeds limit of 5.00e-01.
2025-12-23:11:10:14,652 WARNING  [psi4.optking.history:306] 	Skipping Hessian update for step 1.
2025-12-23:11:10:14,652 INFO     [psi4.optking.history:317] 	Steps to be used in Hessian update:  19

2025-12-23:11:10:14,652 INFO     [psi4.optking.history:418] 	Updated Hessian (in au) 
 	   0.000848

2025-12-23:11:10:14,652 INFO     [psi4.optking.molsys:944] Projected (PHP) Hessian matrix
	   0.000848

2025-12-23:11:10:14,652 INFO     [psi4.optking.opt_helper:182] 
	         Geometry (au)                                       Gradient (au)
   0.0000000000   0.0000000000   4.9901449647		  -0.0000000000   0.0000000000  -0.0001034781
   0.0000000000   0.0000000000  -2.8529560797		  -0.0000000000   0.0000000000   0.0001188590

2025-12-23:11:10:14,652 INFO     [psi4.optking.stepAlgorithms:368] 	Current Step Report 
 
	Current energy:      -364.4883174362
	Energy change for the previous step:
		Actual       :        -0.0000542298
		Projected    :        -0.0000388192

2025-12-23:11:10:14,652 INFO     [psi4.optking.stepAlgorithms:371] 	Energy ratio =    1.39699
2025-12-23:11:10:14,653 INFO     [psi4.optking.stepAlgorithms:929] 	Using RFO solution 1.
2025-12-23:11:10:14,653 INFO     [psi4.optking.displace:100] 	Determining Cartesian step for fragment 1.
2025-12-23:11:10:14,653 INFO     [psi4.optking.displace:415] 	Successfully converged to displaced geometry.
2025-12-23:11:10:14,653 INFO     [psi4.optking.displace:416] 	RMS(dx):  0.000e+00 	Max(dx):  0.000e+00 	RMS(dq):  0.000e+00
2025-12-23:11:10:14,653 INFO     [psi4.optking.displace:172] 

	        --- Internal Coordinate Step in ANG or DEG, aJ/ANG or AJ/DEG ---
	-------------------------------------------------------------------------------
	           Coordinate      Previous         Force          Change          New 
	           ----------      --------        ------          ------        ------
	               R(1,2)       4.15039        0.00092        0.06825       4.21865
	-------------------------------------------------------------------------------

2025-12-23:11:10:14,653 INFO     [psi4.optking.stepAlgorithms:113] 	|target step| :    0.1289830378
2025-12-23:11:10:14,653 INFO     [psi4.optking.stepAlgorithms:114] 	gradient     :   -0.0001111686
2025-12-23:11:10:14,653 INFO     [psi4.optking.stepAlgorithms:115] 	hessian      :    0.0008475462
2025-12-23:11:10:14,653 INFO     [psi4.optking.stepAlgorithms:113] 	|target step| :    0.1289830378
2025-12-23:11:10:14,653 INFO     [psi4.optking.stepAlgorithms:114] 	gradient     :   -0.0001111686
2025-12-23:11:10:14,653 INFO     [psi4.optking.stepAlgorithms:115] 	hessian      :    0.0008475462
2025-12-23:11:10:14,653 INFO     [psi4.optking.stepAlgorithms:206] 	Norm of achieved step-size    0.1289830378
2025-12-23:11:10:14,653 INFO     [psi4.optking.stepAlgorithms:208] 	Norm of achieved step-size (cart):    0.0912047807
2025-12-23:11:10:14,653 INFO     [psi4.optking.opt_helper:164] Molsys:

	                            ===> Fragment 1 <== 

	 Z (Atomic Numbers)          Masses                          Geom                  
	       8.000000            15.994915          0.00000000  0.00000000  5.05463648   
	      14.000000            27.976927          0.00000000  0.00000000 -2.91744760   

	 - Coordinate -           - BOHR/RAD -       - ANG/DEG -
	 R(1,2)           =         7.972084           4.218645

2025-12-23:11:10:14,653 INFO     [psi4.optking.convcheck:76] Performing convergence check.
2025-12-23:11:10:14,653 INFO     [psi4.optking.convcheck:282] 
	                                 ==> Convergence Check <==                                  
    
	Measures of convergence in internal coordinates in au.
    
	Criteria marked as inactive (o), active & met (*), and active & unmet ( ).

	----------------------------------------------------------------------------------------------
	   Step    Total Energy     Delta E     Max Force     RMS Force      Max Disp      RMS Disp   
	----------------------------------------------------------------------------------------------
	  Convergence Criteria     1.00e-06 *    3.00e-04 *             o    1.20e-03 *             o
	----------------------------------------------------------------------------------------------
	    20    -364.48831744   -5.42e-05      1.11e-04 *    1.11e-04 o    1.29e-01      1.29e-01 o  ~
	----------------------------------------------------------------------------------------------


2025-12-23:11:10:14,653 INFO     [psi4.optking.stepAlgorithms:296] 	Convergence check returned False
2025-12-23:11:10:14,663 INFO     [psi4.driver.task_planner:259] PLANNING Atomic:  keywords={'DAMPING_PERCENTAGE': 1.0, 'GEOM_MAXITER': 500, 'SCF__GUESS': 'READ', 'GUESS': 'SAP', 'MAXITER': 500, 'REFERENCE': 'UKS', 'function_kwargs': {}}
2025-12-23:11:10:14,665 INFO     [psi4.driver.driver:638] Compute gradient(): method=b3lyp, basis=cc-pvdz, molecule=default, nre=14.049023924651953
2025-12-23:11:10:15,184 INFO     [psi4.driver.driver:641] Return gradient(): -364.4883279978817
2025-12-23:11:10:15,185 INFO     [psi4.driver.driver:642] [[-0.00000000  0.00000000 -0.00002773]
 [ 0.00000000  0.00000000  0.00003666]]
2025-12-23:11:10:15,186 INFO     [psi4.optking.history:269] 	Performing BFGS update.
2025-12-23:11:10:15,186 INFO     [psi4.optking.history:280] 	Using 4 previous steps for update.
2025-12-23:11:10:15,187 WARNING  [psi4.optking.history:301] 	Change in internal coordinate of 6.79e-01 exceeds limit of 5.00e-01.
2025-12-23:11:10:15,187 WARNING  [psi4.optking.history:306] 	Skipping Hessian update for step 18.
2025-12-23:11:10:15,187 WARNING  [psi4.optking.history:301] 	Change in internal coordinate of 1.15e+00 exceeds limit of 5.00e-01.
2025-12-23:11:10:15,187 WARNING  [psi4.optking.history:306] 	Skipping Hessian update for step 17.
2025-12-23:11:10:15,187 WARNING  [psi4.optking.history:301] 	Change in internal coordinate of 1.16e+00 exceeds limit of 5.00e-01.
2025-12-23:11:10:15,187 WARNING  [psi4.optking.history:306] 	Skipping Hessian update for step 16.
2025-12-23:11:10:15,187 WARNING  [psi4.optking.history:301] 	Change in internal coordinate of 1.68e+00 exceeds limit of 5.00e-01.
2025-12-23:11:10:15,187 WARNING  [psi4.optking.history:306] 	Skipping Hessian update for step 15.
2025-12-23:11:10:15,187 WARNING  [psi4.optking.history:301] 	Change in internal coordinate of 1.69e+00 exceeds limit of 5.00e-01.
2025-12-23:11:10:15,187 WARNING  [psi4.optking.history:306] 	Skipping Hessian update for step 14.
2025-12-23:11:10:15,187 WARNING  [psi4.optking.history:301] 	Change in internal coordinate of 2.23e+00 exceeds limit of 5.00e-01.
2025-12-23:11:10:15,187 WARNING  [psi4.optking.history:306] 	Skipping Hessian update for step 13.
2025-12-23:11:10:15,187 WARNING  [psi4.optking.history:301] 	Change in internal coordinate of 2.26e+00 exceeds limit of 5.00e-01.
2025-12-23:11:10:15,187 WARNING  [psi4.optking.history:306] 	Skipping Hessian update for step 12.
2025-12-23:11:10:15,187 WARNING  [psi4.optking.history:301] 	Change in internal coordinate of 2.82e+00 exceeds limit of 5.00e-01.
2025-12-23:11:10:15,187 WARNING  [psi4.optking.history:306] 	Skipping Hessian update for step 11.
2025-12-23:11:10:15,187 WARNING  [psi4.optking.history:301] 	Change in internal coordinate of 2.87e+00 exceeds limit of 5.00e-01.
2025-12-23:11:10:15,187 WARNING  [psi4.optking.history:306] 	Skipping Hessian update for step 10.
2025-12-23:11:10:15,187 WARNING  [psi4.optking.history:301] 	Change in internal coordinate of 3.50e+00 exceeds limit of 5.00e-01.
2025-12-23:11:10:15,187 WARNING  [psi4.optking.history:306] 	Skipping Hessian update for step 9.
2025-12-23:11:10:15,187 WARNING  [psi4.optking.history:301] 	Change in internal coordinate of 3.58e+00 exceeds limit of 5.00e-01.
2025-12-23:11:10:15,187 WARNING  [psi4.optking.history:306] 	Skipping Hessian update for step 8.
2025-12-23:11:10:15,187 WARNING  [psi4.optking.history:301] 	Change in internal coordinate of 4.16e+00 exceeds limit of 5.00e-01.
2025-12-23:11:10:15,187 WARNING  [psi4.optking.history:306] 	Skipping Hessian update for step 7.
2025-12-23:11:10:15,187 WARNING  [psi4.optking.history:301] 	Change in internal coordinate of 4.50e+00 exceeds limit of 5.00e-01.
2025-12-23:11:10:15,187 WARNING  [psi4.optking.history:306] 	Skipping Hessian update for step 6.
2025-12-23:11:10:15,187 WARNING  [psi4.optking.history:301] 	Change in internal coordinate of 4.87e+00 exceeds limit of 5.00e-01.
2025-12-23:11:10:15,187 WARNING  [psi4.optking.history:306] 	Skipping Hessian update for step 5.
2025-12-23:11:10:15,187 WARNING  [psi4.optking.history:301] 	Change in internal coordinate of 5.06e+00 exceeds limit of 5.00e-01.
2025-12-23:11:10:15,187 WARNING  [psi4.optking.history:306] 	Skipping Hessian update for step 4.
2025-12-23:11:10:15,187 WARNING  [psi4.optking.history:301] 	Change in internal coordinate of 5.23e+00 exceeds limit of 5.00e-01.
2025-12-23:11:10:15,187 WARNING  [psi4.optking.history:306] 	Skipping Hessian update for step 3.
2025-12-23:11:10:15,187 WARNING  [psi4.optking.history:301] 	Change in internal coordinate of 5.47e+00 exceeds limit of 5.00e-01.
2025-12-23:11:10:15,187 WARNING  [psi4.optking.history:306] 	Skipping Hessian update for step 2.
2025-12-23:11:10:15,187 WARNING  [psi4.optking.history:301] 	Change in internal coordinate of 5.70e+00 exceeds limit of 5.00e-01.
2025-12-23:11:10:15,187 WARNING  [psi4.optking.history:306] 	Skipping Hessian update for step 1.
2025-12-23:11:10:15,187 INFO     [psi4.optking.history:317] 	Steps to be used in Hessian update:  20 19

2025-12-23:11:10:15,188 INFO     [psi4.optking.history:418] 	Updated Hessian (in au) 
 	   0.000766

2025-12-23:11:10:15,188 INFO     [psi4.optking.molsys:944] Projected (PHP) Hessian matrix
	   0.000766

2025-12-23:11:10:15,188 INFO     [psi4.optking.opt_helper:182] 
	         Geometry (au)                                       Gradient (au)
   0.0000000000   0.0000000000   5.0722099608		  -0.0000000000   0.0000000000  -0.0000277349
   0.0000000000   0.0000000000  -2.8998741214		   0.0000000000   0.0000000000   0.0000366585

2025-12-23:11:10:15,188 INFO     [psi4.optking.stepAlgorithms:368] 	Current Step Report 
 
	Current energy:      -364.4883279979
	Energy change for the previous step:
		Actual       :        -0.0000105616
		Projected    :        -0.0000071694

2025-12-23:11:10:15,188 INFO     [psi4.optking.stepAlgorithms:371] 	Energy ratio =    1.47315
2025-12-23:11:10:15,188 INFO     [psi4.optking.stepAlgorithms:929] 	Using RFO solution 1.
2025-12-23:11:10:15,188 INFO     [psi4.optking.displace:100] 	Determining Cartesian step for fragment 1.
2025-12-23:11:10:15,188 INFO     [psi4.optking.displace:415] 	Successfully converged to displaced geometry.
2025-12-23:11:10:15,188 INFO     [psi4.optking.displace:416] 	RMS(dx):  0.000e+00 	Max(dx):  0.000e+00 	RMS(dq):  0.000e+00
2025-12-23:11:10:15,188 INFO     [psi4.optking.displace:172] 

	        --- Internal Coordinate Step in ANG or DEG, aJ/ANG or AJ/DEG ---
	-------------------------------------------------------------------------------
	           Coordinate      Previous         Force          Change          New 
	           ----------      --------        ------          ------        ------
	               R(1,2)       4.21865        0.00027        0.02220       4.24084
	-------------------------------------------------------------------------------

2025-12-23:11:10:15,188 INFO     [psi4.optking.stepAlgorithms:113] 	|target step| :    0.0419470834
2025-12-23:11:10:15,188 INFO     [psi4.optking.stepAlgorithms:114] 	gradient     :   -0.0000321967
2025-12-23:11:10:15,188 INFO     [psi4.optking.stepAlgorithms:115] 	hessian      :    0.0007662049
2025-12-23:11:10:15,188 INFO     [psi4.optking.stepAlgorithms:113] 	|target step| :    0.0419470834
2025-12-23:11:10:15,188 INFO     [psi4.optking.stepAlgorithms:114] 	gradient     :   -0.0000321967
2025-12-23:11:10:15,188 INFO     [psi4.optking.stepAlgorithms:115] 	hessian      :    0.0007662049
2025-12-23:11:10:15,188 INFO     [psi4.optking.stepAlgorithms:206] 	Norm of achieved step-size    0.0419470834
2025-12-23:11:10:15,188 INFO     [psi4.optking.stepAlgorithms:208] 	Norm of achieved step-size (cart):    0.0296610671
2025-12-23:11:10:15,189 INFO     [psi4.optking.opt_helper:164] Molsys:

	                            ===> Fragment 1 <== 

	 Z (Atomic Numbers)          Masses                          Geom                  
	       8.000000            15.994915          0.00000000  0.00000000  5.09318350   
	      14.000000            27.976927          0.00000000  0.00000000 -2.92084766   

	 - Coordinate -           - BOHR/RAD -       - ANG/DEG -
	 R(1,2)           =         8.014031           4.240843

2025-12-23:11:10:15,189 INFO     [psi4.optking.convcheck:76] Performing convergence check.
2025-12-23:11:10:15,189 INFO     [psi4.optking.convcheck:282] 
	                                 ==> Convergence Check <==                                  
    
	Measures of convergence in internal coordinates in au.
    
	Criteria marked as inactive (o), active & met (*), and active & unmet ( ).

	----------------------------------------------------------------------------------------------
	   Step    Total Energy     Delta E     Max Force     RMS Force      Max Disp      RMS Disp   
	----------------------------------------------------------------------------------------------
	  Convergence Criteria     1.00e-06 *    3.00e-04 *             o    1.20e-03 *             o
	----------------------------------------------------------------------------------------------
	    21    -364.48832800   -1.06e-05      3.22e-05 *    3.22e-05 o    4.19e-02      4.19e-02 o  ~
	----------------------------------------------------------------------------------------------


2025-12-23:11:10:15,189 INFO     [psi4.optking.stepAlgorithms:296] 	Convergence check returned False
2025-12-23:11:10:15,199 INFO     [psi4.driver.task_planner:259] PLANNING Atomic:  keywords={'DAMPING_PERCENTAGE': 1.0, 'GEOM_MAXITER': 500, 'SCF__GUESS': 'READ', 'GUESS': 'SAP', 'MAXITER': 500, 'REFERENCE': 'UKS', 'function_kwargs': {}}
2025-12-23:11:10:15,200 INFO     [psi4.driver.driver:638] Compute gradient(): method=b3lyp, basis=cc-pvdz, molecule=default, nre=13.975488450925084
2025-12-23:11:10:15,689 INFO     [psi4.driver.driver:641] Return gradient(): -364.4883294489894
2025-12-23:11:10:15,689 INFO     [psi4.driver.driver:642] [[-0.00000000  0.00000000 -0.00000738]
 [ 0.00000000  0.00000000  0.00001327]]
2025-12-23:11:10:15,691 INFO     [psi4.optking.history:269] 	Performing BFGS update.
2025-12-23:11:10:15,691 INFO     [psi4.optking.history:280] 	Using 4 previous steps for update.
2025-12-23:11:10:15,691 WARNING  [psi4.optking.history:301] 	Change in internal coordinate of 7.20e-01 exceeds limit of 5.00e-01.
2025-12-23:11:10:15,691 WARNING  [psi4.optking.history:306] 	Skipping Hessian update for step 18.
2025-12-23:11:10:15,691 WARNING  [psi4.optking.history:301] 	Change in internal coordinate of 1.19e+00 exceeds limit of 5.00e-01.
2025-12-23:11:10:15,691 WARNING  [psi4.optking.history:306] 	Skipping Hessian update for step 17.
2025-12-23:11:10:15,691 WARNING  [psi4.optking.history:301] 	Change in internal coordinate of 1.20e+00 exceeds limit of 5.00e-01.
2025-12-23:11:10:15,691 WARNING  [psi4.optking.history:306] 	Skipping Hessian update for step 16.
2025-12-23:11:10:15,691 WARNING  [psi4.optking.history:301] 	Change in internal coordinate of 1.72e+00 exceeds limit of 5.00e-01.
2025-12-23:11:10:15,691 WARNING  [psi4.optking.history:306] 	Skipping Hessian update for step 15.
2025-12-23:11:10:15,691 WARNING  [psi4.optking.history:301] 	Change in internal coordinate of 1.73e+00 exceeds limit of 5.00e-01.
2025-12-23:11:10:15,691 WARNING  [psi4.optking.history:306] 	Skipping Hessian update for step 14.
2025-12-23:11:10:15,691 WARNING  [psi4.optking.history:301] 	Change in internal coordinate of 2.27e+00 exceeds limit of 5.00e-01.
2025-12-23:11:10:15,692 WARNING  [psi4.optking.history:306] 	Skipping Hessian update for step 13.
2025-12-23:11:10:15,692 WARNING  [psi4.optking.history:301] 	Change in internal coordinate of 2.30e+00 exceeds limit of 5.00e-01.
2025-12-23:11:10:15,692 WARNING  [psi4.optking.history:306] 	Skipping Hessian update for step 12.
2025-12-23:11:10:15,692 WARNING  [psi4.optking.history:301] 	Change in internal coordinate of 2.87e+00 exceeds limit of 5.00e-01.
2025-12-23:11:10:15,692 WARNING  [psi4.optking.history:306] 	Skipping Hessian update for step 11.
2025-12-23:11:10:15,692 WARNING  [psi4.optking.history:301] 	Change in internal coordinate of 2.91e+00 exceeds limit of 5.00e-01.
2025-12-23:11:10:15,692 WARNING  [psi4.optking.history:306] 	Skipping Hessian update for step 10.
2025-12-23:11:10:15,692 WARNING  [psi4.optking.history:301] 	Change in internal coordinate of 3.55e+00 exceeds limit of 5.00e-01.
2025-12-23:11:10:15,692 WARNING  [psi4.optking.history:306] 	Skipping Hessian update for step 9.
2025-12-23:11:10:15,692 WARNING  [psi4.optking.history:301] 	Change in internal coordinate of 3.62e+00 exceeds limit of 5.00e-01.
2025-12-23:11:10:15,692 WARNING  [psi4.optking.history:306] 	Skipping Hessian update for step 8.
2025-12-23:11:10:15,692 WARNING  [psi4.optking.history:301] 	Change in internal coordinate of 4.20e+00 exceeds limit of 5.00e-01.
2025-12-23:11:10:15,692 WARNING  [psi4.optking.history:306] 	Skipping Hessian update for step 7.
2025-12-23:11:10:15,692 WARNING  [psi4.optking.history:301] 	Change in internal coordinate of 4.54e+00 exceeds limit of 5.00e-01.
2025-12-23:11:10:15,692 WARNING  [psi4.optking.history:306] 	Skipping Hessian update for step 6.
2025-12-23:11:10:15,692 WARNING  [psi4.optking.history:301] 	Change in internal coordinate of 4.91e+00 exceeds limit of 5.00e-01.
2025-12-23:11:10:15,692 WARNING  [psi4.optking.history:306] 	Skipping Hessian update for step 5.
2025-12-23:11:10:15,692 WARNING  [psi4.optking.history:301] 	Change in internal coordinate of 5.10e+00 exceeds limit of 5.00e-01.
2025-12-23:11:10:15,692 WARNING  [psi4.optking.history:306] 	Skipping Hessian update for step 4.
2025-12-23:11:10:15,692 WARNING  [psi4.optking.history:301] 	Change in internal coordinate of 5.27e+00 exceeds limit of 5.00e-01.
2025-12-23:11:10:15,692 WARNING  [psi4.optking.history:306] 	Skipping Hessian update for step 3.
2025-12-23:11:10:15,692 WARNING  [psi4.optking.history:301] 	Change in internal coordinate of 5.51e+00 exceeds limit of 5.00e-01.
2025-12-23:11:10:15,692 WARNING  [psi4.optking.history:306] 	Skipping Hessian update for step 2.
2025-12-23:11:10:15,692 WARNING  [psi4.optking.history:301] 	Change in internal coordinate of 5.75e+00 exceeds limit of 5.00e-01.
2025-12-23:11:10:15,692 WARNING  [psi4.optking.history:306] 	Skipping Hessian update for step 1.
2025-12-23:11:10:15,692 INFO     [psi4.optking.history:317] 	Steps to be used in Hessian update:  21 20 19

2025-12-23:11:10:15,692 INFO     [psi4.optking.history:418] 	Updated Hessian (in au) 
 	   0.000741

2025-12-23:11:10:15,692 INFO     [psi4.optking.molsys:944] Projected (PHP) Hessian matrix
	   0.000741

2025-12-23:11:10:15,692 INFO     [psi4.optking.opt_helper:182] 
	         Geometry (au)                                       Gradient (au)
   0.0000000000   0.0000000000   5.0988986424		  -0.0000000000   0.0000000000  -0.0000073792
   0.0000000000   0.0000000000  -2.9151325232		   0.0000000000   0.0000000000   0.0000132692

2025-12-23:11:10:15,692 INFO     [psi4.optking.stepAlgorithms:368] 	Current Step Report 
 
	Current energy:      -364.4883294490
	Energy change for the previous step:
		Actual       :        -0.0000014511
		Projected    :        -0.0000006753

2025-12-23:11:10:15,692 INFO     [psi4.optking.stepAlgorithms:371] 	Energy ratio =    2.14890
2025-12-23:11:10:15,693 INFO     [psi4.optking.stepAlgorithms:929] 	Using RFO solution 1.
2025-12-23:11:10:15,693 INFO     [psi4.optking.displace:100] 	Determining Cartesian step for fragment 1.
2025-12-23:11:10:15,693 INFO     [psi4.optking.displace:415] 	Successfully converged to displaced geometry.
2025-12-23:11:10:15,693 INFO     [psi4.optking.displace:416] 	RMS(dx):  5.128e-16 	Max(dx):  8.882e-16 	RMS(dq):  1.776e-15
2025-12-23:11:10:15,693 INFO     [psi4.optking.displace:172] 

	        --- Internal Coordinate Step in ANG or DEG, aJ/ANG or AJ/DEG ---
	-------------------------------------------------------------------------------
	           Coordinate      Previous         Force          Change          New 
	           ----------      --------        ------          ------        ------
	               R(1,2)       4.24084        0.00009        0.00737       4.24821
	-------------------------------------------------------------------------------

2025-12-23:11:10:15,693 INFO     [psi4.optking.stepAlgorithms:113] 	|target step| :    0.0139213096
2025-12-23:11:10:15,693 INFO     [psi4.optking.stepAlgorithms:114] 	gradient     :   -0.0000103242
2025-12-23:11:10:15,693 INFO     [psi4.optking.stepAlgorithms:115] 	hessian      :    0.0007414658
2025-12-23:11:10:15,693 INFO     [psi4.optking.stepAlgorithms:113] 	|target step| :    0.0139213096
2025-12-23:11:10:15,693 INFO     [psi4.optking.stepAlgorithms:114] 	gradient     :   -0.0000103242
2025-12-23:11:10:15,693 INFO     [psi4.optking.stepAlgorithms:115] 	hessian      :    0.0007414658
2025-12-23:11:10:15,693 INFO     [psi4.optking.stepAlgorithms:206] 	Norm of achieved step-size    0.0139213096
2025-12-23:11:10:15,693 INFO     [psi4.optking.stepAlgorithms:208] 	Norm of achieved step-size (cart):    0.0098438524
2025-12-23:11:10:15,693 INFO     [psi4.optking.opt_helper:164] Molsys:

	                            ===> Fragment 1 <== 

	 Z (Atomic Numbers)          Masses                          Geom                  
	       8.000000            15.994915          0.00000000  0.00000000  5.10585930   
	      14.000000            27.976927          0.00000000  0.00000000 -2.92209318   

	 - Coordinate -           - BOHR/RAD -       - ANG/DEG -
	 R(1,2)           =         8.027952           4.248209

2025-12-23:11:10:15,693 INFO     [psi4.optking.convcheck:76] Performing convergence check.
2025-12-23:11:10:15,693 INFO     [psi4.optking.convcheck:282] 
	                                 ==> Convergence Check <==                                  
    
	Measures of convergence in internal coordinates in au.
    
	Criteria marked as inactive (o), active & met (*), and active & unmet ( ).

	----------------------------------------------------------------------------------------------
	   Step    Total Energy     Delta E     Max Force     RMS Force      Max Disp      RMS Disp   
	----------------------------------------------------------------------------------------------
	  Convergence Criteria     1.00e-06 *    3.00e-04 *             o    1.20e-03 *             o
	----------------------------------------------------------------------------------------------
	    22    -364.48832945   -1.45e-06      1.03e-05 *    1.03e-05 o    1.39e-02      1.39e-02 o  ~
	----------------------------------------------------------------------------------------------


2025-12-23:11:10:15,694 INFO     [psi4.optking.stepAlgorithms:296] 	Convergence check returned False
2025-12-23:11:10:15,703 INFO     [psi4.driver.task_planner:259] PLANNING Atomic:  keywords={'DAMPING_PERCENTAGE': 1.0, 'GEOM_MAXITER': 500, 'SCF__GUESS': 'READ', 'GUESS': 'SAP', 'MAXITER': 500, 'REFERENCE': 'UKS', 'function_kwargs': {}}
2025-12-23:11:10:15,704 INFO     [psi4.driver.driver:638] Compute gradient(): method=b3lyp, basis=cc-pvdz, molecule=default, nre=13.951253491608938
2025-12-23:11:10:16,243 INFO     [psi4.driver.driver:641] Return gradient(): -364.48832974287393
2025-12-23:11:10:16,244 INFO     [psi4.driver.driver:642] [[ 0.00000000  0.00000000 -0.00000076]
 [ 0.00000000  0.00000000  0.00000596]]
2025-12-23:11:10:16,245 INFO     [psi4.optking.history:269] 	Performing BFGS update.
2025-12-23:11:10:16,245 INFO     [psi4.optking.history:280] 	Using 4 previous steps for update.
2025-12-23:11:10:16,245 WARNING  [psi4.optking.history:297] 	Denominators (dg)(dq) or (dq)(dq) are very small.
2025-12-23:11:10:16,245 WARNING  [psi4.optking.history:298] 	Skipping Hessian update for step 22.
2025-12-23:11:10:16,245 WARNING  [psi4.optking.history:301] 	Change in internal coordinate of 7.34e-01 exceeds limit of 5.00e-01.
2025-12-23:11:10:16,245 WARNING  [psi4.optking.history:306] 	Skipping Hessian update for step 18.
2025-12-23:11:10:16,246 WARNING  [psi4.optking.history:301] 	Change in internal coordinate of 1.21e+00 exceeds limit of 5.00e-01.
2025-12-23:11:10:16,246 WARNING  [psi4.optking.history:306] 	Skipping Hessian update for step 17.
2025-12-23:11:10:16,246 WARNING  [psi4.optking.history:301] 	Change in internal coordinate of 1.21e+00 exceeds limit of 5.00e-01.
2025-12-23:11:10:16,246 WARNING  [psi4.optking.history:306] 	Skipping Hessian update for step 16.
2025-12-23:11:10:16,246 WARNING  [psi4.optking.history:301] 	Change in internal coordinate of 1.73e+00 exceeds limit of 5.00e-01.
2025-12-23:11:10:16,246 WARNING  [psi4.optking.history:306] 	Skipping Hessian update for step 15.
2025-12-23:11:10:16,246 WARNING  [psi4.optking.history:301] 	Change in internal coordinate of 1.75e+00 exceeds limit of 5.00e-01.
2025-12-23:11:10:16,246 WARNING  [psi4.optking.history:306] 	Skipping Hessian update for step 14.
2025-12-23:11:10:16,246 WARNING  [psi4.optking.history:301] 	Change in internal coordinate of 2.29e+00 exceeds limit of 5.00e-01.
2025-12-23:11:10:16,246 WARNING  [psi4.optking.history:306] 	Skipping Hessian update for step 13.
2025-12-23:11:10:16,246 WARNING  [psi4.optking.history:301] 	Change in internal coordinate of 2.31e+00 exceeds limit of 5.00e-01.
2025-12-23:11:10:16,246 WARNING  [psi4.optking.history:306] 	Skipping Hessian update for step 12.
2025-12-23:11:10:16,246 WARNING  [psi4.optking.history:301] 	Change in internal coordinate of 2.88e+00 exceeds limit of 5.00e-01.
2025-12-23:11:10:16,246 WARNING  [psi4.optking.history:306] 	Skipping Hessian update for step 11.
2025-12-23:11:10:16,246 WARNING  [psi4.optking.history:301] 	Change in internal coordinate of 2.93e+00 exceeds limit of 5.00e-01.
2025-12-23:11:10:16,246 WARNING  [psi4.optking.history:306] 	Skipping Hessian update for step 10.
2025-12-23:11:10:16,246 WARNING  [psi4.optking.history:301] 	Change in internal coordinate of 3.56e+00 exceeds limit of 5.00e-01.
2025-12-23:11:10:16,246 WARNING  [psi4.optking.history:306] 	Skipping Hessian update for step 9.
2025-12-23:11:10:16,246 WARNING  [psi4.optking.history:301] 	Change in internal coordinate of 3.63e+00 exceeds limit of 5.00e-01.
2025-12-23:11:10:16,246 WARNING  [psi4.optking.history:306] 	Skipping Hessian update for step 8.
2025-12-23:11:10:16,246 WARNING  [psi4.optking.history:301] 	Change in internal coordinate of 4.21e+00 exceeds limit of 5.00e-01.
2025-12-23:11:10:16,246 WARNING  [psi4.optking.history:306] 	Skipping Hessian update for step 7.
2025-12-23:11:10:16,246 WARNING  [psi4.optking.history:301] 	Change in internal coordinate of 4.56e+00 exceeds limit of 5.00e-01.
2025-12-23:11:10:16,246 WARNING  [psi4.optking.history:306] 	Skipping Hessian update for step 6.
2025-12-23:11:10:16,246 WARNING  [psi4.optking.history:301] 	Change in internal coordinate of 4.93e+00 exceeds limit of 5.00e-01.
2025-12-23:11:10:16,246 WARNING  [psi4.optking.history:306] 	Skipping Hessian update for step 5.
2025-12-23:11:10:16,246 WARNING  [psi4.optking.history:301] 	Change in internal coordinate of 5.12e+00 exceeds limit of 5.00e-01.
2025-12-23:11:10:16,246 WARNING  [psi4.optking.history:306] 	Skipping Hessian update for step 4.
2025-12-23:11:10:16,246 WARNING  [psi4.optking.history:301] 	Change in internal coordinate of 5.28e+00 exceeds limit of 5.00e-01.
2025-12-23:11:10:16,246 WARNING  [psi4.optking.history:306] 	Skipping Hessian update for step 3.
2025-12-23:11:10:16,246 WARNING  [psi4.optking.history:301] 	Change in internal coordinate of 5.53e+00 exceeds limit of 5.00e-01.
2025-12-23:11:10:16,246 WARNING  [psi4.optking.history:306] 	Skipping Hessian update for step 2.
2025-12-23:11:10:16,246 WARNING  [psi4.optking.history:301] 	Change in internal coordinate of 5.76e+00 exceeds limit of 5.00e-01.
2025-12-23:11:10:16,246 WARNING  [psi4.optking.history:306] 	Skipping Hessian update for step 1.
2025-12-23:11:10:16,246 INFO     [psi4.optking.history:317] 	Steps to be used in Hessian update:  21 20 19

2025-12-23:11:10:16,246 INFO     [psi4.optking.history:418] 	Updated Hessian (in au) 
 	   0.000734

2025-12-23:11:10:16,247 INFO     [psi4.optking.molsys:944] Projected (PHP) Hessian matrix
	   0.000734

2025-12-23:11:10:16,247 INFO     [psi4.optking.opt_helper:182] 
	         Geometry (au)                                       Gradient (au)
   0.0000000000   0.0000000000   5.1077560258		   0.0000000000   0.0000000000  -0.0000007648
   0.0000000000   0.0000000000  -2.9201964494		   0.0000000000   0.0000000000   0.0000059605

2025-12-23:11:10:16,247 INFO     [psi4.optking.stepAlgorithms:368] 	Current Step Report 
 
	Current energy:      -364.4883297429
	Energy change for the previous step:
		Actual       :        -0.0000002939
		Projected    :        -0.0000000719

2025-12-23:11:10:16,247 INFO     [psi4.optking.stepAlgorithms:371] 	Energy ratio =    4.08951
2025-12-23:11:10:16,247 INFO     [psi4.optking.stepAlgorithms:929] 	Using RFO solution 1.
2025-12-23:11:10:16,247 INFO     [psi4.optking.displace:100] 	Determining Cartesian step for fragment 1.
2025-12-23:11:10:16,247 INFO     [psi4.optking.displace:415] 	Successfully converged to displaced geometry.
2025-12-23:11:10:16,247 INFO     [psi4.optking.displace:416] 	RMS(dx):  0.000e+00 	Max(dx):  0.000e+00 	RMS(dq):  0.000e+00
2025-12-23:11:10:16,247 INFO     [psi4.optking.displace:172] 

	        --- Internal Coordinate Step in ANG or DEG, aJ/ANG or AJ/DEG ---
	-------------------------------------------------------------------------------
	           Coordinate      Previous         Force          Change          New 
	           ----------      --------        ------          ------        ------
	               R(1,2)       4.24821        0.00003        0.00243       4.25063
	-------------------------------------------------------------------------------

2025-12-23:11:10:16,247 INFO     [psi4.optking.stepAlgorithms:113] 	|target step| :    0.0045834792
2025-12-23:11:10:16,247 INFO     [psi4.optking.stepAlgorithms:114] 	gradient     :   -0.0000033627
2025-12-23:11:10:16,247 INFO     [psi4.optking.stepAlgorithms:115] 	hessian      :    0.0007336313
2025-12-23:11:10:16,247 INFO     [psi4.optking.stepAlgorithms:113] 	|target step| :    0.0045834792
2025-12-23:11:10:16,247 INFO     [psi4.optking.stepAlgorithms:114] 	gradient     :   -0.0000033627
2025-12-23:11:10:16,247 INFO     [psi4.optking.stepAlgorithms:115] 	hessian      :    0.0007336313
2025-12-23:11:10:16,247 INFO     [psi4.optking.stepAlgorithms:206] 	Norm of achieved step-size    0.0045834792
2025-12-23:11:10:16,247 INFO     [psi4.optking.stepAlgorithms:208] 	Norm of achieved step-size (cart):    0.0032410092
2025-12-23:11:10:16,247 INFO     [psi4.optking.opt_helper:164] Molsys:

	                            ===> Fragment 1 <== 

	 Z (Atomic Numbers)          Masses                          Geom                  
	       8.000000            15.994915          0.00000000  0.00000000  5.11004777   
	      14.000000            27.976927          0.00000000  0.00000000 -2.92248819   

	 - Coordinate -           - BOHR/RAD -       - ANG/DEG -
	 R(1,2)           =         8.032536           4.250635

2025-12-23:11:10:16,248 INFO     [psi4.optking.convcheck:76] Performing convergence check.
2025-12-23:11:10:16,248 INFO     [psi4.optking.convcheck:282] 
	                                 ==> Convergence Check <==                                  
    
	Measures of convergence in internal coordinates in au.
    
	Criteria marked as inactive (o), active & met (*), and active & unmet ( ).

	----------------------------------------------------------------------------------------------
	   Step    Total Energy     Delta E     Max Force     RMS Force      Max Disp      RMS Disp   
	----------------------------------------------------------------------------------------------
	  Convergence Criteria     1.00e-06 *    3.00e-04 *             o    1.20e-03 *             o
	----------------------------------------------------------------------------------------------
	    23    -364.48832974   -2.94e-07 *    3.36e-06 *    3.36e-06 o    4.58e-03      4.58e-03 o  ~
	----------------------------------------------------------------------------------------------


2025-12-23:11:10:16,248 INFO     [psi4.optking.convcheck:206] 
	                      ===> Final Convergence Report <===                     

	----------------------------------------------------------------------------
	|   Required Criteria    |  One or More Criteria  |   Alternate Criteria   |
	----------------------------------------------------------------------------
	| [x]     max_force      | [x]       max_DE       |                        |
	|                        | [ ]      max_disp      |                        |
	----------------------------------------------------------------------------


2025-12-23:11:10:16,248 INFO     [psi4.optking.stepAlgorithms:296] 	Convergence check returned True
2025-12-23:11:10:16,248 INFO     [psi4.optking.optimize:332] 	Converged in 23 steps!
2025-12-23:11:10:16,248 INFO     [psi4.optking.optimize:333] 	Final energy is   -364.4883297428739
2025-12-23:11:10:16,248 INFO     [psi4.optking.optimize:334] 	Final structure (Angstroms): 
	Fragment 1 (Ang)

	    O   0.0000000000   0.0000000000   2.7041208229
	   Si   0.0000000000   0.0000000000  -1.5465141480


2025-12-23:11:10:16,249 INFO     [psi4.optking.optimize:562] 	Optimization Finished

	==> Optimization Summary <==

        
	Measures of convergence in internal coordinates in au. (Any backward steps not shown.)
        
	---------------------------------------------------------------------------------------------------------------  ~
        
	 Step         Total Energy             Delta E       MAX Force       RMS Force        MAX Disp        RMS Disp   ~
        
	---------------------------------------------------------------------------------------------------------------  ~
        
	     1    -363.932427940355   -363.932427940355      1.03535748      1.03535748      0.23400564      0.23400564  ~
	     2    -364.110952993208     -0.178525052853      0.54248260      0.54248260      0.24242195      0.24242195  ~
	     3    -364.206645726271     -0.095692733063      0.27667856      0.27667856      0.16879548      0.16879548  ~
	     4    -364.244021966386     -0.037376240115      0.17455995      0.17455995      0.18819136      0.18819136  ~
	     5    -364.369716910853     -0.125694944467      0.15087808      0.15087808      0.36964786      0.36964786  ~
	     6    -364.409327922335     -0.039611011483      0.07777883      0.07777883      0.34617756      0.34617756  ~
	     7    -364.431815899544     -0.022487977208      0.05550773      0.05550773      0.57627302      0.57627302  ~
	     8    -364.457740250816     -0.025924351272      0.03530259      0.03530259      0.07461426      0.07461426  ~
	     9    -364.460288571448     -0.002548320632      0.03297392      0.03297392      0.63308319      0.63308319  ~
	    10    -364.475694409046     -0.015405837598      0.01686767      0.01686767      0.04681921      0.04681921  ~
	    11    -364.476463327554     -0.000768918507      0.01597136      0.01597136      0.56652126      0.56652126  ~
	    12    -364.483012347415     -0.006549019861      0.00795622      0.00795622      0.02667117      0.02667117  ~
	    13    -364.483220802773     -0.000208455358      0.00768800      0.00768800      0.54085545      0.54085545  ~
	    14    -364.486188482942     -0.002967680169      0.00372327      0.00372327      0.01448416      0.01448416  ~
	    15    -364.486241726600     -0.000053243658      0.00364845      0.00364845      0.51728803      0.51728803  ~
	    16    -364.487563169239     -0.001321442639      0.00167885      0.00167885      0.00738275      0.00738275  ~
	    17    -364.487575492011     -0.000012322772      0.00165873      0.00165873      0.47264572      0.47264572  ~
	    18    -364.488110284900     -0.000534792890      0.00069233      0.00069233      0.30544938      0.30544938  ~
	    19    -364.488263206432     -0.000152921531      0.00031806      0.00031806      0.24410224      0.24410224  ~
	    20    -364.488317436249     -0.000054229817      0.00011117      0.00011117      0.12898304      0.12898304  ~
	    21    -364.488327997882     -0.000010561633      0.00003220      0.00003220      0.04194708      0.04194708  ~
	    22    -364.488329448989     -0.000001451108      0.00001032      0.00001032      0.01392131      0.01392131  ~
	    23    -364.488329742874     -0.000000293885      0.00000336      0.00000336      0.00458348      0.00458348  ~
	----------------------------------------------------------------------------------------------------------------


2025-12-23:11:10:16,249 INFO     [psi4.optking.optimize:806] Preparing OptimizationResult
