2025-12-23:10:29:12,701 WARNING  [psi4.optking:38] Some dependencies such as QCElemental have not yet finished migration to pydantic v2. If issues are encountered please downgrade pydantic or upgrade QCElemental as appropriate
2025-12-23:10:29:12,867 INFO     [psi4.optking.optwrapper:234] Creating a UserComputer
2025-12-23:10:29:12,867 INFO     [psi4.optking.optwrapper:242] 
    			-----------------------------------------

    			 OPTKING 3.0: for geometry optimizations 

    			     By R.A. King, Bethel University     

    			        with contributions from          

    			    A.V. Copan, J. Cayton, A. Heide      

    			-----------------------------------------

    
2025-12-23:10:29:12,867 INFO     [psi4.optking.optwrapper:272] 
		 -- Optimization Parameters --
	GEOM_MAXITER                   =             500
	ALG_GEOM_MAXITER               =              50
	PRINT                          =               1
	OPT_TYPE                       =             MIN
	STEP_TYPE                      =             RFO
	PROGRAM                        =            PSI4
	STEEPEST_DESCENT_TYPE          =         OVERLAP
	CONJUGATE_GRADIENT_TYPE        =        FLETCHER
	OPT_COORDINATES                =        INTERNAL
	RFO_FOLLOW_ROOT                =           False
	RFO_ROOT                       =               0
	ACCEPT_SYMMETRY_BREAKING       =           False
	DYNAMIC_LVL                    =               0
	DYNAMIC_LVL_MAX                =               0
	IRC_STEP_SIZE                  =             0.2
	IRC_DIRECTION                  =         FORWARD
	IRC_POINTS                     =              20
	IRC_MODE                       =          NORMAL
	IRC_CONVERGENCE                =            -0.7
	INTRAFRAG_STEP_LIMIT           =             0.5
	INTRAFRAG_STEP_LIMIT_MIN       =           0.001
	INTRAFRAG_STEP_LIMIT_MAX       =             1.0
	INTERFRAG_STEP_LIMIT           =             0.5
	INTERFRAG_STEP_LIMIT_MIN       =           0.001
	INTERFRAG_STEP_LIMIT_MAX       =             1.0
	ENSURE_BT_CONVERGENCE          =           False
	SIMPLE_STEP_SCALING            =           False
	CONSECUTIVE_BACKSTEPS          =               0
	RFO_NORMALIZATION_MAX          =             100
	RSRFO_ALPHA_MAX                =     100000000.0
	PRINT_TRAJECTORY_XYZ_FILE      =           False
	WRITE_TRAJECTORY               =           False
	FROZEN_DISTANCE                =                
	FROZEN_BEND                    =                
	FROZEN_DIHEDRAL                =                
	FROZEN_OOFP                    =                
	FROZEN_CARTESIAN               =                
	FREEZE_ALL_DIHEDRALS           =           False
	UNFREEZE_DIHEDRALS             =                
	RANGED_DISTANCE                =                
	RANGED_BEND                    =                
	RANGED_DIHEDRAL                =                
	RANGED_OOFP                    =                
	RANGED_CARTESIAN               =                
	EXT_FORCE_DISTANCE             =                
	EXT_FORCE_BEND                 =                
	EXT_FORCE_DIHEDRAL             =                
	EXT_FORCE_OOFP                 =                
	EXT_FORCE_CARTESIAN            =                
	G_CONVERGENCE                  =           QCHEM
	MAX_FORCE_G_CONVERGENCE        =          0.0003
	RMS_FORCE_G_CONVERGENCE        =          0.0003
	MAX_ENERGY_G_CONVERGENCE       =           1e-06
	MAX_DISP_G_CONVERGENCE         =          0.0012
	RMS_DISP_G_CONVERGENCE         =          0.0012
	FLEXIBLE_G_CONVERGENCE         =           False
	HESS_UPDATE                    =            BFGS
	HESS_UPDATE_USE_LAST           =               4
	HESS_UPDATE_LIMIT              =            True
	HESS_UPDATE_LIMIT_MAX          =             1.0
	HESS_UPDATE_LIMIT_SCALE        =             0.5
	HESS_UPDATE_DEN_TOL            =           1e-07
	HESS_UPDATE_DQ_TOL             =             0.5
	CART_HESS_READ                 =           False
	HESSIAN_FILE                   =               .
	FULL_HESS_EVERY                =              -1
	INTRAFRAG_HESS                 =        SCHLEGEL
	H_GUESS_EVERY                  =           False
	BT_MAX_ITER                    =              25
	BT_DX_CONV                     =           1e-07
	BT_DX_RMS_CHANGE_CONV          =           1e-12
	BT_PINV_RCOND                  =           1e-06
	FRAG_MODE                      =          SINGLE
	FRAG_REF_ATOMS                 =              []
	FREEZE_INTRAFRAG               =           False
	INTERFRAG_MODE                 =           FIXED
	ADD_AUXILIARY_BONDS            =           False
	AUXILIARY_BOND_FACTOR          =             2.5
	INTERFRAG_DIST_INV             =           False
	INTERFRAG_COLLINEAR_TOL        =            0.01
	INTERFRAG_COORDS               =              []
	INTERFRAG_HESS                 =         DEFAULT
	COVALENT_CONNECT               =             1.3
	INTERFRAGMENT_CONNECT          =             1.8
	H_BOND_CONNECT                 =             4.3
	INCLUDE_OOFP                   =           False
	TEST_B                         =           False
	TEST_DERIVATIVE_B              =           False
	LINESEARCH_STEP                =             0.1
	LINESEARCH                     =           False
	SD_HESSIAN                     =             1.0
	FIX_VAL_NEAR_PI                =            1.57
	V3D_TORS_ANGLE_LIM             =           0.017
	V3D_TORS_COS_TOL               =           1e-10
	LINEAR_BEND_THRESHOLD          =            3.05
	SMALL_BEND_FIX_THRESHOLD       =            0.35
	REDUNDANT_EVAL_TOL             =           1e-10
	LINEAR_ALGEBRA_TOL             =           1e-10


2025-12-23:10:29:12,999 INFO     [psi4.optking.molsys:658] 	Increasing scaling to  1.500 to connect fragments.
2025-12-23:10:29:12,999 INFO     [psi4.optking.molsys:635] 	Connecting fragments with atoms 1 and 2
2025-12-23:10:29:12,999 INFO     [psi4.optking.molsys:654] 	All fragments are connected in connectivity matrix.
2025-12-23:10:29:12,999 INFO     [psi4.optking.molsys:515] 	Consolidating multiple fragments into one for optimization.
2025-12-23:10:29:13,0 INFO     [psi4.optking.opt_helper:164] Molsys:

	                            ===> Fragment 1 <== 

	 Z (Atomic Numbers)          Masses                          Geom                  
	       1.000000             1.007825          0.00000000  0.00000000  2.15884339   
	      10.000000            19.992440          0.00000000  0.00000000 -0.10882796   

	 - Coordinate -           - BOHR/RAD -       - ANG/DEG -
	 R(1,2)           =         2.267671           1.200000

2025-12-23:10:29:13,10 INFO     [psi4.driver.task_planner:259] PLANNING Atomic:  keywords={'DAMPING_PERCENTAGE': 1.0, 'GEOM_MAXITER': 500, 'GUESS': 'SAP', 'MAXITER': 500, 'REFERENCE': 'UKS', 'function_kwargs': {}}
2025-12-23:10:29:13,12 INFO     [psi4.driver.driver:638] Compute gradient(): method=b3lyp, basis=cc-pvdz, molecule=default, nre=4.409810088916667
2025-12-23:10:29:13,352 INFO     [psi4.driver.driver:641] Return gradient(): -129.24329455494797
2025-12-23:10:29:13,352 INFO     [psi4.driver.driver:642] [[-0.00000000  0.00000000 -0.19875827]
 [-0.00000000 -0.00000000  0.19876066]]
2025-12-23:10:29:13,354 INFO     [psi4.optking.molsys:944] Projected (PHP) Hessian matrix
	   0.246653

2025-12-23:10:29:13,354 INFO     [psi4.optking.opt_helper:182] 
	         Geometry (au)                                       Gradient (au)
   0.0000000000   0.0000000000   2.1588433939		  -0.0000000000   0.0000000000  -0.1987582738
   0.0000000000   0.0000000000  -0.1088279567		  -0.0000000000  -0.0000000000   0.1987606552

2025-12-23:10:29:13,354 INFO     [psi4.optking.stepAlgorithms:929] 	Using RFO solution 1.
2025-12-23:10:29:13,354 INFO     [psi4.optking.displace:100] 	Determining Cartesian step for fragment 1.
2025-12-23:10:29:13,355 INFO     [psi4.optking.displace:415] 	Successfully converged to displaced geometry.
2025-12-23:10:29:13,355 INFO     [psi4.optking.displace:416] 	RMS(dx):  0.000e+00 	Max(dx):  0.000e+00 	RMS(dq):  0.000e+00
2025-12-23:10:29:13,355 INFO     [psi4.optking.displace:172] 

	        --- Internal Coordinate Step in ANG or DEG, aJ/ANG or AJ/DEG ---
	-------------------------------------------------------------------------------
	           Coordinate      Previous         Force          Change          New 
	           ----------      --------        ------          ------        ------
	               R(1,2)       1.20000        1.63752        0.26459       1.46459
	-------------------------------------------------------------------------------

2025-12-23:10:29:13,355 INFO     [psi4.optking.stepAlgorithms:113] 	|target step| :    0.5000001805
2025-12-23:10:29:13,355 INFO     [psi4.optking.stepAlgorithms:114] 	gradient     :   -0.1987594645
2025-12-23:10:29:13,355 INFO     [psi4.optking.stepAlgorithms:115] 	hessian      :    0.2466528172
2025-12-23:10:29:13,355 INFO     [psi4.optking.stepAlgorithms:113] 	|target step| :    0.5000001805
2025-12-23:10:29:13,355 INFO     [psi4.optking.stepAlgorithms:114] 	gradient     :   -0.1987594645
2025-12-23:10:29:13,355 INFO     [psi4.optking.stepAlgorithms:115] 	hessian      :    0.2466528172
2025-12-23:10:29:13,355 INFO     [psi4.optking.stepAlgorithms:206] 	Norm of achieved step-size    0.5000001805
2025-12-23:10:29:13,355 INFO     [psi4.optking.stepAlgorithms:208] 	Norm of achieved step-size (cart):    0.3535535182
2025-12-23:10:29:13,355 INFO     [psi4.optking.opt_helper:164] Molsys:

	                            ===> Fragment 1 <== 

	 Z (Atomic Numbers)          Masses                          Geom                  
	       1.000000             1.007825          0.00000000  0.00000000  2.40884348   
	      10.000000            19.992440          0.00000000  0.00000000 -0.35882805   

	 - Coordinate -           - BOHR/RAD -       - ANG/DEG -
	 R(1,2)           =         2.767672           1.464589

2025-12-23:10:29:13,355 INFO     [psi4.optking.convcheck:76] Performing convergence check.
2025-12-23:10:29:13,355 INFO     [psi4.optking.convcheck:282] 
	                                 ==> Convergence Check <==                                  
    
	Measures of convergence in internal coordinates in au.
    
	Criteria marked as inactive (o), active & met (*), and active & unmet ( ).

	----------------------------------------------------------------------------------------------~
	   Step    Total Energy     Delta E     Max Force     RMS Force      Max Disp      RMS Disp   ~
	----------------------------------------------------------------------------------------------~
	  Convergence Criteria     1.00e-06 *    3.00e-04 *             o    1.20e-03 *             o~
	----------------------------------------------------------------------------------------------~
	     1    -129.24329455   -1.29e+02      1.99e-01      1.99e-01 o    5.00e-01      5.00e-01 o  ~
	----------------------------------------------------------------------------------------------


2025-12-23:10:29:13,355 INFO     [psi4.optking.stepAlgorithms:296] 	Convergence check returned False
2025-12-23:10:29:13,366 INFO     [psi4.driver.task_planner:259] PLANNING Atomic:  keywords={'DAMPING_PERCENTAGE': 1.0, 'GEOM_MAXITER': 500, 'SCF__GUESS': 'READ', 'GUESS': 'SAP', 'MAXITER': 500, 'REFERENCE': 'UKS', 'function_kwargs': {}}
2025-12-23:10:29:13,367 INFO     [psi4.driver.driver:638] Compute gradient(): method=b3lyp, basis=cc-pvdz, molecule=default, nre=3.613145522472929
2025-12-23:10:29:13,627 INFO     [psi4.driver.driver:641] Return gradient(): -129.31829734513792
2025-12-23:10:29:13,627 INFO     [psi4.driver.driver:642] [[ 0.00000000 -0.00000000 -0.10815720]
 [ 0.00000000 -0.00000000  0.10816080]]
2025-12-23:10:29:13,628 INFO     [psi4.optking.history:269] 	Performing BFGS update.
2025-12-23:10:29:13,628 INFO     [psi4.optking.history:280] 	Using 1 previous steps for update.
2025-12-23:10:29:13,628 INFO     [psi4.optking.history:317] 	Steps to be used in Hessian update:  1

2025-12-23:10:29:13,629 INFO     [psi4.optking.history:418] 	Updated Hessian (in au) 
 	   0.181201

2025-12-23:10:29:13,629 INFO     [psi4.optking.molsys:944] Projected (PHP) Hessian matrix
	   0.181201

2025-12-23:10:29:13,629 INFO     [psi4.optking.opt_helper:182] 
	         Geometry (au)                                       Gradient (au)
   0.0000000000   0.0000000000   2.6348480346		   0.0000000000  -0.0000000000  -0.1081571970
   0.0000000000   0.0000000000  -0.1328234964		   0.0000000000  -0.0000000000   0.1081607982

2025-12-23:10:29:13,629 INFO     [psi4.optking.stepAlgorithms:368] 	Current Step Report 
 
	Current energy:      -129.3182973451
	Energy change for the previous step:
		Actual       :        -0.0750027902
		Projected    :        -0.0548385071

2025-12-23:10:29:13,629 INFO     [psi4.optking.stepAlgorithms:371] 	Energy ratio =    1.36770
2025-12-23:10:29:13,629 INFO     [psi4.optking.stepAlgorithms:399] 	Energy ratio indicates good step.
2025-12-23:10:29:13,629 INFO     [psi4.optking.stepAlgorithms:400] 	Intrafrag trust radius increased to      1.
2025-12-23:10:29:13,629 INFO     [psi4.optking.stepAlgorithms:929] 	Using RFO solution 1.
2025-12-23:10:29:13,629 INFO     [psi4.optking.displace:100] 	Determining Cartesian step for fragment 1.
2025-12-23:10:29:13,629 INFO     [psi4.optking.displace:415] 	Successfully converged to displaced geometry.
2025-12-23:10:29:13,629 INFO     [psi4.optking.displace:416] 	RMS(dx):  0.000e+00 	Max(dx):  0.000e+00 	RMS(dq):  0.000e+00
2025-12-23:10:29:13,629 INFO     [psi4.optking.displace:172] 

	        --- Internal Coordinate Step in ANG or DEG, aJ/ANG or AJ/DEG ---
	-------------------------------------------------------------------------------
	           Coordinate      Previous         Force          Change          New 
	           ----------      --------        ------          ------        ------
	               R(1,2)       1.46459        0.89109        0.24703       1.71162
	-------------------------------------------------------------------------------

2025-12-23:10:29:13,629 INFO     [psi4.optking.stepAlgorithms:113] 	|target step| :    0.4668224831
2025-12-23:10:29:13,629 INFO     [psi4.optking.stepAlgorithms:114] 	gradient     :   -0.1081589976
2025-12-23:10:29:13,629 INFO     [psi4.optking.stepAlgorithms:115] 	hessian      :    0.1812008685
2025-12-23:10:29:13,629 INFO     [psi4.optking.stepAlgorithms:113] 	|target step| :    0.4668224831
2025-12-23:10:29:13,629 INFO     [psi4.optking.stepAlgorithms:114] 	gradient     :   -0.1081589976
2025-12-23:10:29:13,630 INFO     [psi4.optking.stepAlgorithms:115] 	hessian      :    0.1812008685
2025-12-23:10:29:13,630 INFO     [psi4.optking.stepAlgorithms:206] 	Norm of achieved step-size    0.4668224831
2025-12-23:10:29:13,630 INFO     [psi4.optking.stepAlgorithms:208] 	Norm of achieved step-size (cart):    0.3300933434
2025-12-23:10:29:13,630 INFO     [psi4.optking.opt_helper:164] Molsys:

	                            ===> Fragment 1 <== 

	 Z (Atomic Numbers)          Masses                          Geom                  
	       1.000000             1.007825          0.00000000  0.00000000  2.86825928   
	      10.000000            19.992440          0.00000000  0.00000000 -0.36623474   

	 - Coordinate -           - BOHR/RAD -       - ANG/DEG -
	 R(1,2)           =         3.234494           1.711621

2025-12-23:10:29:13,630 INFO     [psi4.optking.convcheck:76] Performing convergence check.
2025-12-23:10:29:13,630 INFO     [psi4.optking.convcheck:282] 
	                                 ==> Convergence Check <==                                  
    
	Measures of convergence in internal coordinates in au.
    
	Criteria marked as inactive (o), active & met (*), and active & unmet ( ).

	----------------------------------------------------------------------------------------------
	   Step    Total Energy     Delta E     Max Force     RMS Force      Max Disp      RMS Disp   
	----------------------------------------------------------------------------------------------
	  Convergence Criteria     1.00e-06 *    3.00e-04 *             o    1.20e-03 *             o
	----------------------------------------------------------------------------------------------
	     2    -129.31829735   -7.50e-02      1.08e-01      1.08e-01 o    4.67e-01      4.67e-01 o  ~
	----------------------------------------------------------------------------------------------


2025-12-23:10:29:13,630 INFO     [psi4.optking.stepAlgorithms:296] 	Convergence check returned False
2025-12-23:10:29:13,640 INFO     [psi4.driver.task_planner:259] PLANNING Atomic:  keywords={'DAMPING_PERCENTAGE': 1.0, 'GEOM_MAXITER': 500, 'SCF__GUESS': 'READ', 'GUESS': 'SAP', 'MAXITER': 500, 'REFERENCE': 'UKS', 'function_kwargs': {}}
2025-12-23:10:29:13,641 INFO     [psi4.driver.driver:638] Compute gradient(): method=b3lyp, basis=cc-pvdz, molecule=default, nre=3.091673676413006
2025-12-23:10:29:13,901 INFO     [psi4.driver.driver:641] Return gradient(): -129.35607256919536
2025-12-23:10:29:13,901 INFO     [psi4.driver.driver:642] [[ 0.00000000  0.00000000 -0.05859849]
 [ 0.00000000 -0.00000000  0.05860369]]
2025-12-23:10:29:13,903 INFO     [psi4.optking.history:269] 	Performing BFGS update.
2025-12-23:10:29:13,903 INFO     [psi4.optking.history:280] 	Using 2 previous steps for update.
2025-12-23:10:29:13,903 WARNING  [psi4.optking.history:301] 	Change in internal coordinate of 9.67e-01 exceeds limit of 5.00e-01.
2025-12-23:10:29:13,903 WARNING  [psi4.optking.history:306] 	Skipping Hessian update for step 1.
2025-12-23:10:29:13,903 INFO     [psi4.optking.history:317] 	Steps to be used in Hessian update:  2

2025-12-23:10:29:13,903 INFO     [psi4.optking.history:418] 	Updated Hessian (in au) 
 	   0.106160

2025-12-23:10:29:13,903 INFO     [psi4.optking.molsys:944] Projected (PHP) Hessian matrix
	   0.106160

2025-12-23:10:29:13,903 INFO     [psi4.optking.opt_helper:182] 
	         Geometry (au)                                       Gradient (au)
   0.0000000000   0.0000000000   3.0792672110		   0.0000000000   0.0000000000  -0.0585984920
   0.0000000000   0.0000000000  -0.1552268032		   0.0000000000  -0.0000000000   0.0586036935

2025-12-23:10:29:13,903 INFO     [psi4.optking.stepAlgorithms:368] 	Current Step Report 
 
	Current energy:      -129.3560725692
	Energy change for the previous step:
		Actual       :        -0.0377752241
		Projected    :        -0.0252455259

2025-12-23:10:29:13,903 INFO     [psi4.optking.stepAlgorithms:371] 	Energy ratio =    1.49631
2025-12-23:10:29:13,903 INFO     [psi4.optking.stepAlgorithms:929] 	Using RFO solution 1.
2025-12-23:10:29:13,903 INFO     [psi4.optking.displace:100] 	Determining Cartesian step for fragment 1.
2025-12-23:10:29:13,904 INFO     [psi4.optking.displace:415] 	Successfully converged to displaced geometry.
2025-12-23:10:29:13,904 INFO     [psi4.optking.displace:416] 	RMS(dx):  0.000e+00 	Max(dx):  0.000e+00 	RMS(dq):  0.000e+00
2025-12-23:10:29:13,904 INFO     [psi4.optking.displace:172] 

	        --- Internal Coordinate Step in ANG or DEG, aJ/ANG or AJ/DEG ---
	-------------------------------------------------------------------------------
	           Coordinate      Previous         Force          Change          New 
	           ----------      --------        ------          ------        ------
	               R(1,2)       1.71162        0.48280        0.23467       1.94629
	-------------------------------------------------------------------------------

2025-12-23:10:29:13,904 INFO     [psi4.optking.stepAlgorithms:113] 	|target step| :    0.4434539860
2025-12-23:10:29:13,904 INFO     [psi4.optking.stepAlgorithms:114] 	gradient     :   -0.0586010928
2025-12-23:10:29:13,904 INFO     [psi4.optking.stepAlgorithms:115] 	hessian      :    0.1061600642
2025-12-23:10:29:13,904 INFO     [psi4.optking.stepAlgorithms:113] 	|target step| :    0.4434539860
2025-12-23:10:29:13,904 INFO     [psi4.optking.stepAlgorithms:114] 	gradient     :   -0.0586010928
2025-12-23:10:29:13,904 INFO     [psi4.optking.stepAlgorithms:115] 	hessian      :    0.1061600642
2025-12-23:10:29:13,904 INFO     [psi4.optking.stepAlgorithms:206] 	Norm of achieved step-size    0.4434539860
2025-12-23:10:29:13,904 INFO     [psi4.optking.stepAlgorithms:208] 	Norm of achieved step-size (cart):    0.3135693206
2025-12-23:10:29:13,904 INFO     [psi4.optking.opt_helper:164] Molsys:

	                            ===> Fragment 1 <== 

	 Z (Atomic Numbers)          Masses                          Geom                  
	       1.000000             1.007825          0.00000000  0.00000000  3.30099420   
	      10.000000            19.992440          0.00000000  0.00000000 -0.37695380   

	 - Coordinate -           - BOHR/RAD -       - ANG/DEG -
	 R(1,2)           =         3.677948           1.946286

2025-12-23:10:29:13,904 INFO     [psi4.optking.convcheck:76] Performing convergence check.
2025-12-23:10:29:13,904 INFO     [psi4.optking.convcheck:282] 
	                                 ==> Convergence Check <==                                  
    
	Measures of convergence in internal coordinates in au.
    
	Criteria marked as inactive (o), active & met (*), and active & unmet ( ).

	----------------------------------------------------------------------------------------------
	   Step    Total Energy     Delta E     Max Force     RMS Force      Max Disp      RMS Disp   
	----------------------------------------------------------------------------------------------
	  Convergence Criteria     1.00e-06 *    3.00e-04 *             o    1.20e-03 *             o
	----------------------------------------------------------------------------------------------
	     3    -129.35607257   -3.78e-02      5.86e-02      5.86e-02 o    4.43e-01      4.43e-01 o  ~
	----------------------------------------------------------------------------------------------


2025-12-23:10:29:13,904 INFO     [psi4.optking.stepAlgorithms:296] 	Convergence check returned False
2025-12-23:10:29:13,915 INFO     [psi4.driver.task_planner:259] PLANNING Atomic:  keywords={'DAMPING_PERCENTAGE': 1.0, 'GEOM_MAXITER': 500, 'SCF__GUESS': 'READ', 'GUESS': 'SAP', 'MAXITER': 500, 'REFERENCE': 'UKS', 'function_kwargs': {}}
2025-12-23:10:29:13,916 INFO     [psi4.driver.driver:638] Compute gradient(): method=b3lyp, basis=cc-pvdz, molecule=default, nre=2.7189073906798105
2025-12-23:10:29:14,155 INFO     [psi4.driver.driver:641] Return gradient(): -129.37579554571624
2025-12-23:10:29:14,155 INFO     [psi4.driver.driver:642] [[ 0.00000000  0.00000000 -0.03283624]
 [ 0.00000000 -0.00000000  0.03283014]]
2025-12-23:10:29:14,157 INFO     [psi4.optking.history:269] 	Performing BFGS update.
2025-12-23:10:29:14,157 INFO     [psi4.optking.history:280] 	Using 3 previous steps for update.
2025-12-23:10:29:14,157 WARNING  [psi4.optking.history:301] 	Change in internal coordinate of 9.10e-01 exceeds limit of 5.00e-01.
2025-12-23:10:29:14,157 WARNING  [psi4.optking.history:306] 	Skipping Hessian update for step 2.
2025-12-23:10:29:14,157 WARNING  [psi4.optking.history:301] 	Change in internal coordinate of 1.41e+00 exceeds limit of 5.00e-01.
2025-12-23:10:29:14,157 WARNING  [psi4.optking.history:306] 	Skipping Hessian update for step 1.
2025-12-23:10:29:14,157 INFO     [psi4.optking.history:317] 	Steps to be used in Hessian update:  3

2025-12-23:10:29:14,157 INFO     [psi4.optking.history:418] 	Updated Hessian (in au) 
 	   0.058107

2025-12-23:10:29:14,157 INFO     [psi4.optking.molsys:944] Projected (PHP) Hessian matrix
	   0.058107

2025-12-23:10:29:14,157 INFO     [psi4.optking.opt_helper:182] 
	         Geometry (au)                                       Gradient (au)
   0.0000000000   0.0000000000   3.5014393691		   0.0000000000   0.0000000000  -0.0328362438
   0.0000000000   0.0000000000  -0.1765086310		   0.0000000000  -0.0000000000   0.0328301388

2025-12-23:10:29:14,157 INFO     [psi4.optking.stepAlgorithms:368] 	Current Step Report 
 
	Current energy:      -129.3757955457
	Energy change for the previous step:
		Actual       :        -0.0197229765
		Projected    :        -0.0129934441

2025-12-23:10:29:14,157 INFO     [psi4.optking.stepAlgorithms:371] 	Energy ratio =    1.51792
2025-12-23:10:29:14,157 INFO     [psi4.optking.stepAlgorithms:929] 	Using RFO solution 1.
2025-12-23:10:29:14,157 INFO     [psi4.optking.displace:100] 	Determining Cartesian step for fragment 1.
2025-12-23:10:29:14,157 INFO     [psi4.optking.displace:415] 	Successfully converged to displaced geometry.
2025-12-23:10:29:14,157 INFO     [psi4.optking.displace:416] 	RMS(dx):  0.000e+00 	Max(dx):  0.000e+00 	RMS(dq):  0.000e+00
2025-12-23:10:29:14,158 INFO     [psi4.optking.displace:172] 

	        --- Internal Coordinate Step in ANG or DEG, aJ/ANG or AJ/DEG ---
	-------------------------------------------------------------------------------
	           Coordinate      Previous         Force          Change          New 
	           ----------      --------        ------          ------        ------
	               R(1,2)       1.94629        0.27050        0.23835       2.18463
	-------------------------------------------------------------------------------

2025-12-23:10:29:14,158 INFO     [psi4.optking.stepAlgorithms:113] 	|target step| :    0.4504128810
2025-12-23:10:29:14,158 INFO     [psi4.optking.stepAlgorithms:114] 	gradient     :   -0.0328331913
2025-12-23:10:29:14,158 INFO     [psi4.optking.stepAlgorithms:115] 	hessian      :    0.0581072722
2025-12-23:10:29:14,158 INFO     [psi4.optking.stepAlgorithms:113] 	|target step| :    0.4504128810
2025-12-23:10:29:14,158 INFO     [psi4.optking.stepAlgorithms:114] 	gradient     :   -0.0328331913
2025-12-23:10:29:14,158 INFO     [psi4.optking.stepAlgorithms:115] 	hessian      :    0.0581072722
2025-12-23:10:29:14,158 INFO     [psi4.optking.stepAlgorithms:206] 	Norm of achieved step-size    0.4504128810
2025-12-23:10:29:14,158 INFO     [psi4.optking.stepAlgorithms:208] 	Norm of achieved step-size (cart):    0.3184900025
2025-12-23:10:29:14,158 INFO     [psi4.optking.opt_helper:164] Molsys:

	                            ===> Fragment 1 <== 

	 Z (Atomic Numbers)          Masses                          Geom                  
	       1.000000             1.007825          0.00000000  0.00000000  3.72664581   
	      10.000000            19.992440          0.00000000  0.00000000 -0.40171507   

	 - Coordinate -           - BOHR/RAD -       - ANG/DEG -
	 R(1,2)           =         4.128361           2.184634

2025-12-23:10:29:14,158 INFO     [psi4.optking.convcheck:76] Performing convergence check.
2025-12-23:10:29:14,158 INFO     [psi4.optking.convcheck:282] 
	                                 ==> Convergence Check <==                                  
    
	Measures of convergence in internal coordinates in au.
    
	Criteria marked as inactive (o), active & met (*), and active & unmet ( ).

	----------------------------------------------------------------------------------------------
	   Step    Total Energy     Delta E     Max Force     RMS Force      Max Disp      RMS Disp   
	----------------------------------------------------------------------------------------------
	  Convergence Criteria     1.00e-06 *    3.00e-04 *             o    1.20e-03 *             o
	----------------------------------------------------------------------------------------------
	     4    -129.37579555   -1.97e-02      3.28e-02      3.28e-02 o    4.50e-01      4.50e-01 o  ~
	----------------------------------------------------------------------------------------------


2025-12-23:10:29:14,158 INFO     [psi4.optking.stepAlgorithms:296] 	Convergence check returned False
2025-12-23:10:29:14,168 INFO     [psi4.driver.task_planner:259] PLANNING Atomic:  keywords={'DAMPING_PERCENTAGE': 1.0, 'GEOM_MAXITER': 500, 'SCF__GUESS': 'READ', 'GUESS': 'SAP', 'MAXITER': 500, 'REFERENCE': 'UKS', 'function_kwargs': {}}
2025-12-23:10:29:14,169 INFO     [psi4.driver.driver:638] Compute gradient(): method=b3lyp, basis=cc-pvdz, molecule=default, nre=2.422268858739142
2025-12-23:10:29:14,479 INFO     [psi4.driver.driver:641] Return gradient(): -129.38692419533814
2025-12-23:10:29:14,479 INFO     [psi4.driver.driver:642] [[ 0.00000000  0.00000000 -0.01794587]
 [ 0.00000000 -0.00000000  0.01794297]]
2025-12-23:10:29:14,481 INFO     [psi4.optking.history:269] 	Performing BFGS update.
2025-12-23:10:29:14,481 INFO     [psi4.optking.history:280] 	Using 4 previous steps for update.
2025-12-23:10:29:14,481 WARNING  [psi4.optking.history:301] 	Change in internal coordinate of 8.94e-01 exceeds limit of 5.00e-01.
2025-12-23:10:29:14,481 WARNING  [psi4.optking.history:306] 	Skipping Hessian update for step 3.
2025-12-23:10:29:14,481 WARNING  [psi4.optking.history:301] 	Change in internal coordinate of 1.36e+00 exceeds limit of 5.00e-01.
2025-12-23:10:29:14,481 WARNING  [psi4.optking.history:306] 	Skipping Hessian update for step 2.
2025-12-23:10:29:14,481 WARNING  [psi4.optking.history:301] 	Change in internal coordinate of 1.86e+00 exceeds limit of 5.00e-01.
2025-12-23:10:29:14,481 WARNING  [psi4.optking.history:306] 	Skipping Hessian update for step 1.
2025-12-23:10:29:14,481 INFO     [psi4.optking.history:317] 	Steps to be used in Hessian update:  4

2025-12-23:10:29:14,481 INFO     [psi4.optking.history:418] 	Updated Hessian (in au) 
 	   0.033056

2025-12-23:10:29:14,481 INFO     [psi4.optking.molsys:944] Projected (PHP) Hessian matrix
	   0.033056

2025-12-23:10:29:14,482 INFO     [psi4.optking.opt_helper:182] 
	         Geometry (au)                                       Gradient (au)
   0.0000000000   0.0000000000   3.9302364576		   0.0000000000   0.0000000000  -0.0179458744
   0.0000000000   0.0000000000  -0.1981244235		   0.0000000000  -0.0000000000   0.0179429684

2025-12-23:10:29:14,482 INFO     [psi4.optking.stepAlgorithms:368] 	Current Step Report 
 
	Current energy:      -129.3869241953
	Energy change for the previous step:
		Actual       :        -0.0111286496
		Projected    :        -0.0073942461

2025-12-23:10:29:14,482 INFO     [psi4.optking.stepAlgorithms:371] 	Energy ratio =    1.50504
2025-12-23:10:29:14,482 INFO     [psi4.optking.stepAlgorithms:929] 	Using RFO solution 1.
2025-12-23:10:29:14,482 INFO     [psi4.optking.displace:100] 	Determining Cartesian step for fragment 1.
2025-12-23:10:29:14,482 INFO     [psi4.optking.displace:415] 	Successfully converged to displaced geometry.
2025-12-23:10:29:14,482 INFO     [psi4.optking.displace:416] 	RMS(dx):  0.000e+00 	Max(dx):  0.000e+00 	RMS(dq):  0.000e+00
2025-12-23:10:29:14,482 INFO     [psi4.optking.displace:172] 

	        --- Internal Coordinate Step in ANG or DEG, aJ/ANG or AJ/DEG ---
	-------------------------------------------------------------------------------
	           Coordinate      Previous         Force          Change          New 
	           ----------      --------        ------          ------        ------
	               R(1,2)       2.18463        0.14784        0.23203       2.41667
	-------------------------------------------------------------------------------

2025-12-23:10:29:14,482 INFO     [psi4.optking.stepAlgorithms:113] 	|target step| :    0.4384804871
2025-12-23:10:29:14,482 INFO     [psi4.optking.stepAlgorithms:114] 	gradient     :   -0.0179444214
2025-12-23:10:29:14,482 INFO     [psi4.optking.stepAlgorithms:115] 	hessian      :    0.0330558262
2025-12-23:10:29:14,482 INFO     [psi4.optking.stepAlgorithms:113] 	|target step| :    0.4384804871
2025-12-23:10:29:14,482 INFO     [psi4.optking.stepAlgorithms:114] 	gradient     :   -0.0179444214
2025-12-23:10:29:14,482 INFO     [psi4.optking.stepAlgorithms:115] 	hessian      :    0.0330558262
2025-12-23:10:29:14,482 INFO     [psi4.optking.stepAlgorithms:206] 	Norm of achieved step-size    0.4384804871
2025-12-23:10:29:14,482 INFO     [psi4.optking.stepAlgorithms:208] 	Norm of achieved step-size (cart):    0.3100525258
2025-12-23:10:29:14,482 INFO     [psi4.optking.opt_helper:164] Molsys:

	                            ===> Fragment 1 <== 

	 Z (Atomic Numbers)          Masses                          Geom                  
	       1.000000             1.007825          0.00000000  0.00000000  4.14947670   
	      10.000000            19.992440          0.00000000  0.00000000 -0.41736467   

	 - Coordinate -           - BOHR/RAD -       - ANG/DEG -
	 R(1,2)           =         4.566841           2.416668

2025-12-23:10:29:14,483 INFO     [psi4.optking.convcheck:76] Performing convergence check.
2025-12-23:10:29:14,483 INFO     [psi4.optking.convcheck:282] 
	                                 ==> Convergence Check <==                                  
    
	Measures of convergence in internal coordinates in au.
    
	Criteria marked as inactive (o), active & met (*), and active & unmet ( ).

	----------------------------------------------------------------------------------------------
	   Step    Total Energy     Delta E     Max Force     RMS Force      Max Disp      RMS Disp   
	----------------------------------------------------------------------------------------------
	  Convergence Criteria     1.00e-06 *    3.00e-04 *             o    1.20e-03 *             o
	----------------------------------------------------------------------------------------------
	     5    -129.38692420   -1.11e-02      1.79e-02      1.79e-02 o    4.38e-01      4.38e-01 o  ~
	----------------------------------------------------------------------------------------------


2025-12-23:10:29:14,483 INFO     [psi4.optking.stepAlgorithms:296] 	Convergence check returned False
2025-12-23:10:29:14,493 INFO     [psi4.driver.task_planner:259] PLANNING Atomic:  keywords={'DAMPING_PERCENTAGE': 1.0, 'GEOM_MAXITER': 500, 'SCF__GUESS': 'READ', 'GUESS': 'SAP', 'MAXITER': 500, 'REFERENCE': 'UKS', 'function_kwargs': {}}
2025-12-23:10:29:14,494 INFO     [psi4.driver.driver:638] Compute gradient(): method=b3lyp, basis=cc-pvdz, molecule=default, nre=2.189697253257603
2025-12-23:10:29:14,726 INFO     [psi4.driver.driver:641] Return gradient(): -129.3928035112753
2025-12-23:10:29:14,726 INFO     [psi4.driver.driver:642] [[ 0.00000000  0.00000000 -0.00964983]
 [ 0.00000000  0.00000000  0.00965199]]
2025-12-23:10:29:14,728 INFO     [psi4.optking.history:269] 	Performing BFGS update.
2025-12-23:10:29:14,728 INFO     [psi4.optking.history:280] 	Using 4 previous steps for update.
2025-12-23:10:29:14,728 WARNING  [psi4.optking.history:301] 	Change in internal coordinate of 8.89e-01 exceeds limit of 5.00e-01.
2025-12-23:10:29:14,728 WARNING  [psi4.optking.history:306] 	Skipping Hessian update for step 4.
2025-12-23:10:29:14,728 WARNING  [psi4.optking.history:301] 	Change in internal coordinate of 1.33e+00 exceeds limit of 5.00e-01.
2025-12-23:10:29:14,728 WARNING  [psi4.optking.history:306] 	Skipping Hessian update for step 3.
2025-12-23:10:29:14,728 WARNING  [psi4.optking.history:301] 	Change in internal coordinate of 1.80e+00 exceeds limit of 5.00e-01.
2025-12-23:10:29:14,728 WARNING  [psi4.optking.history:306] 	Skipping Hessian update for step 2.
2025-12-23:10:29:14,728 WARNING  [psi4.optking.history:301] 	Change in internal coordinate of 2.30e+00 exceeds limit of 5.00e-01.
2025-12-23:10:29:14,728 WARNING  [psi4.optking.history:306] 	Skipping Hessian update for step 1.
2025-12-23:10:29:14,728 INFO     [psi4.optking.history:317] 	Steps to be used in Hessian update:  5

2025-12-23:10:29:14,728 INFO     [psi4.optking.history:418] 	Updated Hessian (in au) 
 	   0.018914

2025-12-23:10:29:14,728 INFO     [psi4.optking.molsys:944] Projected (PHP) Hessian matrix
	   0.018914

2025-12-23:10:29:14,728 INFO     [psi4.optking.opt_helper:182] 
	         Geometry (au)                                       Gradient (au)
   0.0000000000   0.0000000000   4.3476738004		   0.0000000000   0.0000000000  -0.0096498256
   0.0000000000   0.0000000000  -0.2191675678		   0.0000000000   0.0000000000   0.0096519856

2025-12-23:10:29:14,728 INFO     [psi4.optking.stepAlgorithms:368] 	Current Step Report 
 
	Current energy:      -129.3928035113
	Energy change for the previous step:
		Actual       :        -0.0058793159
		Projected    :        -0.0039341393

2025-12-23:10:29:14,728 INFO     [psi4.optking.stepAlgorithms:371] 	Energy ratio =    1.49444
2025-12-23:10:29:14,729 INFO     [psi4.optking.stepAlgorithms:929] 	Using RFO solution 1.
2025-12-23:10:29:14,729 INFO     [psi4.optking.displace:100] 	Determining Cartesian step for fragment 1.
2025-12-23:10:29:14,729 INFO     [psi4.optking.displace:415] 	Successfully converged to displaced geometry.
2025-12-23:10:29:14,729 INFO     [psi4.optking.displace:416] 	RMS(dx):  2.564e-16 	Max(dx):  4.441e-16 	RMS(dq):  8.882e-16
2025-12-23:10:29:14,729 INFO     [psi4.optking.displace:172] 

	        --- Internal Coordinate Step in ANG or DEG, aJ/ANG or AJ/DEG ---
	-------------------------------------------------------------------------------
	           Coordinate      Previous         Force          Change          New 
	           ----------      --------        ------          ------        ------
	               R(1,2)       2.41667        0.07951        0.22234       2.63901
	-------------------------------------------------------------------------------

2025-12-23:10:29:14,729 INFO     [psi4.optking.stepAlgorithms:113] 	|target step| :    0.4201670465
2025-12-23:10:29:14,729 INFO     [psi4.optking.stepAlgorithms:114] 	gradient     :   -0.0096509056
2025-12-23:10:29:14,729 INFO     [psi4.optking.stepAlgorithms:115] 	hessian      :    0.0189142186
2025-12-23:10:29:14,729 INFO     [psi4.optking.stepAlgorithms:113] 	|target step| :    0.4201670465
2025-12-23:10:29:14,729 INFO     [psi4.optking.stepAlgorithms:114] 	gradient     :   -0.0096509056
2025-12-23:10:29:14,729 INFO     [psi4.optking.stepAlgorithms:115] 	hessian      :    0.0189142186
2025-12-23:10:29:14,729 INFO     [psi4.optking.stepAlgorithms:206] 	Norm of achieved step-size    0.4201670465
2025-12-23:10:29:14,729 INFO     [psi4.optking.stepAlgorithms:208] 	Norm of achieved step-size (cart):    0.2971029678
2025-12-23:10:29:14,729 INFO     [psi4.optking.opt_helper:164] Molsys:

	                            ===> Fragment 1 <== 

	 Z (Atomic Numbers)          Masses                          Geom                  
	       1.000000             1.007825          0.00000000  0.00000000  4.55775732   
	      10.000000            19.992440          0.00000000  0.00000000 -0.42925109   

	 - Coordinate -           - BOHR/RAD -       - ANG/DEG -
	 R(1,2)           =         4.987008           2.639011

2025-12-23:10:29:14,730 INFO     [psi4.optking.convcheck:76] Performing convergence check.
2025-12-23:10:29:14,730 INFO     [psi4.optking.convcheck:282] 
	                                 ==> Convergence Check <==                                  
    
	Measures of convergence in internal coordinates in au.
    
	Criteria marked as inactive (o), active & met (*), and active & unmet ( ).

	----------------------------------------------------------------------------------------------
	   Step    Total Energy     Delta E     Max Force     RMS Force      Max Disp      RMS Disp   
	----------------------------------------------------------------------------------------------
	  Convergence Criteria     1.00e-06 *    3.00e-04 *             o    1.20e-03 *             o
	----------------------------------------------------------------------------------------------
	     6    -129.39280351   -5.88e-03      9.65e-03      9.65e-03 o    4.20e-01      4.20e-01 o  ~
	----------------------------------------------------------------------------------------------


2025-12-23:10:29:14,730 INFO     [psi4.optking.stepAlgorithms:296] 	Convergence check returned False
2025-12-23:10:29:14,741 INFO     [psi4.driver.task_planner:259] PLANNING Atomic:  keywords={'DAMPING_PERCENTAGE': 1.0, 'GEOM_MAXITER': 500, 'SCF__GUESS': 'READ', 'GUESS': 'SAP', 'MAXITER': 500, 'REFERENCE': 'UKS', 'function_kwargs': {}}
2025-12-23:10:29:14,742 INFO     [psi4.driver.driver:638] Compute gradient(): method=b3lyp, basis=cc-pvdz, molecule=default, nre=2.005210171819649
2025-12-23:10:29:14,980 INFO     [psi4.driver.driver:641] Return gradient(): -129.39581730493572
2025-12-23:10:29:14,980 INFO     [psi4.driver.driver:642] [[ 0.00000000  0.00000000 -0.00510449]
 [ 0.00000000  0.00000000  0.00510309]]
2025-12-23:10:29:14,982 INFO     [psi4.optking.history:269] 	Performing BFGS update.
2025-12-23:10:29:14,982 INFO     [psi4.optking.history:280] 	Using 4 previous steps for update.
2025-12-23:10:29:14,982 WARNING  [psi4.optking.history:301] 	Change in internal coordinate of 8.59e-01 exceeds limit of 5.00e-01.
2025-12-23:10:29:14,982 WARNING  [psi4.optking.history:306] 	Skipping Hessian update for step 5.
2025-12-23:10:29:14,982 WARNING  [psi4.optking.history:301] 	Change in internal coordinate of 1.31e+00 exceeds limit of 5.00e-01.
2025-12-23:10:29:14,982 WARNING  [psi4.optking.history:306] 	Skipping Hessian update for step 4.
2025-12-23:10:29:14,982 WARNING  [psi4.optking.history:301] 	Change in internal coordinate of 1.75e+00 exceeds limit of 5.00e-01.
2025-12-23:10:29:14,982 WARNING  [psi4.optking.history:306] 	Skipping Hessian update for step 3.
2025-12-23:10:29:14,982 WARNING  [psi4.optking.history:301] 	Change in internal coordinate of 2.22e+00 exceeds limit of 5.00e-01.
2025-12-23:10:29:14,982 WARNING  [psi4.optking.history:306] 	Skipping Hessian update for step 2.
2025-12-23:10:29:14,982 WARNING  [psi4.optking.history:301] 	Change in internal coordinate of 2.72e+00 exceeds limit of 5.00e-01.
2025-12-23:10:29:14,982 WARNING  [psi4.optking.history:306] 	Skipping Hessian update for step 1.
2025-12-23:10:29:14,983 INFO     [psi4.optking.history:317] 	Steps to be used in Hessian update:  6

2025-12-23:10:29:14,983 INFO     [psi4.optking.history:418] 	Updated Hessian (in au) 
 	   0.010822

2025-12-23:10:29:14,983 INFO     [psi4.optking.molsys:944] Projected (PHP) Hessian matrix
	   0.010822

2025-12-23:10:29:14,983 INFO     [psi4.optking.opt_helper:182] 
	         Geometry (au)                                       Gradient (au)
   0.0000000000   0.0000000000   4.7476765840		   0.0000000000   0.0000000000  -0.0051044911
   0.0000000000   0.0000000000  -0.2393318306		   0.0000000000   0.0000000000   0.0051030932

2025-12-23:10:29:14,983 INFO     [psi4.optking.stepAlgorithms:368] 	Current Step Report 
 
	Current energy:      -129.3958173049
	Energy change for the previous step:
		Actual       :        -0.0030137937
		Projected    :        -0.0020274963

2025-12-23:10:29:14,983 INFO     [psi4.optking.stepAlgorithms:371] 	Energy ratio =    1.48646
2025-12-23:10:29:14,983 INFO     [psi4.optking.stepAlgorithms:929] 	Using RFO solution 1.
2025-12-23:10:29:14,983 INFO     [psi4.optking.displace:100] 	Determining Cartesian step for fragment 1.
2025-12-23:10:29:14,983 INFO     [psi4.optking.displace:415] 	Successfully converged to displaced geometry.
2025-12-23:10:29:14,983 INFO     [psi4.optking.displace:416] 	RMS(dx):  0.000e+00 	Max(dx):  0.000e+00 	RMS(dq):  0.000e+00
2025-12-23:10:29:14,983 INFO     [psi4.optking.displace:172] 

	        --- Internal Coordinate Step in ANG or DEG, aJ/ANG or AJ/DEG ---
	-------------------------------------------------------------------------------
	           Coordinate      Previous         Force          Change          New 
	           ----------      --------        ------          ------        ------
	               R(1,2)       2.63901        0.04205        0.21019       2.84920
	-------------------------------------------------------------------------------

2025-12-23:10:29:14,983 INFO     [psi4.optking.stepAlgorithms:113] 	|target step| :    0.3972011668
2025-12-23:10:29:14,983 INFO     [psi4.optking.stepAlgorithms:114] 	gradient     :   -0.0051037921
2025-12-23:10:29:14,983 INFO     [psi4.optking.stepAlgorithms:115] 	hessian      :    0.0108221564
2025-12-23:10:29:14,983 INFO     [psi4.optking.stepAlgorithms:113] 	|target step| :    0.3972011668
2025-12-23:10:29:14,983 INFO     [psi4.optking.stepAlgorithms:114] 	gradient     :   -0.0051037921
2025-12-23:10:29:14,983 INFO     [psi4.optking.stepAlgorithms:115] 	hessian      :    0.0108221564
2025-12-23:10:29:14,983 INFO     [psi4.optking.stepAlgorithms:206] 	Norm of achieved step-size    0.3972011668
2025-12-23:10:29:14,983 INFO     [psi4.optking.stepAlgorithms:208] 	Norm of achieved step-size (cart):    0.2808636386
2025-12-23:10:29:14,984 INFO     [psi4.optking.opt_helper:164] Molsys:

	                            ===> Fragment 1 <== 

	 Z (Atomic Numbers)          Masses                          Geom                  
	       1.000000             1.007825          0.00000000  0.00000000  4.94627717   
	      10.000000            19.992440          0.00000000  0.00000000 -0.43793241   

	 - Coordinate -           - BOHR/RAD -       - ANG/DEG -
	 R(1,2)           =         5.384210           2.849201

2025-12-23:10:29:14,984 INFO     [psi4.optking.convcheck:76] Performing convergence check.
2025-12-23:10:29:14,984 INFO     [psi4.optking.convcheck:282] 
	                                 ==> Convergence Check <==                                  
    
	Measures of convergence in internal coordinates in au.
    
	Criteria marked as inactive (o), active & met (*), and active & unmet ( ).

	----------------------------------------------------------------------------------------------
	   Step    Total Energy     Delta E     Max Force     RMS Force      Max Disp      RMS Disp   
	----------------------------------------------------------------------------------------------
	  Convergence Criteria     1.00e-06 *    3.00e-04 *             o    1.20e-03 *             o
	----------------------------------------------------------------------------------------------
	     7    -129.39581730   -3.01e-03      5.10e-03      5.10e-03 o    3.97e-01      3.97e-01 o  ~
	----------------------------------------------------------------------------------------------


2025-12-23:10:29:14,984 INFO     [psi4.optking.stepAlgorithms:296] 	Convergence check returned False
2025-12-23:10:29:14,994 INFO     [psi4.driver.task_planner:259] PLANNING Atomic:  keywords={'DAMPING_PERCENTAGE': 1.0, 'GEOM_MAXITER': 500, 'SCF__GUESS': 'READ', 'GUESS': 'SAP', 'MAXITER': 500, 'REFERENCE': 'UKS', 'function_kwargs': {}}
2025-12-23:10:29:14,996 INFO     [psi4.driver.driver:638] Compute gradient(): method=b3lyp, basis=cc-pvdz, molecule=default, nre=1.8572828283603025
2025-12-23:10:29:15,240 INFO     [psi4.driver.driver:641] Return gradient(): -129.3972960288228
2025-12-23:10:29:15,240 INFO     [psi4.driver.driver:642] [[-0.00000000 -0.00000000 -0.00256536]
 [ 0.00000000  0.00000000  0.00256498]]
2025-12-23:10:29:15,241 INFO     [psi4.optking.history:269] 	Performing BFGS update.
2025-12-23:10:29:15,241 INFO     [psi4.optking.history:280] 	Using 4 previous steps for update.
2025-12-23:10:29:15,241 WARNING  [psi4.optking.history:301] 	Change in internal coordinate of 8.17e-01 exceeds limit of 5.00e-01.
2025-12-23:10:29:15,241 WARNING  [psi4.optking.history:306] 	Skipping Hessian update for step 6.
2025-12-23:10:29:15,242 WARNING  [psi4.optking.history:301] 	Change in internal coordinate of 1.26e+00 exceeds limit of 5.00e-01.
2025-12-23:10:29:15,242 WARNING  [psi4.optking.history:306] 	Skipping Hessian update for step 5.
2025-12-23:10:29:15,242 WARNING  [psi4.optking.history:301] 	Change in internal coordinate of 1.71e+00 exceeds limit of 5.00e-01.
2025-12-23:10:29:15,242 WARNING  [psi4.optking.history:306] 	Skipping Hessian update for step 4.
2025-12-23:10:29:15,242 WARNING  [psi4.optking.history:301] 	Change in internal coordinate of 2.15e+00 exceeds limit of 5.00e-01.
2025-12-23:10:29:15,242 WARNING  [psi4.optking.history:306] 	Skipping Hessian update for step 3.
2025-12-23:10:29:15,242 WARNING  [psi4.optking.history:301] 	Change in internal coordinate of 2.62e+00 exceeds limit of 5.00e-01.
2025-12-23:10:29:15,242 WARNING  [psi4.optking.history:306] 	Skipping Hessian update for step 2.
2025-12-23:10:29:15,242 WARNING  [psi4.optking.history:301] 	Change in internal coordinate of 3.12e+00 exceeds limit of 5.00e-01.
2025-12-23:10:29:15,242 WARNING  [psi4.optking.history:306] 	Skipping Hessian update for step 1.
2025-12-23:10:29:15,242 INFO     [psi4.optking.history:317] 	Steps to be used in Hessian update:  7

2025-12-23:10:29:15,242 INFO     [psi4.optking.history:418] 	Updated Hessian (in au) 
 	   0.006391

2025-12-23:10:29:15,242 INFO     [psi4.optking.molsys:944] Projected (PHP) Hessian matrix
	   0.006391

2025-12-23:10:29:15,242 INFO     [psi4.optking.opt_helper:182] 
	         Geometry (au)                                       Gradient (au)
   0.0000000000   0.0000000000   5.1258156450		  -0.0000000000  -0.0000000000  -0.0025653568
   0.0000000000   0.0000000000  -0.2583939365		   0.0000000000   0.0000000000   0.0025649784

2025-12-23:10:29:15,242 INFO     [psi4.optking.stepAlgorithms:368] 	Current Step Report 
 
	Current energy:      -129.3972960288
	Energy change for the previous step:
		Actual       :        -0.0014787239
		Projected    :        -0.0010136161

2025-12-23:10:29:15,242 INFO     [psi4.optking.stepAlgorithms:371] 	Energy ratio =    1.45886
2025-12-23:10:29:15,242 INFO     [psi4.optking.stepAlgorithms:929] 	Using RFO solution 1.
2025-12-23:10:29:15,242 INFO     [psi4.optking.displace:100] 	Determining Cartesian step for fragment 1.
2025-12-23:10:29:15,243 INFO     [psi4.optking.displace:415] 	Successfully converged to displaced geometry.
2025-12-23:10:29:15,243 INFO     [psi4.optking.displace:416] 	RMS(dx):  2.564e-16 	Max(dx):  4.441e-16 	RMS(dq):  0.000e+00
2025-12-23:10:29:15,243 INFO     [psi4.optking.displace:172] 

	        --- Internal Coordinate Step in ANG or DEG, aJ/ANG or AJ/DEG ---
	-------------------------------------------------------------------------------
	           Coordinate      Previous         Force          Change          New 
	           ----------      --------        ------          ------        ------
	               R(1,2)       2.84920        0.02113        0.18612       3.03532
	-------------------------------------------------------------------------------

2025-12-23:10:29:15,243 INFO     [psi4.optking.stepAlgorithms:113] 	|target step| :    0.3517074269
2025-12-23:10:29:15,243 INFO     [psi4.optking.stepAlgorithms:114] 	gradient     :   -0.0025651676
2025-12-23:10:29:15,243 INFO     [psi4.optking.stepAlgorithms:115] 	hessian      :    0.0063912816
2025-12-23:10:29:15,243 INFO     [psi4.optking.stepAlgorithms:113] 	|target step| :    0.3517074269
2025-12-23:10:29:15,243 INFO     [psi4.optking.stepAlgorithms:114] 	gradient     :   -0.0025651676
2025-12-23:10:29:15,243 INFO     [psi4.optking.stepAlgorithms:115] 	hessian      :    0.0063912816
2025-12-23:10:29:15,243 INFO     [psi4.optking.stepAlgorithms:206] 	Norm of achieved step-size    0.3517074269
2025-12-23:10:29:15,243 INFO     [psi4.optking.stepAlgorithms:208] 	Norm of achieved step-size (cart):    0.2486947065
2025-12-23:10:29:15,243 INFO     [psi4.optking.opt_helper:164] Molsys:

	                            ===> Fragment 1 <== 

	 Z (Atomic Numbers)          Masses                          Geom                  
	       1.000000             1.007825          0.00000000  0.00000000  5.30166936   
	      10.000000            19.992440          0.00000000  0.00000000 -0.43424765   

	 - Coordinate -           - BOHR/RAD -       - ANG/DEG -
	 R(1,2)           =         5.735917           3.035317

2025-12-23:10:29:15,243 INFO     [psi4.optking.convcheck:76] Performing convergence check.
2025-12-23:10:29:15,243 INFO     [psi4.optking.convcheck:282] 
	                                 ==> Convergence Check <==                                  
    
	Measures of convergence in internal coordinates in au.
    
	Criteria marked as inactive (o), active & met (*), and active & unmet ( ).

	----------------------------------------------------------------------------------------------
	   Step    Total Energy     Delta E     Max Force     RMS Force      Max Disp      RMS Disp   
	----------------------------------------------------------------------------------------------
	  Convergence Criteria     1.00e-06 *    3.00e-04 *             o    1.20e-03 *             o
	----------------------------------------------------------------------------------------------
	     8    -129.39729603   -1.48e-03      2.57e-03      2.57e-03 o    3.52e-01      3.52e-01 o  ~
	----------------------------------------------------------------------------------------------


2025-12-23:10:29:15,243 INFO     [psi4.optking.stepAlgorithms:296] 	Convergence check returned False
2025-12-23:10:29:15,253 INFO     [psi4.driver.task_planner:259] PLANNING Atomic:  keywords={'DAMPING_PERCENTAGE': 1.0, 'GEOM_MAXITER': 500, 'SCF__GUESS': 'READ', 'GUESS': 'SAP', 'MAXITER': 500, 'REFERENCE': 'UKS', 'function_kwargs': {}}
2025-12-23:10:29:15,255 INFO     [psi4.driver.driver:638] Compute gradient(): method=b3lyp, basis=cc-pvdz, molecule=default, nre=1.743400398818068
2025-12-23:10:29:15,482 INFO     [psi4.driver.driver:641] Return gradient(): -129.39794172027104
2025-12-23:10:29:15,483 INFO     [psi4.driver.driver:642] [[ 0.00000000 -0.00000000 -0.00122588]
 [ 0.00000000  0.00000000  0.00122761]]
2025-12-23:10:29:15,484 INFO     [psi4.optking.history:269] 	Performing BFGS update.
2025-12-23:10:29:15,484 INFO     [psi4.optking.history:280] 	Using 4 previous steps for update.
2025-12-23:10:29:15,484 WARNING  [psi4.optking.history:301] 	Change in internal coordinate of 7.49e-01 exceeds limit of 5.00e-01.
2025-12-23:10:29:15,484 WARNING  [psi4.optking.history:306] 	Skipping Hessian update for step 7.
2025-12-23:10:29:15,484 WARNING  [psi4.optking.history:301] 	Change in internal coordinate of 1.17e+00 exceeds limit of 5.00e-01.
2025-12-23:10:29:15,484 WARNING  [psi4.optking.history:306] 	Skipping Hessian update for step 6.
2025-12-23:10:29:15,484 WARNING  [psi4.optking.history:301] 	Change in internal coordinate of 1.61e+00 exceeds limit of 5.00e-01.
2025-12-23:10:29:15,484 WARNING  [psi4.optking.history:306] 	Skipping Hessian update for step 5.
2025-12-23:10:29:15,485 WARNING  [psi4.optking.history:301] 	Change in internal coordinate of 2.06e+00 exceeds limit of 5.00e-01.
2025-12-23:10:29:15,485 WARNING  [psi4.optking.history:306] 	Skipping Hessian update for step 4.
2025-12-23:10:29:15,485 WARNING  [psi4.optking.history:301] 	Change in internal coordinate of 2.50e+00 exceeds limit of 5.00e-01.
2025-12-23:10:29:15,485 WARNING  [psi4.optking.history:306] 	Skipping Hessian update for step 3.
2025-12-23:10:29:15,485 WARNING  [psi4.optking.history:301] 	Change in internal coordinate of 2.97e+00 exceeds limit of 5.00e-01.
2025-12-23:10:29:15,485 WARNING  [psi4.optking.history:306] 	Skipping Hessian update for step 2.
2025-12-23:10:29:15,485 WARNING  [psi4.optking.history:301] 	Change in internal coordinate of 3.47e+00 exceeds limit of 5.00e-01.
2025-12-23:10:29:15,485 WARNING  [psi4.optking.history:306] 	Skipping Hessian update for step 1.
2025-12-23:10:29:15,485 INFO     [psi4.optking.history:317] 	Steps to be used in Hessian update:  8

2025-12-23:10:29:15,485 INFO     [psi4.optking.history:418] 	Updated Hessian (in au) 
 	   0.003805

2025-12-23:10:29:15,485 INFO     [psi4.optking.molsys:944] Projected (PHP) Hessian matrix
	   0.003805

2025-12-23:10:29:15,485 INFO     [psi4.optking.opt_helper:182] 
	         Geometry (au)                                       Gradient (au)
   0.0000000000   0.0000000000   5.4606442589		   0.0000000000  -0.0000000000  -0.0012258819
   0.0000000000   0.0000000000  -0.2752727495		   0.0000000000   0.0000000000   0.0012276120

2025-12-23:10:29:15,485 INFO     [psi4.optking.stepAlgorithms:368] 	Current Step Report 
 
	Current energy:      -129.3979417203
	Energy change for the previous step:
		Actual       :        -0.0006456914
		Projected    :        -0.0004510942

2025-12-23:10:29:15,485 INFO     [psi4.optking.stepAlgorithms:371] 	Energy ratio =    1.43139
2025-12-23:10:29:15,485 INFO     [psi4.optking.stepAlgorithms:929] 	Using RFO solution 1.
2025-12-23:10:29:15,485 INFO     [psi4.optking.displace:100] 	Determining Cartesian step for fragment 1.
2025-12-23:10:29:15,486 INFO     [psi4.optking.displace:415] 	Successfully converged to displaced geometry.
2025-12-23:10:29:15,486 INFO     [psi4.optking.displace:416] 	RMS(dx):  0.000e+00 	Max(dx):  0.000e+00 	RMS(dq):  0.000e+00
2025-12-23:10:29:15,486 INFO     [psi4.optking.displace:172] 

	        --- Internal Coordinate Step in ANG or DEG, aJ/ANG or AJ/DEG ---
	-------------------------------------------------------------------------------
	           Coordinate      Previous         Force          Change          New 
	           ----------      --------        ------          ------        ------
	               R(1,2)       3.03532        0.01011        0.15580       3.19112
	-------------------------------------------------------------------------------

2025-12-23:10:29:15,486 INFO     [psi4.optking.stepAlgorithms:113] 	|target step| :    0.2944188852
2025-12-23:10:29:15,486 INFO     [psi4.optking.stepAlgorithms:114] 	gradient     :   -0.0012267469
2025-12-23:10:29:15,486 INFO     [psi4.optking.stepAlgorithms:115] 	hessian      :    0.0038054945
2025-12-23:10:29:15,486 INFO     [psi4.optking.stepAlgorithms:113] 	|target step| :    0.2944188852
2025-12-23:10:29:15,486 INFO     [psi4.optking.stepAlgorithms:114] 	gradient     :   -0.0012267469
2025-12-23:10:29:15,486 INFO     [psi4.optking.stepAlgorithms:115] 	hessian      :    0.0038054945
2025-12-23:10:29:15,486 INFO     [psi4.optking.stepAlgorithms:206] 	Norm of achieved step-size    0.2944188852
2025-12-23:10:29:15,486 INFO     [psi4.optking.stepAlgorithms:208] 	Norm of achieved step-size (cart):    0.2081855902
2025-12-23:10:29:15,486 INFO     [psi4.optking.opt_helper:164] Molsys:

	                            ===> Fragment 1 <== 

	 Z (Atomic Numbers)          Masses                          Geom                  
	       1.000000             1.007825          0.00000000  0.00000000  5.60785370   
	      10.000000            19.992440          0.00000000  0.00000000 -0.42248219   

	 - Coordinate -           - BOHR/RAD -       - ANG/DEG -
	 R(1,2)           =         6.030336           3.191116

2025-12-23:10:29:15,486 INFO     [psi4.optking.convcheck:76] Performing convergence check.
2025-12-23:10:29:15,486 INFO     [psi4.optking.convcheck:282] 
	                                 ==> Convergence Check <==                                  
    
	Measures of convergence in internal coordinates in au.
    
	Criteria marked as inactive (o), active & met (*), and active & unmet ( ).

	----------------------------------------------------------------------------------------------
	   Step    Total Energy     Delta E     Max Force     RMS Force      Max Disp      RMS Disp   
	----------------------------------------------------------------------------------------------
	  Convergence Criteria     1.00e-06 *    3.00e-04 *             o    1.20e-03 *             o
	----------------------------------------------------------------------------------------------
	     9    -129.39794172   -6.46e-04      1.23e-03      1.23e-03 o    2.94e-01      2.94e-01 o  ~
	----------------------------------------------------------------------------------------------


2025-12-23:10:29:15,486 INFO     [psi4.optking.stepAlgorithms:296] 	Convergence check returned False
2025-12-23:10:29:15,497 INFO     [psi4.driver.task_planner:259] PLANNING Atomic:  keywords={'DAMPING_PERCENTAGE': 1.0, 'GEOM_MAXITER': 500, 'SCF__GUESS': 'READ', 'GUESS': 'SAP', 'MAXITER': 500, 'REFERENCE': 'UKS', 'function_kwargs': {}}
2025-12-23:10:29:15,498 INFO     [psi4.driver.driver:638] Compute gradient(): method=b3lyp, basis=cc-pvdz, molecule=default, nre=1.6582824201663382
2025-12-23:10:29:15,737 INFO     [psi4.driver.driver:641] Return gradient(): -129.3981969203712
2025-12-23:10:29:15,738 INFO     [psi4.driver.driver:642] [[ 0.00000000  0.00000000 -0.00056375]
 [ 0.00000000  0.00000000  0.00056650]]
2025-12-23:10:29:15,739 INFO     [psi4.optking.history:269] 	Performing BFGS update.
2025-12-23:10:29:15,739 INFO     [psi4.optking.history:280] 	Using 4 previous steps for update.
2025-12-23:10:29:15,739 WARNING  [psi4.optking.history:301] 	Change in internal coordinate of 6.46e-01 exceeds limit of 5.00e-01.
2025-12-23:10:29:15,739 WARNING  [psi4.optking.history:306] 	Skipping Hessian update for step 8.
2025-12-23:10:29:15,739 WARNING  [psi4.optking.history:301] 	Change in internal coordinate of 1.04e+00 exceeds limit of 5.00e-01.
2025-12-23:10:29:15,739 WARNING  [psi4.optking.history:306] 	Skipping Hessian update for step 7.
2025-12-23:10:29:15,740 WARNING  [psi4.optking.history:301] 	Change in internal coordinate of 1.46e+00 exceeds limit of 5.00e-01.
2025-12-23:10:29:15,740 WARNING  [psi4.optking.history:306] 	Skipping Hessian update for step 6.
2025-12-23:10:29:15,740 WARNING  [psi4.optking.history:301] 	Change in internal coordinate of 1.90e+00 exceeds limit of 5.00e-01.
2025-12-23:10:29:15,740 WARNING  [psi4.optking.history:306] 	Skipping Hessian update for step 5.
2025-12-23:10:29:15,740 WARNING  [psi4.optking.history:301] 	Change in internal coordinate of 2.35e+00 exceeds limit of 5.00e-01.
2025-12-23:10:29:15,740 WARNING  [psi4.optking.history:306] 	Skipping Hessian update for step 4.
2025-12-23:10:29:15,740 WARNING  [psi4.optking.history:301] 	Change in internal coordinate of 2.80e+00 exceeds limit of 5.00e-01.
2025-12-23:10:29:15,740 WARNING  [psi4.optking.history:306] 	Skipping Hessian update for step 3.
2025-12-23:10:29:15,740 WARNING  [psi4.optking.history:301] 	Change in internal coordinate of 3.26e+00 exceeds limit of 5.00e-01.
2025-12-23:10:29:15,740 WARNING  [psi4.optking.history:306] 	Skipping Hessian update for step 2.
2025-12-23:10:29:15,740 WARNING  [psi4.optking.history:301] 	Change in internal coordinate of 3.76e+00 exceeds limit of 5.00e-01.
2025-12-23:10:29:15,740 WARNING  [psi4.optking.history:306] 	Skipping Hessian update for step 1.
2025-12-23:10:29:15,740 INFO     [psi4.optking.history:317] 	Steps to be used in Hessian update:  9

2025-12-23:10:29:15,740 INFO     [psi4.optking.history:418] 	Updated Hessian (in au) 
 	   0.002247

2025-12-23:10:29:15,740 INFO     [psi4.optking.molsys:944] Projected (PHP) Hessian matrix
	   0.002247

2025-12-23:10:29:15,740 INFO     [psi4.optking.opt_helper:182] 
	         Geometry (au)                                       Gradient (au)
   0.0000000000   0.0000000000   5.7409336691		   0.0000000000   0.0000000000  -0.0005637500
   0.0000000000   0.0000000000  -0.2894022245		   0.0000000000   0.0000000000   0.0005664980

2025-12-23:10:29:15,740 INFO     [psi4.optking.stepAlgorithms:368] 	Current Step Report 
 
	Current energy:      -129.3981969204
	Energy change for the previous step:
		Actual       :        -0.0002552001
		Projected    :        -0.0001805887

2025-12-23:10:29:15,740 INFO     [psi4.optking.stepAlgorithms:371] 	Energy ratio =    1.41316
2025-12-23:10:29:15,740 INFO     [psi4.optking.stepAlgorithms:929] 	Using RFO solution 1.
2025-12-23:10:29:15,740 INFO     [psi4.optking.displace:100] 	Determining Cartesian step for fragment 1.
2025-12-23:10:29:15,741 INFO     [psi4.optking.displace:415] 	Successfully converged to displaced geometry.
2025-12-23:10:29:15,741 INFO     [psi4.optking.displace:416] 	RMS(dx):  2.564e-16 	Max(dx):  4.441e-16 	RMS(dq):  8.882e-16
2025-12-23:10:29:15,741 INFO     [psi4.optking.displace:172] 

	        --- Internal Coordinate Step in ANG or DEG, aJ/ANG or AJ/DEG ---
	-------------------------------------------------------------------------------
	           Coordinate      Previous         Force          Change          New 
	           ----------      --------        ------          ------        ------
	               R(1,2)       3.19112        0.00466        0.12558       3.31670
	-------------------------------------------------------------------------------

2025-12-23:10:29:15,741 INFO     [psi4.optking.stepAlgorithms:113] 	|target step| :    0.2373145700
2025-12-23:10:29:15,741 INFO     [psi4.optking.stepAlgorithms:114] 	gradient     :   -0.0005651240
2025-12-23:10:29:15,741 INFO     [psi4.optking.stepAlgorithms:115] 	hessian      :    0.0022472164
2025-12-23:10:29:15,741 INFO     [psi4.optking.stepAlgorithms:113] 	|target step| :    0.2373145700
2025-12-23:10:29:15,741 INFO     [psi4.optking.stepAlgorithms:114] 	gradient     :   -0.0005651240
2025-12-23:10:29:15,741 INFO     [psi4.optking.stepAlgorithms:115] 	hessian      :    0.0022472164
2025-12-23:10:29:15,741 INFO     [psi4.optking.stepAlgorithms:206] 	Norm of achieved step-size    0.2373145700
2025-12-23:10:29:15,741 INFO     [psi4.optking.stepAlgorithms:208] 	Norm of achieved step-size (cart):    0.1678067417
2025-12-23:10:29:15,741 INFO     [psi4.optking.opt_helper:164] Molsys:

	                            ===> Fragment 1 <== 

	 Z (Atomic Numbers)          Masses                          Geom                  
	       1.000000             1.007825          0.00000000  0.00000000  5.85959095   
	      10.000000            19.992440          0.00000000  0.00000000 -0.40805951   

	 - Coordinate -           - BOHR/RAD -       - ANG/DEG -
	 R(1,2)           =         6.267650           3.316698

2025-12-23:10:29:15,741 INFO     [psi4.optking.convcheck:76] Performing convergence check.
2025-12-23:10:29:15,741 INFO     [psi4.optking.convcheck:282] 
	                                 ==> Convergence Check <==                                  
    
	Measures of convergence in internal coordinates in au.
    
	Criteria marked as inactive (o), active & met (*), and active & unmet ( ).

	----------------------------------------------------------------------------------------------
	   Step    Total Energy     Delta E     Max Force     RMS Force      Max Disp      RMS Disp   
	----------------------------------------------------------------------------------------------
	  Convergence Criteria     1.00e-06 *    3.00e-04 *             o    1.20e-03 *             o
	----------------------------------------------------------------------------------------------
	    10    -129.39819692   -2.55e-04      5.65e-04      5.65e-04 o    2.37e-01      2.37e-01 o  ~
	----------------------------------------------------------------------------------------------


2025-12-23:10:29:15,741 INFO     [psi4.optking.stepAlgorithms:296] 	Convergence check returned False
2025-12-23:10:29:15,752 INFO     [psi4.driver.task_planner:259] PLANNING Atomic:  keywords={'DAMPING_PERCENTAGE': 1.0, 'GEOM_MAXITER': 500, 'SCF__GUESS': 'READ', 'GUESS': 'SAP', 'MAXITER': 500, 'REFERENCE': 'UKS', 'function_kwargs': {}}
2025-12-23:10:29:15,753 INFO     [psi4.driver.driver:638] Compute gradient(): method=b3lyp, basis=cc-pvdz, molecule=default, nre=1.5954942060235602
2025-12-23:10:29:15,988 INFO     [psi4.driver.driver:641] Return gradient(): -129.39829117226367
2025-12-23:10:29:15,988 INFO     [psi4.driver.driver:642] [[ 0.00000000  0.00000000 -0.00024853]
 [ 0.00000000 -0.00000000  0.00024477]]
2025-12-23:10:29:15,990 INFO     [psi4.optking.history:269] 	Performing BFGS update.
2025-12-23:10:29:15,990 INFO     [psi4.optking.history:280] 	Using 4 previous steps for update.
2025-12-23:10:29:15,990 WARNING  [psi4.optking.history:301] 	Change in internal coordinate of 5.32e-01 exceeds limit of 5.00e-01.
2025-12-23:10:29:15,990 WARNING  [psi4.optking.history:306] 	Skipping Hessian update for step 9.
2025-12-23:10:29:15,990 WARNING  [psi4.optking.history:301] 	Change in internal coordinate of 8.83e-01 exceeds limit of 5.00e-01.
2025-12-23:10:29:15,990 WARNING  [psi4.optking.history:306] 	Skipping Hessian update for step 8.
2025-12-23:10:29:15,990 WARNING  [psi4.optking.history:301] 	Change in internal coordinate of 1.28e+00 exceeds limit of 5.00e-01.
2025-12-23:10:29:15,990 WARNING  [psi4.optking.history:306] 	Skipping Hessian update for step 7.
2025-12-23:10:29:15,990 WARNING  [psi4.optking.history:301] 	Change in internal coordinate of 1.70e+00 exceeds limit of 5.00e-01.
2025-12-23:10:29:15,990 WARNING  [psi4.optking.history:306] 	Skipping Hessian update for step 6.
2025-12-23:10:29:15,990 WARNING  [psi4.optking.history:301] 	Change in internal coordinate of 2.14e+00 exceeds limit of 5.00e-01.
2025-12-23:10:29:15,990 WARNING  [psi4.optking.history:306] 	Skipping Hessian update for step 5.
2025-12-23:10:29:15,990 WARNING  [psi4.optking.history:301] 	Change in internal coordinate of 2.59e+00 exceeds limit of 5.00e-01.
2025-12-23:10:29:15,990 WARNING  [psi4.optking.history:306] 	Skipping Hessian update for step 4.
2025-12-23:10:29:15,990 WARNING  [psi4.optking.history:301] 	Change in internal coordinate of 3.03e+00 exceeds limit of 5.00e-01.
2025-12-23:10:29:15,990 WARNING  [psi4.optking.history:306] 	Skipping Hessian update for step 3.
2025-12-23:10:29:15,990 WARNING  [psi4.optking.history:301] 	Change in internal coordinate of 3.50e+00 exceeds limit of 5.00e-01.
2025-12-23:10:29:15,990 WARNING  [psi4.optking.history:306] 	Skipping Hessian update for step 2.
2025-12-23:10:29:15,990 WARNING  [psi4.optking.history:301] 	Change in internal coordinate of 4.00e+00 exceeds limit of 5.00e-01.
2025-12-23:10:29:15,990 WARNING  [psi4.optking.history:306] 	Skipping Hessian update for step 1.
2025-12-23:10:29:15,990 INFO     [psi4.optking.history:317] 	Steps to be used in Hessian update:  10

2025-12-23:10:29:15,990 INFO     [psi4.optking.history:418] 	Updated Hessian (in au) 
 	   0.001342

2025-12-23:10:29:15,990 INFO     [psi4.optking.molsys:944] Projected (PHP) Hessian matrix
	   0.001342

2025-12-23:10:29:15,990 INFO     [psi4.optking.opt_helper:182] 
	         Geometry (au)                                       Gradient (au)
   0.0000000000   0.0000000000   5.9668592608		   0.0000000000   0.0000000000  -0.0002485311
   0.0000000000   0.0000000000  -0.3007912028		   0.0000000000  -0.0000000000   0.0002447749

2025-12-23:10:29:15,990 INFO     [psi4.optking.stepAlgorithms:368] 	Current Step Report 
 
	Current energy:      -129.3982911723
	Energy change for the previous step:
		Actual       :        -0.0000942519
		Projected    :        -0.0000670561

2025-12-23:10:29:15,990 INFO     [psi4.optking.stepAlgorithms:371] 	Energy ratio =    1.40557
2025-12-23:10:29:15,991 INFO     [psi4.optking.stepAlgorithms:929] 	Using RFO solution 1.
2025-12-23:10:29:15,991 INFO     [psi4.optking.displace:100] 	Determining Cartesian step for fragment 1.
2025-12-23:10:29:15,991 INFO     [psi4.optking.displace:415] 	Successfully converged to displaced geometry.
2025-12-23:10:29:15,991 INFO     [psi4.optking.displace:416] 	RMS(dx):  2.564e-16 	Max(dx):  4.441e-16 	RMS(dq):  0.000e+00
2025-12-23:10:29:15,991 INFO     [psi4.optking.displace:172] 

	        --- Internal Coordinate Step in ANG or DEG, aJ/ANG or AJ/DEG ---
	-------------------------------------------------------------------------------
	           Coordinate      Previous         Force          Change          New 
	           ----------      --------        ------          ------        ------
	               R(1,2)       3.31670        0.00203        0.09418       3.41088
	-------------------------------------------------------------------------------

2025-12-23:10:29:15,991 INFO     [psi4.optking.stepAlgorithms:113] 	|target step| :    0.1779761250
2025-12-23:10:29:15,991 INFO     [psi4.optking.stepAlgorithms:114] 	gradient     :   -0.0002466530
2025-12-23:10:29:15,991 INFO     [psi4.optking.stepAlgorithms:115] 	hessian      :    0.0013419783
2025-12-23:10:29:15,991 INFO     [psi4.optking.stepAlgorithms:113] 	|target step| :    0.1779761250
2025-12-23:10:29:15,991 INFO     [psi4.optking.stepAlgorithms:114] 	gradient     :   -0.0002466530
2025-12-23:10:29:15,991 INFO     [psi4.optking.stepAlgorithms:115] 	hessian      :    0.0013419783
2025-12-23:10:29:15,991 INFO     [psi4.optking.stepAlgorithms:206] 	Norm of achieved step-size    0.1779761250
2025-12-23:10:29:15,991 INFO     [psi4.optking.stepAlgorithms:208] 	Norm of achieved step-size (cart):    0.1258481249
2025-12-23:10:29:15,991 INFO     [psi4.optking.opt_helper:164] Molsys:

	                            ===> Fragment 1 <== 

	 Z (Atomic Numbers)          Masses                          Geom                  
	       1.000000             1.007825          0.00000000  0.00000000  6.05584732   
	      10.000000            19.992440          0.00000000  0.00000000 -0.38977927   

	 - Coordinate -           - BOHR/RAD -       - ANG/DEG -
	 R(1,2)           =         6.445627           3.410879

2025-12-23:10:29:15,991 INFO     [psi4.optking.convcheck:76] Performing convergence check.
2025-12-23:10:29:15,991 INFO     [psi4.optking.convcheck:282] 
	                                 ==> Convergence Check <==                                  
    
	Measures of convergence in internal coordinates in au.
    
	Criteria marked as inactive (o), active & met (*), and active & unmet ( ).

	----------------------------------------------------------------------------------------------
	   Step    Total Energy     Delta E     Max Force     RMS Force      Max Disp      RMS Disp   
	----------------------------------------------------------------------------------------------
	  Convergence Criteria     1.00e-06 *    3.00e-04 *             o    1.20e-03 *             o
	----------------------------------------------------------------------------------------------
	    11    -129.39829117   -9.43e-05      2.47e-04 *    2.47e-04 o    1.78e-01      1.78e-01 o  ~
	----------------------------------------------------------------------------------------------


2025-12-23:10:29:15,992 INFO     [psi4.optking.stepAlgorithms:296] 	Convergence check returned False
2025-12-23:10:29:16,3 INFO     [psi4.driver.task_planner:259] PLANNING Atomic:  keywords={'DAMPING_PERCENTAGE': 1.0, 'GEOM_MAXITER': 500, 'SCF__GUESS': 'READ', 'GUESS': 'SAP', 'MAXITER': 500, 'REFERENCE': 'UKS', 'function_kwargs': {}}
2025-12-23:10:29:16,4 INFO     [psi4.driver.driver:638] Compute gradient(): method=b3lyp, basis=cc-pvdz, molecule=default, nre=1.5514395478196932
2025-12-23:10:29:16,257 INFO     [psi4.driver.driver:641] Return gradient(): -129.39832186729282
2025-12-23:10:29:16,257 INFO     [psi4.driver.driver:642] [[ 0.00000000  0.00000000 -0.00009854]
 [-0.00000000  0.00000000  0.00010637]]
2025-12-23:10:29:16,258 INFO     [psi4.optking.history:269] 	Performing BFGS update.
2025-12-23:10:29:16,258 INFO     [psi4.optking.history:280] 	Using 4 previous steps for update.
2025-12-23:10:29:16,259 WARNING  [psi4.optking.history:301] 	Change in internal coordinate of 7.10e-01 exceeds limit of 5.00e-01.
2025-12-23:10:29:16,259 WARNING  [psi4.optking.history:306] 	Skipping Hessian update for step 9.
2025-12-23:10:29:16,259 WARNING  [psi4.optking.history:301] 	Change in internal coordinate of 1.06e+00 exceeds limit of 5.00e-01.
2025-12-23:10:29:16,259 WARNING  [psi4.optking.history:306] 	Skipping Hessian update for step 8.
2025-12-23:10:29:16,259 WARNING  [psi4.optking.history:301] 	Change in internal coordinate of 1.46e+00 exceeds limit of 5.00e-01.
2025-12-23:10:29:16,259 WARNING  [psi4.optking.history:306] 	Skipping Hessian update for step 7.
2025-12-23:10:29:16,259 WARNING  [psi4.optking.history:301] 	Change in internal coordinate of 1.88e+00 exceeds limit of 5.00e-01.
2025-12-23:10:29:16,259 WARNING  [psi4.optking.history:306] 	Skipping Hessian update for step 6.
2025-12-23:10:29:16,259 WARNING  [psi4.optking.history:301] 	Change in internal coordinate of 2.32e+00 exceeds limit of 5.00e-01.
2025-12-23:10:29:16,259 WARNING  [psi4.optking.history:306] 	Skipping Hessian update for step 5.
2025-12-23:10:29:16,259 WARNING  [psi4.optking.history:301] 	Change in internal coordinate of 2.77e+00 exceeds limit of 5.00e-01.
2025-12-23:10:29:16,259 WARNING  [psi4.optking.history:306] 	Skipping Hessian update for step 4.
2025-12-23:10:29:16,259 WARNING  [psi4.optking.history:301] 	Change in internal coordinate of 3.21e+00 exceeds limit of 5.00e-01.
2025-12-23:10:29:16,259 WARNING  [psi4.optking.history:306] 	Skipping Hessian update for step 3.
2025-12-23:10:29:16,259 WARNING  [psi4.optking.history:301] 	Change in internal coordinate of 3.68e+00 exceeds limit of 5.00e-01.
2025-12-23:10:29:16,259 WARNING  [psi4.optking.history:306] 	Skipping Hessian update for step 2.
2025-12-23:10:29:16,259 WARNING  [psi4.optking.history:301] 	Change in internal coordinate of 4.18e+00 exceeds limit of 5.00e-01.
2025-12-23:10:29:16,259 WARNING  [psi4.optking.history:306] 	Skipping Hessian update for step 1.
2025-12-23:10:29:16,259 INFO     [psi4.optking.history:317] 	Steps to be used in Hessian update:  11 10

2025-12-23:10:29:16,259 INFO     [psi4.optking.history:418] 	Updated Hessian (in au) 
 	   0.001114

2025-12-23:10:29:16,259 INFO     [psi4.optking.molsys:944] Projected (PHP) Hessian matrix
	   0.001114

2025-12-23:10:29:16,259 INFO     [psi4.optking.opt_helper:182] 
	         Geometry (au)                                       Gradient (au)
   0.0000000000   0.0000000000   6.1362941225		   0.0000000000   0.0000000000  -0.0000985365
   0.0000000000   0.0000000000  -0.3093324660		  -0.0000000000   0.0000000000   0.0001063678

2025-12-23:10:29:16,259 INFO     [psi4.optking.stepAlgorithms:368] 	Current Step Report 
 
	Current energy:      -129.3983218673
	Energy change for the previous step:
		Actual       :        -0.0000306950
		Projected    :        -0.0000219492

2025-12-23:10:29:16,259 INFO     [psi4.optking.stepAlgorithms:371] 	Energy ratio =    1.39846
2025-12-23:10:29:16,259 INFO     [psi4.optking.stepAlgorithms:929] 	Using RFO solution 1.
2025-12-23:10:29:16,259 INFO     [psi4.optking.displace:100] 	Determining Cartesian step for fragment 1.
2025-12-23:10:29:16,260 INFO     [psi4.optking.displace:415] 	Successfully converged to displaced geometry.
2025-12-23:10:29:16,260 INFO     [psi4.optking.displace:416] 	RMS(dx):  2.564e-16 	Max(dx):  4.441e-16 	RMS(dq):  8.882e-16
2025-12-23:10:29:16,260 INFO     [psi4.optking.displace:172] 

	        --- Internal Coordinate Step in ANG or DEG, aJ/ANG or AJ/DEG ---
	-------------------------------------------------------------------------------
	           Coordinate      Previous         Force          Change          New 
	           ----------      --------        ------          ------        ------
	               R(1,2)       3.41088        0.00084        0.04826       3.45914
	-------------------------------------------------------------------------------

2025-12-23:10:29:16,260 INFO     [psi4.optking.stepAlgorithms:113] 	|target step| :    0.0911954420
2025-12-23:10:29:16,260 INFO     [psi4.optking.stepAlgorithms:114] 	gradient     :   -0.0001024521
2025-12-23:10:29:16,260 INFO     [psi4.optking.stepAlgorithms:115] 	hessian      :    0.0011140915
2025-12-23:10:29:16,260 INFO     [psi4.optking.stepAlgorithms:113] 	|target step| :    0.0911954420
2025-12-23:10:29:16,260 INFO     [psi4.optking.stepAlgorithms:114] 	gradient     :   -0.0001024521
2025-12-23:10:29:16,260 INFO     [psi4.optking.stepAlgorithms:115] 	hessian      :    0.0011140915
2025-12-23:10:29:16,260 INFO     [psi4.optking.stepAlgorithms:206] 	Norm of achieved step-size    0.0911954420
2025-12-23:10:29:16,260 INFO     [psi4.optking.stepAlgorithms:208] 	Norm of achieved step-size (cart):    0.0644849154
2025-12-23:10:29:16,260 INFO     [psi4.optking.opt_helper:164] Molsys:

	                            ===> Fragment 1 <== 

	 Z (Atomic Numbers)          Masses                          Geom                  
	       1.000000             1.007825          0.00000000  0.00000000  6.18189184   
	      10.000000            19.992440          0.00000000  0.00000000 -0.35493019   

	 - Coordinate -           - BOHR/RAD -       - ANG/DEG -
	 R(1,2)           =         6.536822           3.459137

2025-12-23:10:29:16,260 INFO     [psi4.optking.convcheck:76] Performing convergence check.
2025-12-23:10:29:16,260 INFO     [psi4.optking.convcheck:282] 
	                                 ==> Convergence Check <==                                  
    
	Measures of convergence in internal coordinates in au.
    
	Criteria marked as inactive (o), active & met (*), and active & unmet ( ).

	----------------------------------------------------------------------------------------------
	   Step    Total Energy     Delta E     Max Force     RMS Force      Max Disp      RMS Disp   
	----------------------------------------------------------------------------------------------
	  Convergence Criteria     1.00e-06 *    3.00e-04 *             o    1.20e-03 *             o
	----------------------------------------------------------------------------------------------
	    12    -129.39832187   -3.07e-05      1.02e-04 *    1.02e-04 o    9.12e-02      9.12e-02 o  ~
	----------------------------------------------------------------------------------------------


2025-12-23:10:29:16,260 INFO     [psi4.optking.stepAlgorithms:296] 	Convergence check returned False
2025-12-23:10:29:16,270 INFO     [psi4.driver.task_planner:259] PLANNING Atomic:  keywords={'DAMPING_PERCENTAGE': 1.0, 'GEOM_MAXITER': 500, 'SCF__GUESS': 'READ', 'GUESS': 'SAP', 'MAXITER': 500, 'REFERENCE': 'UKS', 'function_kwargs': {}}
2025-12-23:10:29:16,272 INFO     [psi4.driver.driver:638] Compute gradient(): method=b3lyp, basis=cc-pvdz, molecule=default, nre=1.529795358241002
2025-12-23:10:29:16,503 INFO     [psi4.driver.driver:641] Return gradient(): -129.39832863952955
2025-12-23:10:29:16,503 INFO     [psi4.driver.driver:642] [[ 0.00000000  0.00000000 -0.00004799]
 [ 0.00000000 -0.00000000  0.00004992]]
2025-12-23:10:29:16,505 INFO     [psi4.optking.history:269] 	Performing BFGS update.
2025-12-23:10:29:16,505 INFO     [psi4.optking.history:280] 	Using 4 previous steps for update.
2025-12-23:10:29:16,505 WARNING  [psi4.optking.history:301] 	Change in internal coordinate of 5.06e-01 exceeds limit of 5.00e-01.
2025-12-23:10:29:16,505 WARNING  [psi4.optking.history:306] 	Skipping Hessian update for step 10.
2025-12-23:10:29:16,505 WARNING  [psi4.optking.history:301] 	Change in internal coordinate of 8.01e-01 exceeds limit of 5.00e-01.
2025-12-23:10:29:16,505 WARNING  [psi4.optking.history:306] 	Skipping Hessian update for step 9.
2025-12-23:10:29:16,505 WARNING  [psi4.optking.history:301] 	Change in internal coordinate of 1.15e+00 exceeds limit of 5.00e-01.
2025-12-23:10:29:16,505 WARNING  [psi4.optking.history:306] 	Skipping Hessian update for step 8.
2025-12-23:10:29:16,505 WARNING  [psi4.optking.history:301] 	Change in internal coordinate of 1.55e+00 exceeds limit of 5.00e-01.
2025-12-23:10:29:16,505 WARNING  [psi4.optking.history:306] 	Skipping Hessian update for step 7.
2025-12-23:10:29:16,505 WARNING  [psi4.optking.history:301] 	Change in internal coordinate of 1.97e+00 exceeds limit of 5.00e-01.
2025-12-23:10:29:16,505 WARNING  [psi4.optking.history:306] 	Skipping Hessian update for step 6.
2025-12-23:10:29:16,506 WARNING  [psi4.optking.history:301] 	Change in internal coordinate of 2.41e+00 exceeds limit of 5.00e-01.
2025-12-23:10:29:16,506 WARNING  [psi4.optking.history:306] 	Skipping Hessian update for step 5.
2025-12-23:10:29:16,506 WARNING  [psi4.optking.history:301] 	Change in internal coordinate of 2.86e+00 exceeds limit of 5.00e-01.
2025-12-23:10:29:16,506 WARNING  [psi4.optking.history:306] 	Skipping Hessian update for step 4.
2025-12-23:10:29:16,506 WARNING  [psi4.optking.history:301] 	Change in internal coordinate of 3.30e+00 exceeds limit of 5.00e-01.
2025-12-23:10:29:16,506 WARNING  [psi4.optking.history:306] 	Skipping Hessian update for step 3.
2025-12-23:10:29:16,506 WARNING  [psi4.optking.history:301] 	Change in internal coordinate of 3.77e+00 exceeds limit of 5.00e-01.
2025-12-23:10:29:16,506 WARNING  [psi4.optking.history:306] 	Skipping Hessian update for step 2.
2025-12-23:10:29:16,506 WARNING  [psi4.optking.history:301] 	Change in internal coordinate of 4.27e+00 exceeds limit of 5.00e-01.
2025-12-23:10:29:16,506 WARNING  [psi4.optking.history:306] 	Skipping Hessian update for step 1.
2025-12-23:10:29:16,506 INFO     [psi4.optking.history:317] 	Steps to be used in Hessian update:  12 11

2025-12-23:10:29:16,506 INFO     [psi4.optking.history:418] 	Updated Hessian (in au) 
 	   0.000734

2025-12-23:10:29:16,506 INFO     [psi4.optking.molsys:944] Projected (PHP) Hessian matrix
	   0.000734

2025-12-23:10:29:16,506 INFO     [psi4.optking.opt_helper:182] 
	         Geometry (au)                                       Gradient (au)
   0.0000000000   0.0000000000   6.2231129984		   0.0000000000   0.0000000000  -0.0000479879
   0.0000000000   0.0000000000  -0.3137090322		   0.0000000000  -0.0000000000   0.0000499160

2025-12-23:10:29:16,506 INFO     [psi4.optking.stepAlgorithms:368] 	Current Step Report 
 
	Current energy:      -129.3983286395
	Energy change for the previous step:
		Actual       :        -0.0000067722
		Projected    :        -0.0000046716

2025-12-23:10:29:16,506 INFO     [psi4.optking.stepAlgorithms:371] 	Energy ratio =    1.44967
2025-12-23:10:29:16,506 INFO     [psi4.optking.stepAlgorithms:929] 	Using RFO solution 1.
2025-12-23:10:29:16,506 INFO     [psi4.optking.displace:100] 	Determining Cartesian step for fragment 1.
2025-12-23:10:29:16,507 INFO     [psi4.optking.displace:415] 	Successfully converged to displaced geometry.
2025-12-23:10:29:16,507 INFO     [psi4.optking.displace:416] 	RMS(dx):  2.564e-16 	Max(dx):  4.441e-16 	RMS(dq):  0.000e+00
2025-12-23:10:29:16,507 INFO     [psi4.optking.displace:172] 

	        --- Internal Coordinate Step in ANG or DEG, aJ/ANG or AJ/DEG ---
	-------------------------------------------------------------------------------
	           Coordinate      Previous         Force          Change          New 
	           ----------      --------        ------          ------        ------
	               R(1,2)       3.45914        0.00040        0.03511       3.49425
	-------------------------------------------------------------------------------

2025-12-23:10:29:16,507 INFO     [psi4.optking.stepAlgorithms:113] 	|target step| :    0.0663550158
2025-12-23:10:29:16,507 INFO     [psi4.optking.stepAlgorithms:114] 	gradient     :   -0.0000489519
2025-12-23:10:29:16,507 INFO     [psi4.optking.stepAlgorithms:115] 	hessian      :    0.0007344796
2025-12-23:10:29:16,507 INFO     [psi4.optking.stepAlgorithms:113] 	|target step| :    0.0663550158
2025-12-23:10:29:16,507 INFO     [psi4.optking.stepAlgorithms:114] 	gradient     :   -0.0000489519
2025-12-23:10:29:16,507 INFO     [psi4.optking.stepAlgorithms:115] 	hessian      :    0.0007344796
2025-12-23:10:29:16,507 INFO     [psi4.optking.stepAlgorithms:206] 	Norm of achieved step-size    0.0663550158
2025-12-23:10:29:16,507 INFO     [psi4.optking.stepAlgorithms:208] 	Norm of achieved step-size (cart):    0.0469200816
2025-12-23:10:29:16,507 INFO     [psi4.optking.opt_helper:164] Molsys:

	                            ===> Fragment 1 <== 

	 Z (Atomic Numbers)          Masses                          Geom                  
	       1.000000             1.007825          0.00000000  0.00000000  6.25629051   
	      10.000000            19.992440          0.00000000  0.00000000 -0.34688654   

	 - Coordinate -           - BOHR/RAD -       - ANG/DEG -
	 R(1,2)           =         6.603177           3.494251

2025-12-23:10:29:16,507 INFO     [psi4.optking.convcheck:76] Performing convergence check.
2025-12-23:10:29:16,507 INFO     [psi4.optking.convcheck:282] 
	                                 ==> Convergence Check <==                                  
    
	Measures of convergence in internal coordinates in au.
    
	Criteria marked as inactive (o), active & met (*), and active & unmet ( ).

	----------------------------------------------------------------------------------------------
	   Step    Total Energy     Delta E     Max Force     RMS Force      Max Disp      RMS Disp   
	----------------------------------------------------------------------------------------------
	  Convergence Criteria     1.00e-06 *    3.00e-04 *             o    1.20e-03 *             o
	----------------------------------------------------------------------------------------------
	    13    -129.39832864   -6.77e-06      4.90e-05 *    4.90e-05 o    6.64e-02      6.64e-02 o  ~
	----------------------------------------------------------------------------------------------


2025-12-23:10:29:16,507 INFO     [psi4.optking.stepAlgorithms:296] 	Convergence check returned False
2025-12-23:10:29:16,518 INFO     [psi4.driver.task_planner:259] PLANNING Atomic:  keywords={'DAMPING_PERCENTAGE': 1.0, 'GEOM_MAXITER': 500, 'SCF__GUESS': 'READ', 'GUESS': 'SAP', 'MAXITER': 500, 'REFERENCE': 'UKS', 'function_kwargs': {}}
2025-12-23:10:29:16,519 INFO     [psi4.driver.driver:638] Compute gradient(): method=b3lyp, basis=cc-pvdz, molecule=default, nre=1.5144225165891676
2025-12-23:10:29:16,761 INFO     [psi4.driver.driver:641] Return gradient(): -129.39833078651782
2025-12-23:10:29:16,762 INFO     [psi4.driver.driver:642] [[ 0.00000000  0.00000000 -0.00001821]
 [-0.00000000 -0.00000000  0.00001896]]
2025-12-23:10:29:16,763 INFO     [psi4.optking.history:269] 	Performing BFGS update.
2025-12-23:10:29:16,763 INFO     [psi4.optking.history:280] 	Using 4 previous steps for update.
2025-12-23:10:29:16,763 WARNING  [psi4.optking.history:301] 	Change in internal coordinate of 5.73e-01 exceeds limit of 5.00e-01.
2025-12-23:10:29:16,763 WARNING  [psi4.optking.history:306] 	Skipping Hessian update for step 10.
2025-12-23:10:29:16,764 WARNING  [psi4.optking.history:301] 	Change in internal coordinate of 8.67e-01 exceeds limit of 5.00e-01.
2025-12-23:10:29:16,764 WARNING  [psi4.optking.history:306] 	Skipping Hessian update for step 9.
2025-12-23:10:29:16,764 WARNING  [psi4.optking.history:301] 	Change in internal coordinate of 1.22e+00 exceeds limit of 5.00e-01.
2025-12-23:10:29:16,764 WARNING  [psi4.optking.history:306] 	Skipping Hessian update for step 8.
2025-12-23:10:29:16,764 WARNING  [psi4.optking.history:301] 	Change in internal coordinate of 1.62e+00 exceeds limit of 5.00e-01.
2025-12-23:10:29:16,764 WARNING  [psi4.optking.history:306] 	Skipping Hessian update for step 7.
2025-12-23:10:29:16,764 WARNING  [psi4.optking.history:301] 	Change in internal coordinate of 2.04e+00 exceeds limit of 5.00e-01.
2025-12-23:10:29:16,764 WARNING  [psi4.optking.history:306] 	Skipping Hessian update for step 6.
2025-12-23:10:29:16,764 WARNING  [psi4.optking.history:301] 	Change in internal coordinate of 2.47e+00 exceeds limit of 5.00e-01.
2025-12-23:10:29:16,764 WARNING  [psi4.optking.history:306] 	Skipping Hessian update for step 5.
2025-12-23:10:29:16,764 WARNING  [psi4.optking.history:301] 	Change in internal coordinate of 2.93e+00 exceeds limit of 5.00e-01.
2025-12-23:10:29:16,764 WARNING  [psi4.optking.history:306] 	Skipping Hessian update for step 4.
2025-12-23:10:29:16,764 WARNING  [psi4.optking.history:301] 	Change in internal coordinate of 3.37e+00 exceeds limit of 5.00e-01.
2025-12-23:10:29:16,764 WARNING  [psi4.optking.history:306] 	Skipping Hessian update for step 3.
2025-12-23:10:29:16,764 WARNING  [psi4.optking.history:301] 	Change in internal coordinate of 3.84e+00 exceeds limit of 5.00e-01.
2025-12-23:10:29:16,764 WARNING  [psi4.optking.history:306] 	Skipping Hessian update for step 2.
2025-12-23:10:29:16,764 WARNING  [psi4.optking.history:301] 	Change in internal coordinate of 4.34e+00 exceeds limit of 5.00e-01.
2025-12-23:10:29:16,764 WARNING  [psi4.optking.history:306] 	Skipping Hessian update for step 1.
2025-12-23:10:29:16,764 INFO     [psi4.optking.history:317] 	Steps to be used in Hessian update:  13 12 11

2025-12-23:10:29:16,764 INFO     [psi4.optking.history:418] 	Updated Hessian (in au) 
 	   0.000680

2025-12-23:10:29:16,764 INFO     [psi4.optking.molsys:944] Projected (PHP) Hessian matrix
	   0.000680

2025-12-23:10:29:16,764 INFO     [psi4.optking.opt_helper:182] 
	         Geometry (au)                                       Gradient (au)
   0.0000000000   0.0000000000   6.2862835665		   0.0000000000   0.0000000000  -0.0000182059
   0.0000000000   0.0000000000  -0.3168934798		  -0.0000000000  -0.0000000000   0.0000189614

2025-12-23:10:29:16,764 INFO     [psi4.optking.stepAlgorithms:368] 	Current Step Report 
 
	Current energy:      -129.3983307865
	Energy change for the previous step:
		Actual       :        -0.0000021470
		Projected    :        -0.0000016241

2025-12-23:10:29:16,764 INFO     [psi4.optking.stepAlgorithms:371] 	Energy ratio =    1.32195
2025-12-23:10:29:16,765 INFO     [psi4.optking.stepAlgorithms:929] 	Using RFO solution 1.
2025-12-23:10:29:16,765 INFO     [psi4.optking.displace:100] 	Determining Cartesian step for fragment 1.
2025-12-23:10:29:16,765 INFO     [psi4.optking.displace:415] 	Successfully converged to displaced geometry.
2025-12-23:10:29:16,765 INFO     [psi4.optking.displace:416] 	RMS(dx):  0.000e+00 	Max(dx):  0.000e+00 	RMS(dq):  0.000e+00
2025-12-23:10:29:16,765 INFO     [psi4.optking.displace:172] 

	        --- Internal Coordinate Step in ANG or DEG, aJ/ANG or AJ/DEG ---
	-------------------------------------------------------------------------------
	           Coordinate      Previous         Force          Change          New 
	           ----------      --------        ------          ------        ------
	               R(1,2)       3.49425        0.00015        0.01446       3.50871
	-------------------------------------------------------------------------------

2025-12-23:10:29:16,765 INFO     [psi4.optking.stepAlgorithms:113] 	|target step| :    0.0273191382
2025-12-23:10:29:16,765 INFO     [psi4.optking.stepAlgorithms:114] 	gradient     :   -0.0000185837
2025-12-23:10:29:16,765 INFO     [psi4.optking.stepAlgorithms:115] 	hessian      :    0.0006797354
2025-12-23:10:29:16,765 INFO     [psi4.optking.stepAlgorithms:113] 	|target step| :    0.0273191382
2025-12-23:10:29:16,765 INFO     [psi4.optking.stepAlgorithms:114] 	gradient     :   -0.0000185837
2025-12-23:10:29:16,765 INFO     [psi4.optking.stepAlgorithms:115] 	hessian      :    0.0006797354
2025-12-23:10:29:16,765 INFO     [psi4.optking.stepAlgorithms:206] 	Norm of achieved step-size    0.0273191382
2025-12-23:10:29:16,765 INFO     [psi4.optking.stepAlgorithms:208] 	Norm of achieved step-size (cart):    0.0193175479
2025-12-23:10:29:16,765 INFO     [psi4.optking.opt_helper:164] Molsys:

	                            ===> Fragment 1 <== 

	 Z (Atomic Numbers)          Masses                          Geom                  
	       1.000000             1.007825          0.00000000  0.00000000  6.29994314   
	      10.000000            19.992440          0.00000000  0.00000000 -0.33055305   

	 - Coordinate -           - BOHR/RAD -       - ANG/DEG -
	 R(1,2)           =         6.630496           3.508707

2025-12-23:10:29:16,765 INFO     [psi4.optking.convcheck:76] Performing convergence check.
2025-12-23:10:29:16,765 INFO     [psi4.optking.convcheck:282] 
	                                 ==> Convergence Check <==                                  
    
	Measures of convergence in internal coordinates in au.
    
	Criteria marked as inactive (o), active & met (*), and active & unmet ( ).

	----------------------------------------------------------------------------------------------
	   Step    Total Energy     Delta E     Max Force     RMS Force      Max Disp      RMS Disp   
	----------------------------------------------------------------------------------------------
	  Convergence Criteria     1.00e-06 *    3.00e-04 *             o    1.20e-03 *             o
	----------------------------------------------------------------------------------------------
	    14    -129.39833079   -2.15e-06      1.86e-05 *    1.86e-05 o    2.73e-02      2.73e-02 o  ~
	----------------------------------------------------------------------------------------------


2025-12-23:10:29:16,765 INFO     [psi4.optking.stepAlgorithms:296] 	Convergence check returned False
2025-12-23:10:29:16,776 INFO     [psi4.driver.task_planner:259] PLANNING Atomic:  keywords={'DAMPING_PERCENTAGE': 1.0, 'GEOM_MAXITER': 500, 'SCF__GUESS': 'READ', 'GUESS': 'SAP', 'MAXITER': 500, 'REFERENCE': 'UKS', 'function_kwargs': {}}
2025-12-23:10:29:16,777 INFO     [psi4.driver.driver:638] Compute gradient(): method=b3lyp, basis=cc-pvdz, molecule=default, nre=1.5081827546028175
2025-12-23:10:29:16,996 INFO     [psi4.driver.driver:641] Return gradient(): -129.3983311938019
2025-12-23:10:29:16,996 INFO     [psi4.driver.driver:642] [[ 0.00000000  0.00000000 -0.00000739]
 [ 0.00000000 -0.00000000  0.00000860]]
2025-12-23:10:29:16,998 INFO     [psi4.optking.history:269] 	Performing BFGS update.
2025-12-23:10:29:16,998 INFO     [psi4.optking.history:280] 	Using 4 previous steps for update.
2025-12-23:10:29:16,998 INFO     [psi4.optking.history:317] 	Steps to be used in Hessian update:  14 13 12 11

2025-12-23:10:29:16,998 INFO     [psi4.optking.history:418] 	Updated Hessian (in au) 
 	   0.000658

2025-12-23:10:29:16,999 INFO     [psi4.optking.molsys:944] Projected (PHP) Hessian matrix
	   0.000658

2025-12-23:10:29:16,999 INFO     [psi4.optking.opt_helper:182] 
	         Geometry (au)                                       Gradient (au)
   0.0000000000   0.0000000000   6.3122916302		   0.0000000000   0.0000000000  -0.0000073948
   0.0000000000   0.0000000000  -0.3182045543		   0.0000000000  -0.0000000000   0.0000085983

2025-12-23:10:29:16,999 INFO     [psi4.optking.stepAlgorithms:368] 	Current Step Report 
 
	Current energy:      -129.3983311938
	Energy change for the previous step:
		Actual       :        -0.0000004073
		Projected    :        -0.0000002538

2025-12-23:10:29:16,999 INFO     [psi4.optking.stepAlgorithms:371] 	Energy ratio =    1.60446
2025-12-23:10:29:16,999 INFO     [psi4.optking.stepAlgorithms:929] 	Using RFO solution 1.
2025-12-23:10:29:16,999 INFO     [psi4.optking.displace:100] 	Determining Cartesian step for fragment 1.
2025-12-23:10:29:16,999 INFO     [psi4.optking.displace:415] 	Successfully converged to displaced geometry.
2025-12-23:10:29:16,999 INFO     [psi4.optking.displace:416] 	RMS(dx):  2.564e-16 	Max(dx):  4.441e-16 	RMS(dq):  0.000e+00
2025-12-23:10:29:16,999 INFO     [psi4.optking.displace:172] 

	        --- Internal Coordinate Step in ANG or DEG, aJ/ANG or AJ/DEG ---
	-------------------------------------------------------------------------------
	           Coordinate      Previous         Force          Change          New 
	           ----------      --------        ------          ------        ------
	               R(1,2)       3.50871        0.00007        0.00643       3.51514
	-------------------------------------------------------------------------------

2025-12-23:10:29:16,999 INFO     [psi4.optking.stepAlgorithms:113] 	|target step| :    0.0121558802
2025-12-23:10:29:16,999 INFO     [psi4.optking.stepAlgorithms:114] 	gradient     :   -0.0000079965
2025-12-23:10:29:16,999 INFO     [psi4.optking.stepAlgorithms:115] 	hessian      :    0.0006577353
2025-12-23:10:29:16,999 INFO     [psi4.optking.stepAlgorithms:113] 	|target step| :    0.0121558802
2025-12-23:10:29:16,999 INFO     [psi4.optking.stepAlgorithms:114] 	gradient     :   -0.0000079965
2025-12-23:10:29:16,999 INFO     [psi4.optking.stepAlgorithms:115] 	hessian      :    0.0006577353
2025-12-23:10:29:16,999 INFO     [psi4.optking.stepAlgorithms:206] 	Norm of achieved step-size    0.0121558802
2025-12-23:10:29:16,999 INFO     [psi4.optking.stepAlgorithms:208] 	Norm of achieved step-size (cart):    0.0085955053
2025-12-23:10:29:16,999 INFO     [psi4.optking.opt_helper:164] Molsys:

	                            ===> Fragment 1 <== 

	 Z (Atomic Numbers)          Masses                          Geom                  
	       1.000000             1.007825          0.00000000  0.00000000  6.31836957   
	      10.000000            19.992440          0.00000000  0.00000000 -0.32428249   

	 - Coordinate -           - BOHR/RAD -       - ANG/DEG -
	 R(1,2)           =         6.642652           3.515140

2025-12-23:10:29:17,0 INFO     [psi4.optking.convcheck:76] Performing convergence check.
2025-12-23:10:29:17,0 INFO     [psi4.optking.convcheck:282] 
	                                 ==> Convergence Check <==                                  
    
	Measures of convergence in internal coordinates in au.
    
	Criteria marked as inactive (o), active & met (*), and active & unmet ( ).

	----------------------------------------------------------------------------------------------
	   Step    Total Energy     Delta E     Max Force     RMS Force      Max Disp      RMS Disp   
	----------------------------------------------------------------------------------------------
	  Convergence Criteria     1.00e-06 *    3.00e-04 *             o    1.20e-03 *             o
	----------------------------------------------------------------------------------------------
	    15    -129.39833119   -4.07e-07 *    8.00e-06 *    8.00e-06 o    1.22e-02      1.22e-02 o  ~
	----------------------------------------------------------------------------------------------


2025-12-23:10:29:17,0 INFO     [psi4.optking.convcheck:206] 
	                      ===> Final Convergence Report <===                     

	----------------------------------------------------------------------------
	|   Required Criteria    |  One or More Criteria  |   Alternate Criteria   |
	----------------------------------------------------------------------------
	| [x]     max_force      | [x]       max_DE       |                        |
	|                        | [ ]      max_disp      |                        |
	----------------------------------------------------------------------------


2025-12-23:10:29:17,0 INFO     [psi4.optking.stepAlgorithms:296] 	Convergence check returned True
2025-12-23:10:29:17,0 INFO     [psi4.optking.optimize:332] 	Converged in 15 steps!
2025-12-23:10:29:17,0 INFO     [psi4.optking.optimize:333] 	Final energy is   -129.3983311938019
2025-12-23:10:29:17,0 INFO     [psi4.optking.optimize:334] 	Final structure (Angstroms): 
	Fragment 1 (Ang)

	    H   0.0000000000   0.0000000000   3.3435371852
	   Ne   0.0000000000   0.0000000000  -0.1716029059


2025-12-23:10:29:17,0 INFO     [psi4.optking.optimize:562] 	Optimization Finished

	==> Optimization Summary <==

        
	Measures of convergence in internal coordinates in au. (Any backward steps not shown.)
        
	---------------------------------------------------------------------------------------------------------------  ~
        
	 Step         Total Energy             Delta E       MAX Force       RMS Force        MAX Disp        RMS Disp   ~
        
	---------------------------------------------------------------------------------------------------------------  ~
        
	     1    -129.243294554948   -129.243294554948      0.19875946      0.19875946      0.50000018      0.50000018  ~
	     2    -129.318297345138     -0.075002790190      0.10815900      0.10815900      0.46682248      0.46682248  ~
	     3    -129.356072569195     -0.037775224057      0.05860109      0.05860109      0.44345399      0.44345399  ~
	     4    -129.375795545716     -0.019722976521      0.03283319      0.03283319      0.45041288      0.45041288  ~
	     5    -129.386924195338     -0.011128649622      0.01794442      0.01794442      0.43848049      0.43848049  ~
	     6    -129.392803511275     -0.005879315937      0.00965091      0.00965091      0.42016705      0.42016705  ~
	     7    -129.395817304936     -0.003013793660      0.00510379      0.00510379      0.39720117      0.39720117  ~
	     8    -129.397296028823     -0.001478723887      0.00256517      0.00256517      0.35170743      0.35170743  ~
	     9    -129.397941720271     -0.000645691448      0.00122675      0.00122675      0.29441889      0.29441889  ~
	    10    -129.398196920371     -0.000255200100      0.00056512      0.00056512      0.23731457      0.23731457  ~
	    11    -129.398291172264     -0.000094251892      0.00024665      0.00024665      0.17797613      0.17797613  ~
	    12    -129.398321867293     -0.000030695029      0.00010245      0.00010245      0.09119544      0.09119544  ~
	    13    -129.398328639530     -0.000006772237      0.00004895      0.00004895      0.06635502      0.06635502  ~
	    14    -129.398330786518     -0.000002146988      0.00001858      0.00001858      0.02731914      0.02731914  ~
	    15    -129.398331193802     -0.000000407284      0.00000800      0.00000800      0.01215588      0.01215588  ~
	----------------------------------------------------------------------------------------------------------------


2025-12-23:10:29:17,0 INFO     [psi4.optking.optimize:806] Preparing OptimizationResult
