2025-12-23:11:26:55,455 WARNING  [psi4.optking:38] Some dependencies such as QCElemental have not yet finished migration to pydantic v2. If issues are encountered please downgrade pydantic or upgrade QCElemental as appropriate
2025-12-23:11:26:55,616 INFO     [psi4.optking.optwrapper:234] Creating a UserComputer
2025-12-23:11:26:55,616 INFO     [psi4.optking.optwrapper:242] 
    			-----------------------------------------

    			 OPTKING 3.0: for geometry optimizations 

    			     By R.A. King, Bethel University     

    			        with contributions from          

    			    A.V. Copan, J. Cayton, A. Heide      

    			-----------------------------------------

    
2025-12-23:11:26:55,616 INFO     [psi4.optking.optwrapper:272] 
		 -- Optimization Parameters --
	GEOM_MAXITER                   =             500
	ALG_GEOM_MAXITER               =              50
	PRINT                          =               1
	OPT_TYPE                       =             MIN
	STEP_TYPE                      =             RFO
	PROGRAM                        =            PSI4
	STEEPEST_DESCENT_TYPE          =         OVERLAP
	CONJUGATE_GRADIENT_TYPE        =        FLETCHER
	OPT_COORDINATES                =        INTERNAL
	RFO_FOLLOW_ROOT                =           False
	RFO_ROOT                       =               0
	ACCEPT_SYMMETRY_BREAKING       =           False
	DYNAMIC_LVL                    =               0
	DYNAMIC_LVL_MAX                =               0
	IRC_STEP_SIZE                  =             0.2
	IRC_DIRECTION                  =         FORWARD
	IRC_POINTS                     =              20
	IRC_MODE                       =          NORMAL
	IRC_CONVERGENCE                =            -0.7
	INTRAFRAG_STEP_LIMIT           =             0.5
	INTRAFRAG_STEP_LIMIT_MIN       =           0.001
	INTRAFRAG_STEP_LIMIT_MAX       =             1.0
	INTERFRAG_STEP_LIMIT           =             0.5
	INTERFRAG_STEP_LIMIT_MIN       =           0.001
	INTERFRAG_STEP_LIMIT_MAX       =             1.0
	ENSURE_BT_CONVERGENCE          =           False
	SIMPLE_STEP_SCALING            =           False
	CONSECUTIVE_BACKSTEPS          =               0
	RFO_NORMALIZATION_MAX          =             100
	RSRFO_ALPHA_MAX                =     100000000.0
	PRINT_TRAJECTORY_XYZ_FILE      =           False
	WRITE_TRAJECTORY               =           False
	FROZEN_DISTANCE                =                
	FROZEN_BEND                    =                
	FROZEN_DIHEDRAL                =                
	FROZEN_OOFP                    =                
	FROZEN_CARTESIAN               =                
	FREEZE_ALL_DIHEDRALS           =           False
	UNFREEZE_DIHEDRALS             =                
	RANGED_DISTANCE                =                
	RANGED_BEND                    =                
	RANGED_DIHEDRAL                =                
	RANGED_OOFP                    =                
	RANGED_CARTESIAN               =                
	EXT_FORCE_DISTANCE             =                
	EXT_FORCE_BEND                 =                
	EXT_FORCE_DIHEDRAL             =                
	EXT_FORCE_OOFP                 =                
	EXT_FORCE_CARTESIAN            =                
	G_CONVERGENCE                  =           QCHEM
	MAX_FORCE_G_CONVERGENCE        =          0.0003
	RMS_FORCE_G_CONVERGENCE        =          0.0003
	MAX_ENERGY_G_CONVERGENCE       =           1e-06
	MAX_DISP_G_CONVERGENCE         =          0.0012
	RMS_DISP_G_CONVERGENCE         =          0.0012
	FLEXIBLE_G_CONVERGENCE         =           False
	HESS_UPDATE                    =            BFGS
	HESS_UPDATE_USE_LAST           =               4
	HESS_UPDATE_LIMIT              =            True
	HESS_UPDATE_LIMIT_MAX          =             1.0
	HESS_UPDATE_LIMIT_SCALE        =             0.5
	HESS_UPDATE_DEN_TOL            =           1e-07
	HESS_UPDATE_DQ_TOL             =             0.5
	CART_HESS_READ                 =           False
	HESSIAN_FILE                   =               .
	FULL_HESS_EVERY                =              -1
	INTRAFRAG_HESS                 =        SCHLEGEL
	H_GUESS_EVERY                  =           False
	BT_MAX_ITER                    =              25
	BT_DX_CONV                     =           1e-07
	BT_DX_RMS_CHANGE_CONV          =           1e-12
	BT_PINV_RCOND                  =           1e-06
	FRAG_MODE                      =          SINGLE
	FRAG_REF_ATOMS                 =              []
	FREEZE_INTRAFRAG               =           False
	INTERFRAG_MODE                 =           FIXED
	ADD_AUXILIARY_BONDS            =           False
	AUXILIARY_BOND_FACTOR          =             2.5
	INTERFRAG_DIST_INV             =           False
	INTERFRAG_COLLINEAR_TOL        =            0.01
	INTERFRAG_COORDS               =              []
	INTERFRAG_HESS                 =         DEFAULT
	COVALENT_CONNECT               =             1.3
	INTERFRAGMENT_CONNECT          =             1.8
	H_BOND_CONNECT                 =             4.3
	INCLUDE_OOFP                   =           False
	TEST_B                         =           False
	TEST_DERIVATIVE_B              =           False
	LINESEARCH_STEP                =             0.1
	LINESEARCH                     =           False
	SD_HESSIAN                     =             1.0
	FIX_VAL_NEAR_PI                =            1.57
	V3D_TORS_ANGLE_LIM             =           0.017
	V3D_TORS_COS_TOL               =           1e-10
	LINEAR_BEND_THRESHOLD          =            3.05
	SMALL_BEND_FIX_THRESHOLD       =            0.35
	REDUNDANT_EVAL_TOL             =           1e-10
	LINEAR_ALGEBRA_TOL             =           1e-10


2025-12-23:11:26:55,751 INFO     [psi4.optking.opt_helper:164] Molsys:

	                            ===> Fragment 1 <== 

	 Z (Atomic Numbers)          Masses                          Geom                  
	      11.000000            22.989769          0.00000000  0.00000000  1.31913614   
	      16.000000            31.972071          0.00000000  0.00000000 -0.94853522   

	 - Coordinate -           - BOHR/RAD -       - ANG/DEG -
	 R(1,2)           =         2.267671           1.200000

2025-12-23:11:26:55,761 INFO     [psi4.driver.task_planner:259] PLANNING Atomic:  keywords={'DAMPING_PERCENTAGE': 1.0, 'GEOM_MAXITER': 500, 'GUESS': 'SAP', 'MAXITER': 500, 'REFERENCE': 'UKS', 'function_kwargs': {}}
2025-12-23:11:26:55,762 INFO     [psi4.driver.driver:638] Compute gradient(): method=b3lyp, basis=cc-pvdz, molecule=default, nre=77.61265756493334
2025-12-23:11:26:56,605 INFO     [psi4.driver.driver:641] Return gradient(): -559.5798183244494
2025-12-23:11:26:56,605 INFO     [psi4.driver.driver:642] [[ 0.00000000 -0.00000000 -1.66304267]
 [ 0.00000000 -0.00000000  1.66330050]]
2025-12-23:11:26:56,607 INFO     [psi4.optking.molsys:944] Projected (PHP) Hessian matrix
	 217.822043

2025-12-23:11:26:56,607 INFO     [psi4.optking.opt_helper:182] 
	         Geometry (au)                                       Gradient (au)
   0.0000000000   0.0000000000   1.3191361355		   0.0000000000  -0.0000000000  -1.6630426702
   0.0000000000   0.0000000000  -0.9485352150		   0.0000000000  -0.0000000000   1.6633005028

2025-12-23:11:26:56,607 INFO     [psi4.optking.stepAlgorithms:929] 	Using RFO solution 1.
2025-12-23:11:26:56,607 INFO     [psi4.optking.displace:100] 	Determining Cartesian step for fragment 1.
2025-12-23:11:26:56,608 INFO     [psi4.optking.displace:415] 	Successfully converged to displaced geometry.
2025-12-23:11:26:56,608 INFO     [psi4.optking.displace:416] 	RMS(dx):  0.000e+00 	Max(dx):  0.000e+00 	RMS(dq):  0.000e+00
2025-12-23:11:26:56,608 INFO     [psi4.optking.displace:172] 

	        --- Internal Coordinate Step in ANG or DEG, aJ/ANG or AJ/DEG ---
	-------------------------------------------------------------------------------
	           Coordinate      Previous         Force          Change          New 
	           ----------      --------        ------          ------        ------
	               R(1,2)       1.20000       13.70241        0.00404       1.20404
	-------------------------------------------------------------------------------

2025-12-23:11:26:56,608 INFO     [psi4.optking.stepAlgorithms:113] 	|target step| :    0.0076350153
2025-12-23:11:26:56,608 INFO     [psi4.optking.stepAlgorithms:114] 	gradient     :   -1.6631715865
2025-12-23:11:26:56,608 INFO     [psi4.optking.stepAlgorithms:115] 	hessian      :  217.8220428578
2025-12-23:11:26:56,608 INFO     [psi4.optking.stepAlgorithms:113] 	|target step| :    0.0076350153
2025-12-23:11:26:56,608 INFO     [psi4.optking.stepAlgorithms:114] 	gradient     :   -1.6631715865
2025-12-23:11:26:56,608 INFO     [psi4.optking.stepAlgorithms:115] 	hessian      :  217.8220428578
2025-12-23:11:26:56,608 INFO     [psi4.optking.stepAlgorithms:206] 	Norm of achieved step-size    0.0076350153
2025-12-23:11:26:56,608 INFO     [psi4.optking.stepAlgorithms:208] 	Norm of achieved step-size (cart):    0.0053987711
2025-12-23:11:26:56,608 INFO     [psi4.optking.opt_helper:164] Molsys:

	                            ===> Fragment 1 <== 

	 Z (Atomic Numbers)          Masses                          Geom                  
	      11.000000            22.989769          0.00000000  0.00000000  1.32295364   
	      16.000000            31.972071          0.00000000  0.00000000 -0.95235272   

	 - Coordinate -           - BOHR/RAD -       - ANG/DEG -
	 R(1,2)           =         2.275306           1.204040

2025-12-23:11:26:56,608 INFO     [psi4.optking.convcheck:76] Performing convergence check.
2025-12-23:11:26:56,608 INFO     [psi4.optking.convcheck:282] 
	                                 ==> Convergence Check <==                                  
    
	Measures of convergence in internal coordinates in au.
    
	Criteria marked as inactive (o), active & met (*), and active & unmet ( ).

	----------------------------------------------------------------------------------------------~
	   Step    Total Energy     Delta E     Max Force     RMS Force      Max Disp      RMS Disp   ~
	----------------------------------------------------------------------------------------------~
	  Convergence Criteria     1.00e-06 *    3.00e-04 *             o    1.20e-03 *             o~
	----------------------------------------------------------------------------------------------~
	     1    -559.57981832   -5.60e+02      1.66e+00      1.66e+00 o    7.64e-03      7.64e-03 o  ~
	----------------------------------------------------------------------------------------------


2025-12-23:11:26:56,608 INFO     [psi4.optking.stepAlgorithms:296] 	Convergence check returned False
2025-12-23:11:26:56,619 INFO     [psi4.driver.task_planner:259] PLANNING Atomic:  keywords={'DAMPING_PERCENTAGE': 1.0, 'GEOM_MAXITER': 500, 'SCF__GUESS': 'READ', 'GUESS': 'SAP', 'MAXITER': 500, 'REFERENCE': 'UKS', 'function_kwargs': {}}
2025-12-23:11:26:56,620 INFO     [psi4.driver.driver:638] Compute gradient(): method=b3lyp, basis=cc-pvdz, molecule=default, nre=77.35222062399663
2025-12-23:11:26:57,473 INFO     [psi4.driver.driver:641] Return gradient(): -559.5924258607321
2025-12-23:11:26:57,473 INFO     [psi4.driver.driver:642] [[ 0.00000000  0.00000000 -1.63905452]
 [ 0.00000000  0.00000000  1.63930666]]
2025-12-23:11:26:57,474 INFO     [psi4.optking.history:269] 	Performing BFGS update.
2025-12-23:11:26:57,474 INFO     [psi4.optking.history:280] 	Using 1 previous steps for update.
2025-12-23:11:26:57,475 INFO     [psi4.optking.history:317] 	Steps to be used in Hessian update:  1

2025-12-23:11:26:57,475 INFO     [psi4.optking.history:418] 	Updated Hessian (in au) 
 	 108.911021

2025-12-23:11:26:57,475 INFO     [psi4.optking.molsys:944] Projected (PHP) Hessian matrix
	 108.911021

2025-12-23:11:26:57,475 INFO     [psi4.optking.opt_helper:182] 
	         Geometry (au)                                       Gradient (au)
   0.0000000000   0.0000000000   1.3235775307		   0.0000000000   0.0000000000  -1.6390545208
   0.0000000000   0.0000000000  -0.9517288352		   0.0000000000   0.0000000000   1.6393066581

2025-12-23:11:26:57,475 INFO     [psi4.optking.stepAlgorithms:368] 	Current Step Report 
 
	Current energy:      -559.5924258607
	Energy change for the previous step:
		Actual       :        -0.0126075363
		Projected    :        -0.0063491703

2025-12-23:11:26:57,475 INFO     [psi4.optking.stepAlgorithms:371] 	Energy ratio =    1.98570
2025-12-23:11:26:57,475 INFO     [psi4.optking.stepAlgorithms:399] 	Energy ratio indicates good step.
2025-12-23:11:26:57,475 INFO     [psi4.optking.stepAlgorithms:400] 	Intrafrag trust radius increased to      1.
2025-12-23:11:26:57,475 INFO     [psi4.optking.stepAlgorithms:929] 	Using RFO solution 1.
2025-12-23:11:26:57,475 INFO     [psi4.optking.displace:100] 	Determining Cartesian step for fragment 1.
2025-12-23:11:26:57,476 INFO     [psi4.optking.displace:415] 	Successfully converged to displaced geometry.
2025-12-23:11:26:57,476 INFO     [psi4.optking.displace:416] 	RMS(dx):  1.282e-16 	Max(dx):  2.220e-16 	RMS(dq):  4.441e-16
2025-12-23:11:26:57,476 INFO     [psi4.optking.displace:172] 

	        --- Internal Coordinate Step in ANG or DEG, aJ/ANG or AJ/DEG ---
	-------------------------------------------------------------------------------
	           Coordinate      Previous         Force          Change          New 
	           ----------      --------        ------          ------        ------
	               R(1,2)       1.20404       13.50476        0.00796       1.21200
	-------------------------------------------------------------------------------

2025-12-23:11:26:57,476 INFO     [psi4.optking.stepAlgorithms:113] 	|target step| :    0.0150472324
2025-12-23:11:26:57,476 INFO     [psi4.optking.stepAlgorithms:114] 	gradient     :   -1.6391805895
2025-12-23:11:26:57,476 INFO     [psi4.optking.stepAlgorithms:115] 	hessian      :  108.9110214289
2025-12-23:11:26:57,476 INFO     [psi4.optking.stepAlgorithms:113] 	|target step| :    0.0150472324
2025-12-23:11:26:57,476 INFO     [psi4.optking.stepAlgorithms:114] 	gradient     :   -1.6391805895
2025-12-23:11:26:57,476 INFO     [psi4.optking.stepAlgorithms:115] 	hessian      :  108.9110214289
2025-12-23:11:26:57,476 INFO     [psi4.optking.stepAlgorithms:206] 	Norm of achieved step-size    0.0150472324
2025-12-23:11:26:57,476 INFO     [psi4.optking.stepAlgorithms:208] 	Norm of achieved step-size (cart):    0.0106400000
2025-12-23:11:26:57,476 INFO     [psi4.optking.opt_helper:164] Molsys:

	                            ===> Fragment 1 <== 

	 Z (Atomic Numbers)          Masses                          Geom                  
	      11.000000            22.989769          0.00000000  0.00000000  1.33110115   
	      16.000000            31.972071          0.00000000  0.00000000 -0.95925245   

	 - Coordinate -           - BOHR/RAD -       - ANG/DEG -
	 R(1,2)           =         2.290354           1.212003

2025-12-23:11:26:57,476 INFO     [psi4.optking.convcheck:76] Performing convergence check.
2025-12-23:11:26:57,476 INFO     [psi4.optking.convcheck:282] 
	                                 ==> Convergence Check <==                                  
    
	Measures of convergence in internal coordinates in au.
    
	Criteria marked as inactive (o), active & met (*), and active & unmet ( ).

	----------------------------------------------------------------------------------------------
	   Step    Total Energy     Delta E     Max Force     RMS Force      Max Disp      RMS Disp   
	----------------------------------------------------------------------------------------------
	  Convergence Criteria     1.00e-06 *    3.00e-04 *             o    1.20e-03 *             o
	----------------------------------------------------------------------------------------------
	     2    -559.59242586   -1.26e-02      1.64e+00      1.64e+00 o    1.50e-02      1.50e-02 o  ~
	----------------------------------------------------------------------------------------------


2025-12-23:11:26:57,476 INFO     [psi4.optking.stepAlgorithms:296] 	Convergence check returned False
2025-12-23:11:26:57,487 INFO     [psi4.driver.task_planner:259] PLANNING Atomic:  keywords={'DAMPING_PERCENTAGE': 1.0, 'GEOM_MAXITER': 500, 'SCF__GUESS': 'READ', 'GUESS': 'SAP', 'MAXITER': 500, 'REFERENCE': 'UKS', 'function_kwargs': {}}
2025-12-23:11:26:57,488 INFO     [psi4.driver.driver:638] Compute gradient(): method=b3lyp, basis=cc-pvdz, molecule=default, nre=76.84402973188232
2025-12-23:11:26:58,266 INFO     [psi4.driver.driver:641] Return gradient(): -559.6167457901056
2025-12-23:11:26:58,266 INFO     [psi4.driver.driver:642] [[-0.00000000  0.00000000 -1.59315842]
 [ 0.00000000 -0.00000000  1.59338290]]
2025-12-23:11:26:58,268 INFO     [psi4.optking.history:269] 	Performing BFGS update.
2025-12-23:11:26:58,268 INFO     [psi4.optking.history:280] 	Using 2 previous steps for update.
2025-12-23:11:26:58,268 INFO     [psi4.optking.history:317] 	Steps to be used in Hessian update:  2 1

2025-12-23:11:26:58,268 INFO     [psi4.optking.history:418] 	Updated Hessian (in au) 
 	  27.227755

2025-12-23:11:26:58,268 INFO     [psi4.optking.molsys:944] Projected (PHP) Hessian matrix
	  27.227755

2025-12-23:11:26:58,268 INFO     [psi4.optking.opt_helper:182] 
	         Geometry (au)                                       Gradient (au)
   0.0000000000   0.0000000000   1.3323307162		  -0.0000000000   0.0000000000  -1.5931584179
   0.0000000000   0.0000000000  -0.9580228821		   0.0000000000  -0.0000000000   1.5933829026

2025-12-23:11:26:58,268 INFO     [psi4.optking.stepAlgorithms:368] 	Current Step Report 
 
	Current energy:      -559.6167457901
	Energy change for the previous step:
		Actual       :        -0.0243199294
		Projected    :        -0.0123325656

2025-12-23:11:26:58,268 INFO     [psi4.optking.stepAlgorithms:371] 	Energy ratio =    1.97201
2025-12-23:11:26:58,268 INFO     [psi4.optking.stepAlgorithms:929] 	Using RFO solution 1.
2025-12-23:11:26:58,269 INFO     [psi4.optking.displace:100] 	Determining Cartesian step for fragment 1.
2025-12-23:11:26:58,269 INFO     [psi4.optking.displace:415] 	Successfully converged to displaced geometry.
2025-12-23:11:26:58,269 INFO     [psi4.optking.displace:416] 	RMS(dx):  0.000e+00 	Max(dx):  0.000e+00 	RMS(dq):  0.000e+00
2025-12-23:11:26:58,269 INFO     [psi4.optking.displace:172] 

	        --- Internal Coordinate Step in ANG or DEG, aJ/ANG or AJ/DEG ---
	-------------------------------------------------------------------------------
	           Coordinate      Previous         Force          Change          New 
	           ----------      --------        ------          ------        ------
	               R(1,2)       1.21200       13.12652        0.03086       1.24286
	-------------------------------------------------------------------------------

2025-12-23:11:26:58,269 INFO     [psi4.optking.stepAlgorithms:113] 	|target step| :    0.0583174064
2025-12-23:11:26:58,269 INFO     [psi4.optking.stepAlgorithms:114] 	gradient     :   -1.5932706603
2025-12-23:11:26:58,269 INFO     [psi4.optking.stepAlgorithms:115] 	hessian      :   27.2277553572
2025-12-23:11:26:58,269 INFO     [psi4.optking.stepAlgorithms:113] 	|target step| :    0.0583174064
2025-12-23:11:26:58,269 INFO     [psi4.optking.stepAlgorithms:114] 	gradient     :   -1.5932706603
2025-12-23:11:26:58,269 INFO     [psi4.optking.stepAlgorithms:115] 	hessian      :   27.2277553572
2025-12-23:11:26:58,269 INFO     [psi4.optking.stepAlgorithms:206] 	Norm of achieved step-size    0.0583174064
2025-12-23:11:26:58,269 INFO     [psi4.optking.stepAlgorithms:208] 	Norm of achieved step-size (cart):    0.0412366335
2025-12-23:11:26:58,269 INFO     [psi4.optking.opt_helper:164] Molsys:

	                            ===> Fragment 1 <== 

	 Z (Atomic Numbers)          Masses                          Geom                  
	      11.000000            22.989769          0.00000000  0.00000000  1.36148942   
	      16.000000            31.972071          0.00000000  0.00000000 -0.98718159   

	 - Coordinate -           - BOHR/RAD -       - ANG/DEG -
	 R(1,2)           =         2.348671           1.242863

2025-12-23:11:26:58,270 INFO     [psi4.optking.convcheck:76] Performing convergence check.
2025-12-23:11:26:58,270 INFO     [psi4.optking.convcheck:282] 
	                                 ==> Convergence Check <==                                  
    
	Measures of convergence in internal coordinates in au.
    
	Criteria marked as inactive (o), active & met (*), and active & unmet ( ).

	----------------------------------------------------------------------------------------------
	   Step    Total Energy     Delta E     Max Force     RMS Force      Max Disp      RMS Disp   
	----------------------------------------------------------------------------------------------
	  Convergence Criteria     1.00e-06 *    3.00e-04 *             o    1.20e-03 *             o
	----------------------------------------------------------------------------------------------
	     3    -559.61674579   -2.43e-02      1.59e+00      1.59e+00 o    5.83e-02      5.83e-02 o  ~
	----------------------------------------------------------------------------------------------


2025-12-23:11:26:58,270 INFO     [psi4.optking.stepAlgorithms:296] 	Convergence check returned False
2025-12-23:11:26:58,280 INFO     [psi4.driver.task_planner:259] PLANNING Atomic:  keywords={'DAMPING_PERCENTAGE': 1.0, 'GEOM_MAXITER': 500, 'SCF__GUESS': 'READ', 'GUESS': 'SAP', 'MAXITER': 500, 'REFERENCE': 'UKS', 'function_kwargs': {}}
2025-12-23:11:26:58,282 INFO     [psi4.driver.driver:638] Compute gradient(): method=b3lyp, basis=cc-pvdz, molecule=default, nre=74.93599557040879
2025-12-23:11:26:59,84 INFO     [psi4.driver.driver:641] Return gradient(): -559.7048243869838
2025-12-23:11:26:59,84 INFO     [psi4.driver.driver:642] [[ 0.00000000  0.00000000 -1.43109163]
 [-0.00000000  0.00000000  1.43114866]]
2025-12-23:11:26:59,86 INFO     [psi4.optking.history:269] 	Performing BFGS update.
2025-12-23:11:26:59,86 INFO     [psi4.optking.history:280] 	Using 3 previous steps for update.
2025-12-23:11:26:59,86 INFO     [psi4.optking.history:317] 	Steps to be used in Hessian update:  3 2 1

2025-12-23:11:26:59,86 INFO     [psi4.optking.history:418] 	Updated Hessian (in au) 
 	   3.403469

2025-12-23:11:26:59,86 INFO     [psi4.optking.molsys:944] Projected (PHP) Hessian matrix
	   3.403469

2025-12-23:11:26:59,86 INFO     [psi4.optking.opt_helper:182] 
	         Geometry (au)                                       Gradient (au)
   0.0000000000   0.0000000000   1.3662547670		   0.0000000000   0.0000000000  -1.4310916327
   0.0000000000   0.0000000000  -0.9824162377		  -0.0000000000   0.0000000000   1.4311486625

2025-12-23:11:26:59,86 INFO     [psi4.optking.stepAlgorithms:368] 	Current Step Report 
 
	Current energy:      -559.7048243870
	Energy change for the previous step:
		Actual       :        -0.0880785969
		Projected    :        -0.0464577063

2025-12-23:11:26:59,86 INFO     [psi4.optking.stepAlgorithms:371] 	Energy ratio =    1.89589
2025-12-23:11:26:59,86 INFO     [psi4.optking.stepAlgorithms:929] 	Using RFO solution 1.
2025-12-23:11:26:59,86 INFO     [psi4.optking.displace:100] 	Determining Cartesian step for fragment 1.
2025-12-23:11:26:59,87 INFO     [psi4.optking.displace:415] 	Successfully converged to displaced geometry.
2025-12-23:11:26:59,87 INFO     [psi4.optking.displace:416] 	RMS(dx):  0.000e+00 	Max(dx):  0.000e+00 	RMS(dq):  0.000e+00
2025-12-23:11:26:59,87 INFO     [psi4.optking.displace:172] 

	        --- Internal Coordinate Step in ANG or DEG, aJ/ANG or AJ/DEG ---
	-------------------------------------------------------------------------------
	           Coordinate      Previous         Force          Change          New 
	           ----------      --------        ------          ------        ------
	               R(1,2)       1.24286       11.79060        0.19293       1.43580
	-------------------------------------------------------------------------------

2025-12-23:11:26:59,87 INFO     [psi4.optking.stepAlgorithms:113] 	|target step| :    0.3645936753
2025-12-23:11:26:59,87 INFO     [psi4.optking.stepAlgorithms:114] 	gradient     :   -1.4311201476
2025-12-23:11:26:59,87 INFO     [psi4.optking.stepAlgorithms:115] 	hessian      :    3.4034694197
2025-12-23:11:26:59,87 INFO     [psi4.optking.stepAlgorithms:113] 	|target step| :    0.3645936753
2025-12-23:11:26:59,87 INFO     [psi4.optking.stepAlgorithms:114] 	gradient     :   -1.4311201476
2025-12-23:11:26:59,87 INFO     [psi4.optking.stepAlgorithms:115] 	hessian      :    3.4034694197
2025-12-23:11:26:59,87 INFO     [psi4.optking.stepAlgorithms:206] 	Norm of achieved step-size    0.3645936753
2025-12-23:11:26:59,87 INFO     [psi4.optking.stepAlgorithms:208] 	Norm of achieved step-size (cart):    0.2578066602
2025-12-23:11:26:59,87 INFO     [psi4.optking.opt_helper:164] Molsys:

	                            ===> Fragment 1 <== 

	 Z (Atomic Numbers)          Masses                          Geom                  
	      11.000000            22.989769          0.00000000  0.00000000  1.54855160   
	      16.000000            31.972071          0.00000000  0.00000000 -1.16471308   

	 - Coordinate -           - BOHR/RAD -       - ANG/DEG -
	 R(1,2)           =         2.713265           1.435798

2025-12-23:11:26:59,87 INFO     [psi4.optking.convcheck:76] Performing convergence check.
2025-12-23:11:26:59,87 INFO     [psi4.optking.convcheck:282] 
	                                 ==> Convergence Check <==                                  
    
	Measures of convergence in internal coordinates in au.
    
	Criteria marked as inactive (o), active & met (*), and active & unmet ( ).

	----------------------------------------------------------------------------------------------
	   Step    Total Energy     Delta E     Max Force     RMS Force      Max Disp      RMS Disp   
	----------------------------------------------------------------------------------------------
	  Convergence Criteria     1.00e-06 *    3.00e-04 *             o    1.20e-03 *             o
	----------------------------------------------------------------------------------------------
	     4    -559.70482439   -8.81e-02      1.43e+00      1.43e+00 o    3.65e-01      3.65e-01 o  ~
	----------------------------------------------------------------------------------------------


2025-12-23:11:26:59,87 INFO     [psi4.optking.stepAlgorithms:296] 	Convergence check returned False
2025-12-23:11:26:59,97 INFO     [psi4.driver.task_planner:259] PLANNING Atomic:  keywords={'DAMPING_PERCENTAGE': 1.0, 'GEOM_MAXITER': 500, 'SCF__GUESS': 'READ', 'GUESS': 'SAP', 'MAXITER': 500, 'REFERENCE': 'UKS', 'function_kwargs': {}}
2025-12-23:11:26:59,99 INFO     [psi4.driver.driver:638] Compute gradient(): method=b3lyp, basis=cc-pvdz, molecule=default, nre=64.86650613344959
2025-12-23:11:26:59,936 INFO     [psi4.driver.driver:641] Return gradient(): -560.0931575177386
2025-12-23:11:26:59,936 INFO     [psi4.driver.driver:642] [[ 0.00000000 -0.00000000 -0.77637841]
 [ 0.00000000 -0.00000000  0.77620921]]
2025-12-23:11:26:59,937 INFO     [psi4.optking.history:269] 	Performing BFGS update.
2025-12-23:11:26:59,938 INFO     [psi4.optking.history:280] 	Using 4 previous steps for update.
2025-12-23:11:26:59,938 INFO     [psi4.optking.history:317] 	Steps to be used in Hessian update:  4 3 2 1

2025-12-23:11:26:59,938 INFO     [psi4.optking.history:418] 	Updated Hessian (in au) 
 	   1.990330

2025-12-23:11:26:59,938 INFO     [psi4.optking.molsys:944] Projected (PHP) Hessian matrix
	   1.990330

2025-12-23:11:26:59,938 INFO     [psi4.optking.opt_helper:182] 
	         Geometry (au)                                       Gradient (au)
   0.0000000000   0.0000000000   1.5783440063		   0.0000000000  -0.0000000000  -0.7763784094
   0.0000000000   0.0000000000  -1.1349206736		   0.0000000000  -0.0000000000   0.7762092065

2025-12-23:11:26:59,938 INFO     [psi4.optking.stepAlgorithms:368] 	Current Step Report 
 
	Current energy:      -560.0931575177
	Energy change for the previous step:
		Actual       :        -0.3883331308
		Projected    :        -0.2608886772

2025-12-23:11:26:59,938 INFO     [psi4.optking.stepAlgorithms:371] 	Energy ratio =    1.48850
2025-12-23:11:26:59,938 INFO     [psi4.optking.stepAlgorithms:929] 	Using RFO solution 1.
2025-12-23:11:26:59,938 INFO     [psi4.optking.displace:100] 	Determining Cartesian step for fragment 1.
2025-12-23:11:26:59,939 INFO     [psi4.optking.displace:415] 	Successfully converged to displaced geometry.
2025-12-23:11:26:59,939 INFO     [psi4.optking.displace:416] 	RMS(dx):  0.000e+00 	Max(dx):  0.000e+00 	RMS(dq):  0.000e+00
2025-12-23:11:26:59,939 INFO     [psi4.optking.displace:172] 

	        --- Internal Coordinate Step in ANG or DEG, aJ/ANG or AJ/DEG ---
	-------------------------------------------------------------------------------
	           Coordinate      Previous         Force          Change          New 
	           ----------      --------        ------          ------        ------
	               R(1,2)       1.43580        6.39567        0.18199       1.61778
	-------------------------------------------------------------------------------

2025-12-23:11:26:59,939 INFO     [psi4.optking.stepAlgorithms:113] 	|target step| :    0.3439036496
2025-12-23:11:26:59,939 INFO     [psi4.optking.stepAlgorithms:114] 	gradient     :   -0.7762938080
2025-12-23:11:26:59,939 INFO     [psi4.optking.stepAlgorithms:115] 	hessian      :    1.9903300165
2025-12-23:11:26:59,939 INFO     [psi4.optking.stepAlgorithms:113] 	|target step| :    0.3439036496
2025-12-23:11:26:59,939 INFO     [psi4.optking.stepAlgorithms:114] 	gradient     :   -0.7762938080
2025-12-23:11:26:59,939 INFO     [psi4.optking.stepAlgorithms:115] 	hessian      :    1.9903300165
2025-12-23:11:26:59,939 INFO     [psi4.optking.stepAlgorithms:206] 	Norm of achieved step-size    0.3439036496
2025-12-23:11:26:59,939 INFO     [psi4.optking.stepAlgorithms:208] 	Norm of achieved step-size (cart):    0.2431766027
2025-12-23:11:26:59,939 INFO     [psi4.optking.opt_helper:164] Molsys:

	                            ===> Fragment 1 <== 

	 Z (Atomic Numbers)          Masses                          Geom                  
	      11.000000            22.989769          0.00000000  0.00000000  1.75029583   
	      16.000000            31.972071          0.00000000  0.00000000 -1.30687250   

	 - Coordinate -           - BOHR/RAD -       - ANG/DEG -
	 R(1,2)           =         3.057168           1.617784

2025-12-23:11:26:59,939 INFO     [psi4.optking.convcheck:76] Performing convergence check.
2025-12-23:11:26:59,939 INFO     [psi4.optking.convcheck:282] 
	                                 ==> Convergence Check <==                                  
    
	Measures of convergence in internal coordinates in au.
    
	Criteria marked as inactive (o), active & met (*), and active & unmet ( ).

	----------------------------------------------------------------------------------------------
	   Step    Total Energy     Delta E     Max Force     RMS Force      Max Disp      RMS Disp   
	----------------------------------------------------------------------------------------------
	  Convergence Criteria     1.00e-06 *    3.00e-04 *             o    1.20e-03 *             o
	----------------------------------------------------------------------------------------------
	     5    -560.09315752   -3.88e-01      7.76e-01      7.76e-01 o    3.44e-01      3.44e-01 o  ~
	----------------------------------------------------------------------------------------------


2025-12-23:11:26:59,939 INFO     [psi4.optking.stepAlgorithms:296] 	Convergence check returned False
2025-12-23:11:26:59,949 INFO     [psi4.driver.task_planner:259] PLANNING Atomic:  keywords={'DAMPING_PERCENTAGE': 1.0, 'GEOM_MAXITER': 500, 'SCF__GUESS': 'READ', 'GUESS': 'SAP', 'MAXITER': 500, 'REFERENCE': 'UKS', 'function_kwargs': {}}
2025-12-23:11:26:59,951 INFO     [psi4.driver.driver:638] Compute gradient(): method=b3lyp, basis=cc-pvdz, molecule=default, nre=57.569613783900586
2025-12-23:11:27:00,771 INFO     [psi4.driver.driver:641] Return gradient(): -560.2966728013752
2025-12-23:11:27:00,771 INFO     [psi4.driver.driver:642] [[ 0.00000000  0.00000000 -0.43621911]
 [-0.00000000  0.00000000  0.43604811]]
2025-12-23:11:27:00,773 INFO     [psi4.optking.history:269] 	Performing BFGS update.
2025-12-23:11:27:00,773 INFO     [psi4.optking.history:280] 	Using 4 previous steps for update.
2025-12-23:11:27:00,773 WARNING  [psi4.optking.history:301] 	Change in internal coordinate of 7.08e-01 exceeds limit of 5.00e-01.
2025-12-23:11:27:00,773 WARNING  [psi4.optking.history:306] 	Skipping Hessian update for step 4.
2025-12-23:11:27:00,773 WARNING  [psi4.optking.history:301] 	Change in internal coordinate of 7.67e-01 exceeds limit of 5.00e-01.
2025-12-23:11:27:00,773 WARNING  [psi4.optking.history:306] 	Skipping Hessian update for step 3.
2025-12-23:11:27:00,773 WARNING  [psi4.optking.history:301] 	Change in internal coordinate of 7.82e-01 exceeds limit of 5.00e-01.
2025-12-23:11:27:00,773 WARNING  [psi4.optking.history:306] 	Skipping Hessian update for step 2.
2025-12-23:11:27:00,773 WARNING  [psi4.optking.history:301] 	Change in internal coordinate of 7.89e-01 exceeds limit of 5.00e-01.
2025-12-23:11:27:00,773 WARNING  [psi4.optking.history:306] 	Skipping Hessian update for step 1.
2025-12-23:11:27:00,773 INFO     [psi4.optking.history:317] 	Steps to be used in Hessian update:  5

2025-12-23:11:27:00,773 INFO     [psi4.optking.history:418] 	Updated Hessian (in au) 
 	   0.990330

2025-12-23:11:27:00,774 INFO     [psi4.optking.molsys:944] Projected (PHP) Hessian matrix
	   0.990330

2025-12-23:11:27:00,774 INFO     [psi4.optking.opt_helper:182] 
	         Geometry (au)                                       Gradient (au)
   0.0000000000   0.0000000000   1.7783975684		   0.0000000000   0.0000000000  -0.4362191117
   0.0000000000   0.0000000000  -1.2787707611		  -0.0000000000   0.0000000000   0.4360481089

2025-12-23:11:27:00,774 INFO     [psi4.optking.stepAlgorithms:368] 	Current Step Report 
 
	Current energy:      -560.2966728014
	Energy change for the previous step:
		Actual       :        -0.2035152836
		Projected    :        -0.1334851369

2025-12-23:11:27:00,774 INFO     [psi4.optking.stepAlgorithms:371] 	Energy ratio =    1.52463
2025-12-23:11:27:00,774 INFO     [psi4.optking.stepAlgorithms:929] 	Using RFO solution 1.
2025-12-23:11:27:00,774 INFO     [psi4.optking.displace:100] 	Determining Cartesian step for fragment 1.
2025-12-23:11:27:00,774 INFO     [psi4.optking.displace:415] 	Successfully converged to displaced geometry.
2025-12-23:11:27:00,774 INFO     [psi4.optking.displace:416] 	RMS(dx):  1.282e-16 	Max(dx):  2.220e-16 	RMS(dq):  0.000e+00
2025-12-23:11:27:00,774 INFO     [psi4.optking.displace:172] 

	        --- Internal Coordinate Step in ANG or DEG, aJ/ANG or AJ/DEG ---
	-------------------------------------------------------------------------------
	           Coordinate      Previous         Force          Change          New 
	           ----------      --------        ------          ------        ------
	               R(1,2)       1.61778        3.59318        0.19982       1.81760
	-------------------------------------------------------------------------------

2025-12-23:11:27:00,774 INFO     [psi4.optking.stepAlgorithms:113] 	|target step| :    0.3776002261
2025-12-23:11:27:00,774 INFO     [psi4.optking.stepAlgorithms:114] 	gradient     :   -0.4361336103
2025-12-23:11:27:00,774 INFO     [psi4.optking.stepAlgorithms:115] 	hessian      :    0.9903300165
2025-12-23:11:27:00,774 INFO     [psi4.optking.stepAlgorithms:113] 	|target step| :    0.3776002261
2025-12-23:11:27:00,774 INFO     [psi4.optking.stepAlgorithms:114] 	gradient     :   -0.4361336103
2025-12-23:11:27:00,774 INFO     [psi4.optking.stepAlgorithms:115] 	hessian      :    0.9903300165
2025-12-23:11:27:00,774 INFO     [psi4.optking.stepAlgorithms:206] 	Norm of achieved step-size    0.3776002261
2025-12-23:11:27:00,774 INFO     [psi4.optking.stepAlgorithms:208] 	Norm of achieved step-size (cart):    0.2670036804
2025-12-23:11:27:00,774 INFO     [psi4.optking.opt_helper:164] Molsys:

	                            ===> Fragment 1 <== 

	 Z (Atomic Numbers)          Masses                          Geom                  
	      11.000000            22.989769          0.00000000  0.00000000  1.96719768   
	      16.000000            31.972071          0.00000000  0.00000000 -1.46757087   

	 - Coordinate -           - BOHR/RAD -       - ANG/DEG -
	 R(1,2)           =         3.434769           1.817601

2025-12-23:11:27:00,775 INFO     [psi4.optking.convcheck:76] Performing convergence check.
2025-12-23:11:27:00,775 INFO     [psi4.optking.convcheck:282] 
	                                 ==> Convergence Check <==                                  
    
	Measures of convergence in internal coordinates in au.
    
	Criteria marked as inactive (o), active & met (*), and active & unmet ( ).

	----------------------------------------------------------------------------------------------
	   Step    Total Energy     Delta E     Max Force     RMS Force      Max Disp      RMS Disp   
	----------------------------------------------------------------------------------------------
	  Convergence Criteria     1.00e-06 *    3.00e-04 *             o    1.20e-03 *             o
	----------------------------------------------------------------------------------------------
	     6    -560.29667280   -2.04e-01      4.36e-01      4.36e-01 o    3.78e-01      3.78e-01 o  ~
	----------------------------------------------------------------------------------------------


2025-12-23:11:27:00,775 INFO     [psi4.optking.stepAlgorithms:296] 	Convergence check returned False
2025-12-23:11:27:00,786 INFO     [psi4.driver.task_planner:259] PLANNING Atomic:  keywords={'DAMPING_PERCENTAGE': 1.0, 'GEOM_MAXITER': 500, 'SCF__GUESS': 'READ', 'GUESS': 'SAP', 'MAXITER': 500, 'REFERENCE': 'UKS', 'function_kwargs': {}}
2025-12-23:11:27:00,787 INFO     [psi4.driver.driver:638] Compute gradient(): method=b3lyp, basis=cc-pvdz, molecule=default, nre=51.24071597665548
2025-12-23:11:27:01,540 INFO     [psi4.driver.driver:641] Return gradient(): -560.4166008953812
2025-12-23:11:27:01,540 INFO     [psi4.driver.driver:642] [[ 0.00000000  0.00000000 -0.22039471]
 [-0.00000000  0.00000000  0.22038108]]
2025-12-23:11:27:01,542 INFO     [psi4.optking.history:269] 	Performing BFGS update.
2025-12-23:11:27:01,542 INFO     [psi4.optking.history:280] 	Using 4 previous steps for update.
2025-12-23:11:27:01,542 WARNING  [psi4.optking.history:301] 	Change in internal coordinate of 7.22e-01 exceeds limit of 5.00e-01.
2025-12-23:11:27:01,542 WARNING  [psi4.optking.history:306] 	Skipping Hessian update for step 5.
2025-12-23:11:27:01,542 WARNING  [psi4.optking.history:301] 	Change in internal coordinate of 1.09e+00 exceeds limit of 5.00e-01.
2025-12-23:11:27:01,542 WARNING  [psi4.optking.history:306] 	Skipping Hessian update for step 4.
2025-12-23:11:27:01,542 WARNING  [psi4.optking.history:301] 	Change in internal coordinate of 1.14e+00 exceeds limit of 5.00e-01.
2025-12-23:11:27:01,542 WARNING  [psi4.optking.history:306] 	Skipping Hessian update for step 3.
2025-12-23:11:27:01,542 WARNING  [psi4.optking.history:301] 	Change in internal coordinate of 1.16e+00 exceeds limit of 5.00e-01.
2025-12-23:11:27:01,542 WARNING  [psi4.optking.history:306] 	Skipping Hessian update for step 2.
2025-12-23:11:27:01,542 WARNING  [psi4.optking.history:301] 	Change in internal coordinate of 1.17e+00 exceeds limit of 5.00e-01.
2025-12-23:11:27:01,542 WARNING  [psi4.optking.history:306] 	Skipping Hessian update for step 1.
2025-12-23:11:27:01,542 INFO     [psi4.optking.history:317] 	Steps to be used in Hessian update:  6

2025-12-23:11:27:01,542 INFO     [psi4.optking.history:418] 	Updated Hessian (in au) 
 	   0.571360

2025-12-23:11:27:01,542 INFO     [psi4.optking.molsys:944] Projected (PHP) Hessian matrix
	   0.571360

2025-12-23:11:27:01,542 INFO     [psi4.optking.opt_helper:182] 
	         Geometry (au)                                       Gradient (au)
   0.0000000000   0.0000000000   1.9980529002		   0.0000000000   0.0000000000  -0.2203947087
   0.0000000000   0.0000000000  -1.4367156553		  -0.0000000000   0.0000000000   0.2203810787

2025-12-23:11:27:01,542 INFO     [psi4.optking.stepAlgorithms:368] 	Current Step Report 
 
	Current energy:      -560.4166008954
	Energy change for the previous step:
		Actual       :        -0.1199280940
		Projected    :        -0.0823420749

2025-12-23:11:27:01,543 INFO     [psi4.optking.stepAlgorithms:371] 	Energy ratio =    1.45646
2025-12-23:11:27:01,543 INFO     [psi4.optking.stepAlgorithms:929] 	Using RFO solution 1.
2025-12-23:11:27:01,543 INFO     [psi4.optking.displace:100] 	Determining Cartesian step for fragment 1.
2025-12-23:11:27:01,543 INFO     [psi4.optking.displace:415] 	Successfully converged to displaced geometry.
2025-12-23:11:27:01,543 INFO     [psi4.optking.displace:416] 	RMS(dx):  0.000e+00 	Max(dx):  0.000e+00 	RMS(dq):  0.000e+00
2025-12-23:11:27:01,543 INFO     [psi4.optking.displace:172] 

	        --- Internal Coordinate Step in ANG or DEG, aJ/ANG or AJ/DEG ---
	-------------------------------------------------------------------------------
	           Coordinate      Previous         Force          Change          New 
	           ----------      --------        ------          ------        ------
	               R(1,2)       1.81760        1.81571        0.18040       1.99800
	-------------------------------------------------------------------------------

2025-12-23:11:27:01,543 INFO     [psi4.optking.stepAlgorithms:113] 	|target step| :    0.3408990671
2025-12-23:11:27:01,543 INFO     [psi4.optking.stepAlgorithms:114] 	gradient     :   -0.2203878937
2025-12-23:11:27:01,543 INFO     [psi4.optking.stepAlgorithms:115] 	hessian      :    0.5713601363
2025-12-23:11:27:01,543 INFO     [psi4.optking.stepAlgorithms:113] 	|target step| :    0.3408990671
2025-12-23:11:27:01,543 INFO     [psi4.optking.stepAlgorithms:114] 	gradient     :   -0.2203878937
2025-12-23:11:27:01,543 INFO     [psi4.optking.stepAlgorithms:115] 	hessian      :    0.5713601363
2025-12-23:11:27:01,543 INFO     [psi4.optking.stepAlgorithms:206] 	Norm of achieved step-size    0.3408990671
2025-12-23:11:27:01,543 INFO     [psi4.optking.stepAlgorithms:208] 	Norm of achieved step-size (cart):    0.2410520420
2025-12-23:11:27:01,543 INFO     [psi4.optking.opt_helper:164] Molsys:

	                            ===> Fragment 1 <== 

	 Z (Atomic Numbers)          Masses                          Geom                  
	      11.000000            22.989769          0.00000000  0.00000000  2.16850243   
	      16.000000            31.972071          0.00000000  0.00000000 -1.60716519   

	 - Coordinate -           - BOHR/RAD -       - ANG/DEG -
	 R(1,2)           =         3.775668           1.997997

2025-12-23:11:27:01,544 INFO     [psi4.optking.convcheck:76] Performing convergence check.
2025-12-23:11:27:01,544 INFO     [psi4.optking.convcheck:282] 
	                                 ==> Convergence Check <==                                  
    
	Measures of convergence in internal coordinates in au.
    
	Criteria marked as inactive (o), active & met (*), and active & unmet ( ).

	----------------------------------------------------------------------------------------------
	   Step    Total Energy     Delta E     Max Force     RMS Force      Max Disp      RMS Disp   
	----------------------------------------------------------------------------------------------
	  Convergence Criteria     1.00e-06 *    3.00e-04 *             o    1.20e-03 *             o
	----------------------------------------------------------------------------------------------
	     7    -560.41660090   -1.20e-01      2.20e-01      2.20e-01 o    3.41e-01      3.41e-01 o  ~
	----------------------------------------------------------------------------------------------


2025-12-23:11:27:01,544 INFO     [psi4.optking.stepAlgorithms:296] 	Convergence check returned False
2025-12-23:11:27:01,554 INFO     [psi4.driver.task_planner:259] PLANNING Atomic:  keywords={'DAMPING_PERCENTAGE': 1.0, 'GEOM_MAXITER': 500, 'SCF__GUESS': 'READ', 'GUESS': 'SAP', 'MAXITER': 500, 'REFERENCE': 'UKS', 'function_kwargs': {}}
2025-12-23:11:27:01,555 INFO     [psi4.driver.driver:638] Compute gradient(): method=b3lyp, basis=cc-pvdz, molecule=default, nre=46.61427265067362
2025-12-23:11:27:02,293 INFO     [psi4.driver.driver:641] Return gradient(): -560.4715632452322
2025-12-23:11:27:02,293 INFO     [psi4.driver.driver:642] [[-0.00000000  0.00000000 -0.11241263]
 [ 0.00000000  0.00000000  0.11250762]]
2025-12-23:11:27:02,295 INFO     [psi4.optking.history:269] 	Performing BFGS update.
2025-12-23:11:27:02,295 INFO     [psi4.optking.history:280] 	Using 4 previous steps for update.
2025-12-23:11:27:02,295 WARNING  [psi4.optking.history:301] 	Change in internal coordinate of 7.18e-01 exceeds limit of 5.00e-01.
2025-12-23:11:27:02,295 WARNING  [psi4.optking.history:306] 	Skipping Hessian update for step 6.
2025-12-23:11:27:02,295 WARNING  [psi4.optking.history:301] 	Change in internal coordinate of 1.06e+00 exceeds limit of 5.00e-01.
2025-12-23:11:27:02,295 WARNING  [psi4.optking.history:306] 	Skipping Hessian update for step 5.
2025-12-23:11:27:02,295 WARNING  [psi4.optking.history:301] 	Change in internal coordinate of 1.43e+00 exceeds limit of 5.00e-01.
2025-12-23:11:27:02,295 WARNING  [psi4.optking.history:306] 	Skipping Hessian update for step 4.
2025-12-23:11:27:02,295 WARNING  [psi4.optking.history:301] 	Change in internal coordinate of 1.49e+00 exceeds limit of 5.00e-01.
2025-12-23:11:27:02,295 WARNING  [psi4.optking.history:306] 	Skipping Hessian update for step 3.
2025-12-23:11:27:02,295 WARNING  [psi4.optking.history:301] 	Change in internal coordinate of 1.50e+00 exceeds limit of 5.00e-01.
2025-12-23:11:27:02,295 WARNING  [psi4.optking.history:306] 	Skipping Hessian update for step 2.
2025-12-23:11:27:02,295 WARNING  [psi4.optking.history:301] 	Change in internal coordinate of 1.51e+00 exceeds limit of 5.00e-01.
2025-12-23:11:27:02,295 WARNING  [psi4.optking.history:306] 	Skipping Hessian update for step 1.
2025-12-23:11:27:02,295 INFO     [psi4.optking.history:317] 	Steps to be used in Hessian update:  7

2025-12-23:11:27:02,295 INFO     [psi4.optking.history:418] 	Updated Hessian (in au) 
 	   0.316597

2025-12-23:11:27:02,295 INFO     [psi4.optking.molsys:944] Projected (PHP) Hessian matrix
	   0.316597

2025-12-23:11:27:02,295 INFO     [psi4.optking.opt_helper:182] 
	         Geometry (au)                                       Gradient (au)
   0.0000000000   0.0000000000   2.1963586546		  -0.0000000000   0.0000000000  -0.1124126314
   0.0000000000   0.0000000000  -1.5793089680		   0.0000000000   0.0000000000   0.1125076233

2025-12-23:11:27:02,295 INFO     [psi4.optking.stepAlgorithms:368] 	Current Step Report 
 
	Current energy:      -560.4715632452
	Energy change for the previous step:
		Actual       :        -0.0549623499
		Projected    :        -0.0375650137

2025-12-23:11:27:02,295 INFO     [psi4.optking.stepAlgorithms:371] 	Energy ratio =    1.46313
2025-12-23:11:27:02,295 INFO     [psi4.optking.stepAlgorithms:929] 	Using RFO solution 1.
2025-12-23:11:27:02,296 INFO     [psi4.optking.displace:100] 	Determining Cartesian step for fragment 1.
2025-12-23:11:27:02,296 INFO     [psi4.optking.displace:415] 	Successfully converged to displaced geometry.
2025-12-23:11:27:02,296 INFO     [psi4.optking.displace:416] 	RMS(dx):  0.000e+00 	Max(dx):  0.000e+00 	RMS(dq):  0.000e+00
2025-12-23:11:27:02,296 INFO     [psi4.optking.displace:172] 

	        --- Internal Coordinate Step in ANG or DEG, aJ/ANG or AJ/DEG ---
	-------------------------------------------------------------------------------
	           Coordinate      Previous         Force          Change          New 
	           ----------      --------        ------          ------        ------
	               R(1,2)       1.99800        0.92653        0.16884       2.16683
	-------------------------------------------------------------------------------

2025-12-23:11:27:02,296 INFO     [psi4.optking.stepAlgorithms:113] 	|target step| :    0.3190553469
2025-12-23:11:27:02,296 INFO     [psi4.optking.stepAlgorithms:114] 	gradient     :   -0.1124601273
2025-12-23:11:27:02,296 INFO     [psi4.optking.stepAlgorithms:115] 	hessian      :    0.3165974236
2025-12-23:11:27:02,296 INFO     [psi4.optking.stepAlgorithms:113] 	|target step| :    0.3190553469
2025-12-23:11:27:02,296 INFO     [psi4.optking.stepAlgorithms:114] 	gradient     :   -0.1124601273
2025-12-23:11:27:02,296 INFO     [psi4.optking.stepAlgorithms:115] 	hessian      :    0.3165974236
2025-12-23:11:27:02,296 INFO     [psi4.optking.stepAlgorithms:206] 	Norm of achieved step-size    0.3190553469
2025-12-23:11:27:02,296 INFO     [psi4.optking.stepAlgorithms:208] 	Norm of achieved step-size (cart):    0.2256061994
2025-12-23:11:27:02,296 INFO     [psi4.optking.opt_helper:164] Molsys:

	                            ===> Fragment 1 <== 

	 Z (Atomic Numbers)          Masses                          Geom                  
	      11.000000            22.989769          0.00000000  0.00000000  2.35588633   
	      16.000000            31.972071          0.00000000  0.00000000 -1.73883664   

	 - Coordinate -           - BOHR/RAD -       - ANG/DEG -
	 R(1,2)           =         4.094723           2.166834

2025-12-23:11:27:02,296 INFO     [psi4.optking.convcheck:76] Performing convergence check.
2025-12-23:11:27:02,296 INFO     [psi4.optking.convcheck:282] 
	                                 ==> Convergence Check <==                                  
    
	Measures of convergence in internal coordinates in au.
    
	Criteria marked as inactive (o), active & met (*), and active & unmet ( ).

	----------------------------------------------------------------------------------------------
	   Step    Total Energy     Delta E     Max Force     RMS Force      Max Disp      RMS Disp   
	----------------------------------------------------------------------------------------------
	  Convergence Criteria     1.00e-06 *    3.00e-04 *             o    1.20e-03 *             o
	----------------------------------------------------------------------------------------------
	     8    -560.47156325   -5.50e-02      1.12e-01      1.12e-01 o    3.19e-01      3.19e-01 o  ~
	----------------------------------------------------------------------------------------------


2025-12-23:11:27:02,296 INFO     [psi4.optking.stepAlgorithms:296] 	Convergence check returned False
2025-12-23:11:27:02,307 INFO     [psi4.driver.task_planner:259] PLANNING Atomic:  keywords={'DAMPING_PERCENTAGE': 1.0, 'GEOM_MAXITER': 500, 'SCF__GUESS': 'READ', 'GUESS': 'SAP', 'MAXITER': 500, 'REFERENCE': 'UKS', 'function_kwargs': {}}
2025-12-23:11:27:02,308 INFO     [psi4.driver.driver:638] Compute gradient(): method=b3lyp, basis=cc-pvdz, molecule=default, nre=42.982150760182655
2025-12-23:11:27:03,44 INFO     [psi4.driver.driver:641] Return gradient(): -560.4975402531468
2025-12-23:11:27:03,44 INFO     [psi4.driver.driver:642] [[-0.00000000  0.00000000 -0.05583860]
 [-0.00000000 -0.00000000  0.05590810]]
2025-12-23:11:27:03,45 INFO     [psi4.optking.history:269] 	Performing BFGS update.
2025-12-23:11:27:03,45 INFO     [psi4.optking.history:280] 	Using 4 previous steps for update.
2025-12-23:11:27:03,46 WARNING  [psi4.optking.history:301] 	Change in internal coordinate of 6.60e-01 exceeds limit of 5.00e-01.
2025-12-23:11:27:03,46 WARNING  [psi4.optking.history:306] 	Skipping Hessian update for step 7.
2025-12-23:11:27:03,46 WARNING  [psi4.optking.history:301] 	Change in internal coordinate of 1.04e+00 exceeds limit of 5.00e-01.
2025-12-23:11:27:03,46 WARNING  [psi4.optking.history:306] 	Skipping Hessian update for step 6.
2025-12-23:11:27:03,46 WARNING  [psi4.optking.history:301] 	Change in internal coordinate of 1.38e+00 exceeds limit of 5.00e-01.
2025-12-23:11:27:03,46 WARNING  [psi4.optking.history:306] 	Skipping Hessian update for step 5.
2025-12-23:11:27:03,46 WARNING  [psi4.optking.history:301] 	Change in internal coordinate of 1.75e+00 exceeds limit of 5.00e-01.
2025-12-23:11:27:03,46 WARNING  [psi4.optking.history:306] 	Skipping Hessian update for step 4.
2025-12-23:11:27:03,46 WARNING  [psi4.optking.history:301] 	Change in internal coordinate of 1.80e+00 exceeds limit of 5.00e-01.
2025-12-23:11:27:03,46 WARNING  [psi4.optking.history:306] 	Skipping Hessian update for step 3.
2025-12-23:11:27:03,46 WARNING  [psi4.optking.history:301] 	Change in internal coordinate of 1.82e+00 exceeds limit of 5.00e-01.
2025-12-23:11:27:03,46 WARNING  [psi4.optking.history:306] 	Skipping Hessian update for step 2.
2025-12-23:11:27:03,46 WARNING  [psi4.optking.history:301] 	Change in internal coordinate of 1.83e+00 exceeds limit of 5.00e-01.
2025-12-23:11:27:03,46 WARNING  [psi4.optking.history:306] 	Skipping Hessian update for step 1.
2025-12-23:11:27:03,46 INFO     [psi4.optking.history:317] 	Steps to be used in Hessian update:  8

2025-12-23:11:27:03,46 INFO     [psi4.optking.history:418] 	Updated Hessian (in au) 
 	   0.177357

2025-12-23:11:27:03,46 INFO     [psi4.optking.molsys:944] Projected (PHP) Hessian matrix
	   0.177357

2025-12-23:11:27:03,46 INFO     [psi4.optking.opt_helper:182] 
	         Geometry (au)                                       Gradient (au)
   0.0000000000   0.0000000000   2.3819576116		  -0.0000000000   0.0000000000  -0.0558386017
   0.0000000000   0.0000000000  -1.7127653580		  -0.0000000000  -0.0000000000   0.0559081034

2025-12-23:11:27:03,46 INFO     [psi4.optking.stepAlgorithms:368] 	Current Step Report 
 
	Current energy:      -560.4975402531
	Energy change for the previous step:
		Actual       :        -0.0259770079
		Projected    :        -0.0179405025

2025-12-23:11:27:03,46 INFO     [psi4.optking.stepAlgorithms:371] 	Energy ratio =    1.44795
2025-12-23:11:27:03,46 INFO     [psi4.optking.stepAlgorithms:929] 	Using RFO solution 1.
2025-12-23:11:27:03,46 INFO     [psi4.optking.displace:100] 	Determining Cartesian step for fragment 1.
2025-12-23:11:27:03,47 INFO     [psi4.optking.displace:415] 	Successfully converged to displaced geometry.
2025-12-23:11:27:03,47 INFO     [psi4.optking.displace:416] 	RMS(dx):  0.000e+00 	Max(dx):  0.000e+00 	RMS(dq):  0.000e+00
2025-12-23:11:27:03,47 INFO     [psi4.optking.displace:172] 

	        --- Internal Coordinate Step in ANG or DEG, aJ/ANG or AJ/DEG ---
	-------------------------------------------------------------------------------
	           Coordinate      Previous         Force          Change          New 
	           ----------      --------        ------          ------        ------
	               R(1,2)       2.16683        0.46033        0.15281       2.31964
	-------------------------------------------------------------------------------

2025-12-23:11:27:03,47 INFO     [psi4.optking.stepAlgorithms:113] 	|target step| :    0.2887639409
2025-12-23:11:27:03,47 INFO     [psi4.optking.stepAlgorithms:114] 	gradient     :   -0.0558733526
2025-12-23:11:27:03,47 INFO     [psi4.optking.stepAlgorithms:115] 	hessian      :    0.1773572369
2025-12-23:11:27:03,47 INFO     [psi4.optking.stepAlgorithms:113] 	|target step| :    0.2887639409
2025-12-23:11:27:03,47 INFO     [psi4.optking.stepAlgorithms:114] 	gradient     :   -0.0558733526
2025-12-23:11:27:03,47 INFO     [psi4.optking.stepAlgorithms:115] 	hessian      :    0.1773572369
2025-12-23:11:27:03,47 INFO     [psi4.optking.stepAlgorithms:206] 	Norm of achieved step-size    0.2887639409
2025-12-23:11:27:03,47 INFO     [psi4.optking.stepAlgorithms:208] 	Norm of achieved step-size (cart):    0.2041869407
2025-12-23:11:27:03,47 INFO     [psi4.optking.opt_helper:164] Molsys:

	                            ===> Fragment 1 <== 

	 Z (Atomic Numbers)          Masses                          Geom                  
	      11.000000            22.989769          0.00000000  0.00000000  2.52633958   
	      16.000000            31.972071          0.00000000  0.00000000 -1.85714733   

	 - Coordinate -           - BOHR/RAD -       - ANG/DEG -
	 R(1,2)           =         4.383487           2.319641

2025-12-23:11:27:03,47 INFO     [psi4.optking.convcheck:76] Performing convergence check.
2025-12-23:11:27:03,47 INFO     [psi4.optking.convcheck:282] 
	                                 ==> Convergence Check <==                                  
    
	Measures of convergence in internal coordinates in au.
    
	Criteria marked as inactive (o), active & met (*), and active & unmet ( ).

	----------------------------------------------------------------------------------------------
	   Step    Total Energy     Delta E     Max Force     RMS Force      Max Disp      RMS Disp   
	----------------------------------------------------------------------------------------------
	  Convergence Criteria     1.00e-06 *    3.00e-04 *             o    1.20e-03 *             o
	----------------------------------------------------------------------------------------------
	     9    -560.49754025   -2.60e-02      5.59e-02      5.59e-02 o    2.89e-01      2.89e-01 o  ~
	----------------------------------------------------------------------------------------------


2025-12-23:11:27:03,47 INFO     [psi4.optking.stepAlgorithms:296] 	Convergence check returned False
2025-12-23:11:27:03,57 INFO     [psi4.driver.task_planner:259] PLANNING Atomic:  keywords={'DAMPING_PERCENTAGE': 1.0, 'GEOM_MAXITER': 500, 'SCF__GUESS': 'READ', 'GUESS': 'SAP', 'MAXITER': 500, 'REFERENCE': 'UKS', 'function_kwargs': {}}
2025-12-23:11:27:03,58 INFO     [psi4.driver.driver:638] Compute gradient(): method=b3lyp, basis=cc-pvdz, molecule=default, nre=40.150684511053996
2025-12-23:11:27:03,804 INFO     [psi4.driver.driver:641] Return gradient(): -560.5090753920671
2025-12-23:11:27:03,805 INFO     [psi4.driver.driver:642] [[-0.00000000 -0.00000000 -0.02668264]
 [ 0.00000000  0.00000000  0.02680283]]
2025-12-23:11:27:03,806 INFO     [psi4.optking.history:269] 	Performing BFGS update.
2025-12-23:11:27:03,806 INFO     [psi4.optking.history:280] 	Using 4 previous steps for update.
2025-12-23:11:27:03,806 WARNING  [psi4.optking.history:301] 	Change in internal coordinate of 6.08e-01 exceeds limit of 5.00e-01.
2025-12-23:11:27:03,806 WARNING  [psi4.optking.history:306] 	Skipping Hessian update for step 8.
2025-12-23:11:27:03,807 WARNING  [psi4.optking.history:301] 	Change in internal coordinate of 9.49e-01 exceeds limit of 5.00e-01.
2025-12-23:11:27:03,807 WARNING  [psi4.optking.history:306] 	Skipping Hessian update for step 7.
2025-12-23:11:27:03,807 WARNING  [psi4.optking.history:301] 	Change in internal coordinate of 1.33e+00 exceeds limit of 5.00e-01.
2025-12-23:11:27:03,807 WARNING  [psi4.optking.history:306] 	Skipping Hessian update for step 6.
2025-12-23:11:27:03,807 WARNING  [psi4.optking.history:301] 	Change in internal coordinate of 1.67e+00 exceeds limit of 5.00e-01.
2025-12-23:11:27:03,807 WARNING  [psi4.optking.history:306] 	Skipping Hessian update for step 5.
2025-12-23:11:27:03,807 WARNING  [psi4.optking.history:301] 	Change in internal coordinate of 2.03e+00 exceeds limit of 5.00e-01.
2025-12-23:11:27:03,807 WARNING  [psi4.optking.history:306] 	Skipping Hessian update for step 4.
2025-12-23:11:27:03,807 WARNING  [psi4.optking.history:301] 	Change in internal coordinate of 2.09e+00 exceeds limit of 5.00e-01.
2025-12-23:11:27:03,807 WARNING  [psi4.optking.history:306] 	Skipping Hessian update for step 3.
2025-12-23:11:27:03,807 WARNING  [psi4.optking.history:301] 	Change in internal coordinate of 2.11e+00 exceeds limit of 5.00e-01.
2025-12-23:11:27:03,807 WARNING  [psi4.optking.history:306] 	Skipping Hessian update for step 2.
2025-12-23:11:27:03,807 WARNING  [psi4.optking.history:301] 	Change in internal coordinate of 2.12e+00 exceeds limit of 5.00e-01.
2025-12-23:11:27:03,807 WARNING  [psi4.optking.history:306] 	Skipping Hessian update for step 1.
2025-12-23:11:27:03,807 INFO     [psi4.optking.history:317] 	Steps to be used in Hessian update:  9

2025-12-23:11:27:03,807 INFO     [psi4.optking.history:418] 	Updated Hessian (in au) 
 	   0.100880

2025-12-23:11:27:03,807 INFO     [psi4.optking.molsys:944] Projected (PHP) Hessian matrix
	   0.100880

2025-12-23:11:27:03,807 INFO     [psi4.optking.opt_helper:182] 
	         Geometry (au)                                       Gradient (au)
   0.0000000000   0.0000000000   2.5499356341		  -0.0000000000  -0.0000000000  -0.0266826402
   0.0000000000   0.0000000000  -1.8335512764		   0.0000000000   0.0000000000   0.0268028251

2025-12-23:11:27:03,807 INFO     [psi4.optking.stepAlgorithms:368] 	Current Step Report 
 
	Current energy:      -560.5090753921
	Energy change for the previous step:
		Actual       :        -0.0115351389
		Projected    :        -0.0080671047

2025-12-23:11:27:03,807 INFO     [psi4.optking.stepAlgorithms:371] 	Energy ratio =    1.42990
2025-12-23:11:27:03,807 INFO     [psi4.optking.stepAlgorithms:929] 	Using RFO solution 1.
2025-12-23:11:27:03,807 INFO     [psi4.optking.displace:100] 	Determining Cartesian step for fragment 1.
2025-12-23:11:27:03,808 INFO     [psi4.optking.displace:415] 	Successfully converged to displaced geometry.
2025-12-23:11:27:03,808 INFO     [psi4.optking.displace:416] 	RMS(dx):  0.000e+00 	Max(dx):  0.000e+00 	RMS(dq):  0.000e+00
2025-12-23:11:27:03,808 INFO     [psi4.optking.displace:172] 

	        --- Internal Coordinate Step in ANG or DEG, aJ/ANG or AJ/DEG ---
	-------------------------------------------------------------------------------
	           Coordinate      Previous         Force          Change          New 
	           ----------      --------        ------          ------        ------
	               R(1,2)       2.31964        0.22033        0.13160       2.45125
	-------------------------------------------------------------------------------

2025-12-23:11:27:03,808 INFO     [psi4.optking.stepAlgorithms:113] 	|target step| :    0.2486973340
2025-12-23:11:27:03,808 INFO     [psi4.optking.stepAlgorithms:114] 	gradient     :   -0.0267427326
2025-12-23:11:27:03,808 INFO     [psi4.optking.stepAlgorithms:115] 	hessian      :    0.1008803934
2025-12-23:11:27:03,808 INFO     [psi4.optking.stepAlgorithms:113] 	|target step| :    0.2486973340
2025-12-23:11:27:03,808 INFO     [psi4.optking.stepAlgorithms:114] 	gradient     :   -0.0267427326
2025-12-23:11:27:03,808 INFO     [psi4.optking.stepAlgorithms:115] 	hessian      :    0.1008803934
2025-12-23:11:27:03,808 INFO     [psi4.optking.stepAlgorithms:206] 	Norm of achieved step-size    0.2486973340
2025-12-23:11:27:03,808 INFO     [psi4.optking.stepAlgorithms:208] 	Norm of achieved step-size (cart):    0.1758555713
2025-12-23:11:27:03,808 INFO     [psi4.optking.opt_helper:164] Molsys:

	                            ===> Fragment 1 <== 

	 Z (Atomic Numbers)          Masses                          Geom                  
	      11.000000            22.989769          0.00000000  0.00000000  2.67428430   
	      16.000000            31.972071          0.00000000  0.00000000 -1.95789994   

	 - Coordinate -           - BOHR/RAD -       - ANG/DEG -
	 R(1,2)           =         4.632184           2.451246

2025-12-23:11:27:03,808 INFO     [psi4.optking.convcheck:76] Performing convergence check.
2025-12-23:11:27:03,808 INFO     [psi4.optking.convcheck:282] 
	                                 ==> Convergence Check <==                                  
    
	Measures of convergence in internal coordinates in au.
    
	Criteria marked as inactive (o), active & met (*), and active & unmet ( ).

	----------------------------------------------------------------------------------------------
	   Step    Total Energy     Delta E     Max Force     RMS Force      Max Disp      RMS Disp   
	----------------------------------------------------------------------------------------------
	  Convergence Criteria     1.00e-06 *    3.00e-04 *             o    1.20e-03 *             o
	----------------------------------------------------------------------------------------------
	    10    -560.50907539   -1.15e-02      2.67e-02      2.67e-02 o    2.49e-01      2.49e-01 o  ~
	----------------------------------------------------------------------------------------------


2025-12-23:11:27:03,808 INFO     [psi4.optking.stepAlgorithms:296] 	Convergence check returned False
2025-12-23:11:27:03,819 INFO     [psi4.driver.task_planner:259] PLANNING Atomic:  keywords={'DAMPING_PERCENTAGE': 1.0, 'GEOM_MAXITER': 500, 'SCF__GUESS': 'READ', 'GUESS': 'SAP', 'MAXITER': 500, 'REFERENCE': 'UKS', 'function_kwargs': {}}
2025-12-23:11:27:03,820 INFO     [psi4.driver.driver:638] Compute gradient(): method=b3lyp, basis=cc-pvdz, molecule=default, nre=37.995034461496196
2025-12-23:11:27:04,561 INFO     [psi4.driver.driver:641] Return gradient(): -560.5136935104096
2025-12-23:11:27:04,561 INFO     [psi4.driver.driver:642] [[ 0.00000000  0.00000000 -0.01166186]
 [-0.00000000  0.00000000  0.01173914]]
2025-12-23:11:27:04,563 INFO     [psi4.optking.history:269] 	Performing BFGS update.
2025-12-23:11:27:04,563 INFO     [psi4.optking.history:280] 	Using 4 previous steps for update.
2025-12-23:11:27:04,563 WARNING  [psi4.optking.history:301] 	Change in internal coordinate of 5.37e-01 exceeds limit of 5.00e-01.
2025-12-23:11:27:04,563 WARNING  [psi4.optking.history:306] 	Skipping Hessian update for step 9.
2025-12-23:11:27:04,563 WARNING  [psi4.optking.history:301] 	Change in internal coordinate of 8.57e-01 exceeds limit of 5.00e-01.
2025-12-23:11:27:04,563 WARNING  [psi4.optking.history:306] 	Skipping Hessian update for step 8.
2025-12-23:11:27:04,563 WARNING  [psi4.optking.history:301] 	Change in internal coordinate of 1.20e+00 exceeds limit of 5.00e-01.
2025-12-23:11:27:04,563 WARNING  [psi4.optking.history:306] 	Skipping Hessian update for step 7.
2025-12-23:11:27:04,563 WARNING  [psi4.optking.history:301] 	Change in internal coordinate of 1.58e+00 exceeds limit of 5.00e-01.
2025-12-23:11:27:04,563 WARNING  [psi4.optking.history:306] 	Skipping Hessian update for step 6.
2025-12-23:11:27:04,563 WARNING  [psi4.optking.history:301] 	Change in internal coordinate of 1.92e+00 exceeds limit of 5.00e-01.
2025-12-23:11:27:04,563 WARNING  [psi4.optking.history:306] 	Skipping Hessian update for step 5.
2025-12-23:11:27:04,563 WARNING  [psi4.optking.history:301] 	Change in internal coordinate of 2.28e+00 exceeds limit of 5.00e-01.
2025-12-23:11:27:04,563 WARNING  [psi4.optking.history:306] 	Skipping Hessian update for step 4.
2025-12-23:11:27:04,563 WARNING  [psi4.optking.history:301] 	Change in internal coordinate of 2.34e+00 exceeds limit of 5.00e-01.
2025-12-23:11:27:04,563 WARNING  [psi4.optking.history:306] 	Skipping Hessian update for step 3.
2025-12-23:11:27:04,563 WARNING  [psi4.optking.history:301] 	Change in internal coordinate of 2.36e+00 exceeds limit of 5.00e-01.
2025-12-23:11:27:04,563 WARNING  [psi4.optking.history:306] 	Skipping Hessian update for step 2.
2025-12-23:11:27:04,563 WARNING  [psi4.optking.history:301] 	Change in internal coordinate of 2.36e+00 exceeds limit of 5.00e-01.
2025-12-23:11:27:04,563 WARNING  [psi4.optking.history:306] 	Skipping Hessian update for step 1.
2025-12-23:11:27:04,563 INFO     [psi4.optking.history:317] 	Steps to be used in Hessian update:  10

2025-12-23:11:27:04,564 INFO     [psi4.optking.history:418] 	Updated Hessian (in au) 
 	   0.060484

2025-12-23:11:27:04,564 INFO     [psi4.optking.molsys:944] Projected (PHP) Hessian matrix
	   0.060484

2025-12-23:11:27:04,564 INFO     [psi4.optking.opt_helper:182] 
	         Geometry (au)                                       Gradient (au)
   0.0000000000   0.0000000000   2.6946063510		   0.0000000000   0.0000000000  -0.0116618635
   0.0000000000   0.0000000000  -1.9375778935		  -0.0000000000   0.0000000000   0.0117391400

2025-12-23:11:27:04,564 INFO     [psi4.optking.stepAlgorithms:368] 	Current Step Report 
 
	Current energy:      -560.5136935104
	Energy change for the previous step:
		Actual       :        -0.0046181183
		Projected    :        -0.0033254232

2025-12-23:11:27:04,564 INFO     [psi4.optking.stepAlgorithms:371] 	Energy ratio =    1.38873
2025-12-23:11:27:04,564 INFO     [psi4.optking.stepAlgorithms:929] 	Using RFO solution 1.
2025-12-23:11:27:04,564 INFO     [psi4.optking.displace:100] 	Determining Cartesian step for fragment 1.
2025-12-23:11:27:04,564 INFO     [psi4.optking.displace:415] 	Successfully converged to displaced geometry.
2025-12-23:11:27:04,564 INFO     [psi4.optking.displace:416] 	RMS(dx):  0.000e+00 	Max(dx):  0.000e+00 	RMS(dq):  0.000e+00
2025-12-23:11:27:04,564 INFO     [psi4.optking.displace:172] 

	        --- Internal Coordinate Step in ANG or DEG, aJ/ANG or AJ/DEG ---
	-------------------------------------------------------------------------------
	           Coordinate      Previous         Force          Change          New 
	           ----------      --------        ------          ------        ------
	               R(1,2)       2.45125        0.09640        0.09880       2.55005
	-------------------------------------------------------------------------------

2025-12-23:11:27:04,564 INFO     [psi4.optking.stepAlgorithms:113] 	|target step| :    0.1867043158
2025-12-23:11:27:04,564 INFO     [psi4.optking.stepAlgorithms:114] 	gradient     :   -0.0117005018
2025-12-23:11:27:04,564 INFO     [psi4.optking.stepAlgorithms:115] 	hessian      :    0.0604840856
2025-12-23:11:27:04,564 INFO     [psi4.optking.stepAlgorithms:113] 	|target step| :    0.1867043158
2025-12-23:11:27:04,564 INFO     [psi4.optking.stepAlgorithms:114] 	gradient     :   -0.0117005018
2025-12-23:11:27:04,564 INFO     [psi4.optking.stepAlgorithms:115] 	hessian      :    0.0604840856
2025-12-23:11:27:04,564 INFO     [psi4.optking.stepAlgorithms:206] 	Norm of achieved step-size    0.1867043158
2025-12-23:11:27:04,564 INFO     [psi4.optking.stepAlgorithms:208] 	Norm of achieved step-size (cart):    0.1320198878
2025-12-23:11:27:04,564 INFO     [psi4.optking.opt_helper:164] Molsys:

	                            ===> Fragment 1 <== 

	 Z (Atomic Numbers)          Masses                          Geom                  
	      11.000000            22.989769          0.00000000  0.00000000  2.78795851   
	      16.000000            31.972071          0.00000000  0.00000000 -2.03093005   

	 - Coordinate -           - BOHR/RAD -       - ANG/DEG -
	 R(1,2)           =         4.818889           2.550046

2025-12-23:11:27:04,565 INFO     [psi4.optking.convcheck:76] Performing convergence check.
2025-12-23:11:27:04,565 INFO     [psi4.optking.convcheck:282] 
	                                 ==> Convergence Check <==                                  
    
	Measures of convergence in internal coordinates in au.
    
	Criteria marked as inactive (o), active & met (*), and active & unmet ( ).

	----------------------------------------------------------------------------------------------
	   Step    Total Energy     Delta E     Max Force     RMS Force      Max Disp      RMS Disp   
	----------------------------------------------------------------------------------------------
	  Convergence Criteria     1.00e-06 *    3.00e-04 *             o    1.20e-03 *             o
	----------------------------------------------------------------------------------------------
	    11    -560.51369351   -4.62e-03      1.17e-02      1.17e-02 o    1.87e-01      1.87e-01 o  ~
	----------------------------------------------------------------------------------------------


2025-12-23:11:27:04,565 INFO     [psi4.optking.stepAlgorithms:296] 	Convergence check returned False
2025-12-23:11:27:04,575 INFO     [psi4.driver.task_planner:259] PLANNING Atomic:  keywords={'DAMPING_PERCENTAGE': 1.0, 'GEOM_MAXITER': 500, 'SCF__GUESS': 'READ', 'GUESS': 'SAP', 'MAXITER': 500, 'REFERENCE': 'UKS', 'function_kwargs': {}}
2025-12-23:11:27:04,577 INFO     [psi4.driver.driver:638] Compute gradient(): method=b3lyp, basis=cc-pvdz, molecule=default, nre=36.52294461648166
2025-12-23:11:27:05,321 INFO     [psi4.driver.driver:641] Return gradient(): -560.5151339028397
2025-12-23:11:27:05,321 INFO     [psi4.driver.driver:642] [[ 0.00000000  0.00000000 -0.00418767]
 [ 0.00000000 -0.00000000  0.00429509]]
2025-12-23:11:27:05,323 INFO     [psi4.optking.history:269] 	Performing BFGS update.
2025-12-23:11:27:05,323 INFO     [psi4.optking.history:280] 	Using 4 previous steps for update.
2025-12-23:11:27:05,323 WARNING  [psi4.optking.history:301] 	Change in internal coordinate of 7.24e-01 exceeds limit of 5.00e-01.
2025-12-23:11:27:05,323 WARNING  [psi4.optking.history:306] 	Skipping Hessian update for step 9.
2025-12-23:11:27:05,323 WARNING  [psi4.optking.history:301] 	Change in internal coordinate of 1.04e+00 exceeds limit of 5.00e-01.
2025-12-23:11:27:05,323 WARNING  [psi4.optking.history:306] 	Skipping Hessian update for step 8.
2025-12-23:11:27:05,323 WARNING  [psi4.optking.history:301] 	Change in internal coordinate of 1.38e+00 exceeds limit of 5.00e-01.
2025-12-23:11:27:05,323 WARNING  [psi4.optking.history:306] 	Skipping Hessian update for step 7.
2025-12-23:11:27:05,323 WARNING  [psi4.optking.history:301] 	Change in internal coordinate of 1.76e+00 exceeds limit of 5.00e-01.
2025-12-23:11:27:05,323 WARNING  [psi4.optking.history:306] 	Skipping Hessian update for step 6.
2025-12-23:11:27:05,324 WARNING  [psi4.optking.history:301] 	Change in internal coordinate of 2.11e+00 exceeds limit of 5.00e-01.
2025-12-23:11:27:05,324 WARNING  [psi4.optking.history:306] 	Skipping Hessian update for step 5.
2025-12-23:11:27:05,324 WARNING  [psi4.optking.history:301] 	Change in internal coordinate of 2.47e+00 exceeds limit of 5.00e-01.
2025-12-23:11:27:05,324 WARNING  [psi4.optking.history:306] 	Skipping Hessian update for step 4.
2025-12-23:11:27:05,324 WARNING  [psi4.optking.history:301] 	Change in internal coordinate of 2.53e+00 exceeds limit of 5.00e-01.
2025-12-23:11:27:05,324 WARNING  [psi4.optking.history:306] 	Skipping Hessian update for step 3.
2025-12-23:11:27:05,324 WARNING  [psi4.optking.history:301] 	Change in internal coordinate of 2.54e+00 exceeds limit of 5.00e-01.
2025-12-23:11:27:05,324 WARNING  [psi4.optking.history:306] 	Skipping Hessian update for step 2.
2025-12-23:11:27:05,324 WARNING  [psi4.optking.history:301] 	Change in internal coordinate of 2.55e+00 exceeds limit of 5.00e-01.
2025-12-23:11:27:05,324 WARNING  [psi4.optking.history:306] 	Skipping Hessian update for step 1.
2025-12-23:11:27:05,324 INFO     [psi4.optking.history:317] 	Steps to be used in Hessian update:  11 10

2025-12-23:11:27:05,324 INFO     [psi4.optking.history:418] 	Updated Hessian (in au) 
 	   0.051680

2025-12-23:11:27:05,324 INFO     [psi4.optking.molsys:944] Projected (PHP) Hessian matrix
	   0.051680

2025-12-23:11:27:05,324 INFO     [psi4.optking.opt_helper:182] 
	         Geometry (au)                                       Gradient (au)
   0.0000000000   0.0000000000   2.8032148624		   0.0000000000   0.0000000000  -0.0041876747
   0.0000000000   0.0000000000  -2.0156736979		   0.0000000000  -0.0000000000   0.0042950939

2025-12-23:11:27:05,324 INFO     [psi4.optking.stepAlgorithms:368] 	Current Step Report 
 
	Current energy:      -560.5151339028
	Energy change for the previous step:
		Actual       :        -0.0014403924
		Projected    :        -0.0010922671

2025-12-23:11:27:05,324 INFO     [psi4.optking.stepAlgorithms:371] 	Energy ratio =    1.31872
2025-12-23:11:27:05,324 INFO     [psi4.optking.stepAlgorithms:929] 	Using RFO solution 1.
2025-12-23:11:27:05,324 INFO     [psi4.optking.displace:100] 	Determining Cartesian step for fragment 1.
2025-12-23:11:27:05,325 INFO     [psi4.optking.displace:415] 	Successfully converged to displaced geometry.
2025-12-23:11:27:05,325 INFO     [psi4.optking.displace:416] 	RMS(dx):  0.000e+00 	Max(dx):  0.000e+00 	RMS(dq):  0.000e+00
2025-12-23:11:27:05,325 INFO     [psi4.optking.displace:172] 

	        --- Internal Coordinate Step in ANG or DEG, aJ/ANG or AJ/DEG ---
	-------------------------------------------------------------------------------
	           Coordinate      Previous         Force          Change          New 
	           ----------      --------        ------          ------        ------
	               R(1,2)       2.55005        0.03494        0.04314       2.59319
	-------------------------------------------------------------------------------

2025-12-23:11:27:05,325 INFO     [psi4.optking.stepAlgorithms:113] 	|target step| :    0.0815254160
2025-12-23:11:27:05,325 INFO     [psi4.optking.stepAlgorithms:114] 	gradient     :   -0.0042413843
2025-12-23:11:27:05,325 INFO     [psi4.optking.stepAlgorithms:115] 	hessian      :    0.0516795202
2025-12-23:11:27:05,325 INFO     [psi4.optking.stepAlgorithms:113] 	|target step| :    0.0815254160
2025-12-23:11:27:05,325 INFO     [psi4.optking.stepAlgorithms:114] 	gradient     :   -0.0042413843
2025-12-23:11:27:05,325 INFO     [psi4.optking.stepAlgorithms:115] 	hessian      :    0.0516795202
2025-12-23:11:27:05,325 INFO     [psi4.optking.stepAlgorithms:206] 	Norm of achieved step-size    0.0815254160
2025-12-23:11:27:05,325 INFO     [psi4.optking.stepAlgorithms:208] 	Norm of achieved step-size (cart):    0.0576471745
2025-12-23:11:27:05,325 INFO     [psi4.optking.opt_helper:164] Molsys:

	                            ===> Fragment 1 <== 

	 Z (Atomic Numbers)          Masses                          Geom                  
	      11.000000            22.989769          0.00000000  0.00000000  2.84397757   
	      16.000000            31.972071          0.00000000  0.00000000 -2.05643641   

	 - Coordinate -           - BOHR/RAD -       - ANG/DEG -
	 R(1,2)           =         4.900414           2.593187

2025-12-23:11:27:05,325 INFO     [psi4.optking.convcheck:76] Performing convergence check.
2025-12-23:11:27:05,325 INFO     [psi4.optking.convcheck:282] 
	                                 ==> Convergence Check <==                                  
    
	Measures of convergence in internal coordinates in au.
    
	Criteria marked as inactive (o), active & met (*), and active & unmet ( ).

	----------------------------------------------------------------------------------------------
	   Step    Total Energy     Delta E     Max Force     RMS Force      Max Disp      RMS Disp   
	----------------------------------------------------------------------------------------------
	  Convergence Criteria     1.00e-06 *    3.00e-04 *             o    1.20e-03 *             o
	----------------------------------------------------------------------------------------------
	    12    -560.51513390   -1.44e-03      4.24e-03      4.24e-03 o    8.15e-02      8.15e-02 o  ~
	----------------------------------------------------------------------------------------------


2025-12-23:11:27:05,325 INFO     [psi4.optking.stepAlgorithms:296] 	Convergence check returned False
2025-12-23:11:27:05,335 INFO     [psi4.driver.task_planner:259] PLANNING Atomic:  keywords={'DAMPING_PERCENTAGE': 1.0, 'GEOM_MAXITER': 500, 'SCF__GUESS': 'READ', 'GUESS': 'SAP', 'MAXITER': 500, 'REFERENCE': 'UKS', 'function_kwargs': {}}
2025-12-23:11:27:05,337 INFO     [psi4.driver.driver:638] Compute gradient(): method=b3lyp, basis=cc-pvdz, molecule=default, nre=35.91533304148799
2025-12-23:11:27:06,90 INFO     [psi4.driver.driver:641] Return gradient(): -560.5153716005776
2025-12-23:11:27:06,90 INFO     [psi4.driver.driver:642] [[ 0.00000000  0.00000000 -0.00168437]
 [ 0.00000000 -0.00000000  0.00177410]]
2025-12-23:11:27:06,91 INFO     [psi4.optking.history:269] 	Performing BFGS update.
2025-12-23:11:27:06,91 INFO     [psi4.optking.history:280] 	Using 4 previous steps for update.
2025-12-23:11:27:06,91 WARNING  [psi4.optking.history:301] 	Change in internal coordinate of 5.17e-01 exceeds limit of 5.00e-01.
2025-12-23:11:27:06,91 WARNING  [psi4.optking.history:306] 	Skipping Hessian update for step 10.
2025-12-23:11:27:06,92 WARNING  [psi4.optking.history:301] 	Change in internal coordinate of 8.06e-01 exceeds limit of 5.00e-01.
2025-12-23:11:27:06,92 WARNING  [psi4.optking.history:306] 	Skipping Hessian update for step 9.
2025-12-23:11:27:06,92 WARNING  [psi4.optking.history:301] 	Change in internal coordinate of 1.12e+00 exceeds limit of 5.00e-01.
2025-12-23:11:27:06,92 WARNING  [psi4.optking.history:306] 	Skipping Hessian update for step 8.
2025-12-23:11:27:06,92 WARNING  [psi4.optking.history:301] 	Change in internal coordinate of 1.47e+00 exceeds limit of 5.00e-01.
2025-12-23:11:27:06,92 WARNING  [psi4.optking.history:306] 	Skipping Hessian update for step 7.
2025-12-23:11:27:06,92 WARNING  [psi4.optking.history:301] 	Change in internal coordinate of 1.84e+00 exceeds limit of 5.00e-01.
2025-12-23:11:27:06,92 WARNING  [psi4.optking.history:306] 	Skipping Hessian update for step 6.
2025-12-23:11:27:06,92 WARNING  [psi4.optking.history:301] 	Change in internal coordinate of 2.19e+00 exceeds limit of 5.00e-01.
2025-12-23:11:27:06,92 WARNING  [psi4.optking.history:306] 	Skipping Hessian update for step 5.
2025-12-23:11:27:06,92 WARNING  [psi4.optking.history:301] 	Change in internal coordinate of 2.55e+00 exceeds limit of 5.00e-01.
2025-12-23:11:27:06,92 WARNING  [psi4.optking.history:306] 	Skipping Hessian update for step 4.
2025-12-23:11:27:06,92 WARNING  [psi4.optking.history:301] 	Change in internal coordinate of 2.61e+00 exceeds limit of 5.00e-01.
2025-12-23:11:27:06,92 WARNING  [psi4.optking.history:306] 	Skipping Hessian update for step 3.
2025-12-23:11:27:06,92 WARNING  [psi4.optking.history:301] 	Change in internal coordinate of 2.63e+00 exceeds limit of 5.00e-01.
2025-12-23:11:27:06,92 WARNING  [psi4.optking.history:306] 	Skipping Hessian update for step 2.
2025-12-23:11:27:06,92 WARNING  [psi4.optking.history:301] 	Change in internal coordinate of 2.63e+00 exceeds limit of 5.00e-01.
2025-12-23:11:27:06,92 WARNING  [psi4.optking.history:306] 	Skipping Hessian update for step 1.
2025-12-23:11:27:06,92 INFO     [psi4.optking.history:317] 	Steps to be used in Hessian update:  12 11

2025-12-23:11:27:06,92 INFO     [psi4.optking.history:418] 	Updated Hessian (in au) 
 	   0.037174

2025-12-23:11:27:06,92 INFO     [psi4.optking.molsys:944] Projected (PHP) Hessian matrix
	   0.037174

2025-12-23:11:27:06,92 INFO     [psi4.optking.opt_helper:182] 
	         Geometry (au)                                       Gradient (au)
   0.0000000000   0.0000000000   2.8506393369		   0.0000000000   0.0000000000  -0.0016843744
   0.0000000000   0.0000000000  -2.0497746394		   0.0000000000  -0.0000000000   0.0017741002

2025-12-23:11:27:06,92 INFO     [psi4.optking.stepAlgorithms:368] 	Current Step Report 
 
	Current energy:      -560.5153716006
	Energy change for the previous step:
		Actual       :        -0.0002376977
		Projected    :        -0.0001728903

2025-12-23:11:27:06,92 INFO     [psi4.optking.stepAlgorithms:371] 	Energy ratio =    1.37485
2025-12-23:11:27:06,92 INFO     [psi4.optking.stepAlgorithms:929] 	Using RFO solution 1.
2025-12-23:11:27:06,92 INFO     [psi4.optking.displace:100] 	Determining Cartesian step for fragment 1.
2025-12-23:11:27:06,93 INFO     [psi4.optking.displace:415] 	Successfully converged to displaced geometry.
2025-12-23:11:27:06,93 INFO     [psi4.optking.displace:416] 	RMS(dx):  2.564e-16 	Max(dx):  4.441e-16 	RMS(dq):  8.882e-16
2025-12-23:11:27:06,93 INFO     [psi4.optking.displace:172] 

	        --- Internal Coordinate Step in ANG or DEG, aJ/ANG or AJ/DEG ---
	-------------------------------------------------------------------------------
	           Coordinate      Previous         Force          Change          New 
	           ----------      --------        ------          ------        ------
	               R(1,2)       2.59319        0.01425        0.02456       2.61775
	-------------------------------------------------------------------------------

2025-12-23:11:27:06,93 INFO     [psi4.optking.stepAlgorithms:113] 	|target step| :    0.0464167336
2025-12-23:11:27:06,93 INFO     [psi4.optking.stepAlgorithms:114] 	gradient     :   -0.0017292373
2025-12-23:11:27:06,93 INFO     [psi4.optking.stepAlgorithms:115] 	hessian      :    0.0371743446
2025-12-23:11:27:06,93 INFO     [psi4.optking.stepAlgorithms:113] 	|target step| :    0.0464167336
2025-12-23:11:27:06,93 INFO     [psi4.optking.stepAlgorithms:114] 	gradient     :   -0.0017292373
2025-12-23:11:27:06,93 INFO     [psi4.optking.stepAlgorithms:115] 	hessian      :    0.0371743446
2025-12-23:11:27:06,93 INFO     [psi4.optking.stepAlgorithms:206] 	Norm of achieved step-size    0.0464167336
2025-12-23:11:27:06,93 INFO     [psi4.optking.stepAlgorithms:208] 	Norm of achieved step-size (cart):    0.0328215871
2025-12-23:11:27:06,93 INFO     [psi4.optking.opt_helper:164] Molsys:

	                            ===> Fragment 1 <== 

	 Z (Atomic Numbers)          Masses                          Geom                  
	      11.000000            22.989769          0.00000000  0.00000000  2.87384770   
	      16.000000            31.972071          0.00000000  0.00000000 -2.07298301   

	 - Coordinate -           - BOHR/RAD -       - ANG/DEG -
	 R(1,2)           =         4.946831           2.617750

2025-12-23:11:27:06,93 INFO     [psi4.optking.convcheck:76] Performing convergence check.
2025-12-23:11:27:06,93 INFO     [psi4.optking.convcheck:282] 
	                                 ==> Convergence Check <==                                  
    
	Measures of convergence in internal coordinates in au.
    
	Criteria marked as inactive (o), active & met (*), and active & unmet ( ).

	----------------------------------------------------------------------------------------------
	   Step    Total Energy     Delta E     Max Force     RMS Force      Max Disp      RMS Disp   
	----------------------------------------------------------------------------------------------
	  Convergence Criteria     1.00e-06 *    3.00e-04 *             o    1.20e-03 *             o
	----------------------------------------------------------------------------------------------
	    13    -560.51537160   -2.38e-04      1.73e-03      1.73e-03 o    4.64e-02      4.64e-02 o  ~
	----------------------------------------------------------------------------------------------


2025-12-23:11:27:06,93 INFO     [psi4.optking.stepAlgorithms:296] 	Convergence check returned False
2025-12-23:11:27:06,104 INFO     [psi4.driver.task_planner:259] PLANNING Atomic:  keywords={'DAMPING_PERCENTAGE': 1.0, 'GEOM_MAXITER': 500, 'SCF__GUESS': 'READ', 'GUESS': 'SAP', 'MAXITER': 500, 'REFERENCE': 'UKS', 'function_kwargs': {}}
2025-12-23:11:27:06,105 INFO     [psi4.driver.driver:638] Compute gradient(): method=b3lyp, basis=cc-pvdz, molecule=default, nre=35.578334962273765
2025-12-23:11:27:06,936 INFO     [psi4.driver.driver:641] Return gradient(): -560.5154189857927
2025-12-23:11:27:06,937 INFO     [psi4.driver.driver:642] [[-0.00000000  0.00000000 -0.00042959]
 [ 0.00000000  0.00000000  0.00052079]]
2025-12-23:11:27:06,938 INFO     [psi4.optking.history:269] 	Performing BFGS update.
2025-12-23:11:27:06,938 INFO     [psi4.optking.history:280] 	Using 4 previous steps for update.
2025-12-23:11:27:06,939 WARNING  [psi4.optking.history:301] 	Change in internal coordinate of 5.63e-01 exceeds limit of 5.00e-01.
2025-12-23:11:27:06,939 WARNING  [psi4.optking.history:306] 	Skipping Hessian update for step 10.
2025-12-23:11:27:06,939 WARNING  [psi4.optking.history:301] 	Change in internal coordinate of 8.52e-01 exceeds limit of 5.00e-01.
2025-12-23:11:27:06,939 WARNING  [psi4.optking.history:306] 	Skipping Hessian update for step 9.
2025-12-23:11:27:06,939 WARNING  [psi4.optking.history:301] 	Change in internal coordinate of 1.17e+00 exceeds limit of 5.00e-01.
2025-12-23:11:27:06,939 WARNING  [psi4.optking.history:306] 	Skipping Hessian update for step 8.
2025-12-23:11:27:06,939 WARNING  [psi4.optking.history:301] 	Change in internal coordinate of 1.51e+00 exceeds limit of 5.00e-01.
2025-12-23:11:27:06,939 WARNING  [psi4.optking.history:306] 	Skipping Hessian update for step 7.
2025-12-23:11:27:06,939 WARNING  [psi4.optking.history:301] 	Change in internal coordinate of 1.89e+00 exceeds limit of 5.00e-01.
2025-12-23:11:27:06,939 WARNING  [psi4.optking.history:306] 	Skipping Hessian update for step 6.
2025-12-23:11:27:06,939 WARNING  [psi4.optking.history:301] 	Change in internal coordinate of 2.23e+00 exceeds limit of 5.00e-01.
2025-12-23:11:27:06,939 WARNING  [psi4.optking.history:306] 	Skipping Hessian update for step 5.
2025-12-23:11:27:06,939 WARNING  [psi4.optking.history:301] 	Change in internal coordinate of 2.60e+00 exceeds limit of 5.00e-01.
2025-12-23:11:27:06,939 WARNING  [psi4.optking.history:306] 	Skipping Hessian update for step 4.
2025-12-23:11:27:06,939 WARNING  [psi4.optking.history:301] 	Change in internal coordinate of 2.66e+00 exceeds limit of 5.00e-01.
2025-12-23:11:27:06,939 WARNING  [psi4.optking.history:306] 	Skipping Hessian update for step 3.
2025-12-23:11:27:06,939 WARNING  [psi4.optking.history:301] 	Change in internal coordinate of 2.67e+00 exceeds limit of 5.00e-01.
2025-12-23:11:27:06,939 WARNING  [psi4.optking.history:306] 	Skipping Hessian update for step 2.
2025-12-23:11:27:06,939 WARNING  [psi4.optking.history:301] 	Change in internal coordinate of 2.68e+00 exceeds limit of 5.00e-01.
2025-12-23:11:27:06,939 WARNING  [psi4.optking.history:306] 	Skipping Hessian update for step 1.
2025-12-23:11:27:06,939 INFO     [psi4.optking.history:317] 	Steps to be used in Hessian update:  13 12 11

2025-12-23:11:27:06,939 INFO     [psi4.optking.history:418] 	Updated Hessian (in au) 
 	   0.035676

2025-12-23:11:27:06,939 INFO     [psi4.optking.molsys:944] Projected (PHP) Hessian matrix
	   0.035676

2025-12-23:11:27:06,939 INFO     [psi4.optking.opt_helper:182] 
	         Geometry (au)                                       Gradient (au)
   0.0000000000   0.0000000000   2.8776406000		  -0.0000000000   0.0000000000  -0.0004295889
   0.0000000000   0.0000000000  -2.0691901100		   0.0000000000   0.0000000000   0.0005207858

2025-12-23:11:27:06,940 INFO     [psi4.optking.stepAlgorithms:368] 	Current Step Report 
 
	Current energy:      -560.5154189858
	Energy change for the previous step:
		Actual       :        -0.0000473852
		Projected    :        -0.0000401328

2025-12-23:11:27:06,940 INFO     [psi4.optking.stepAlgorithms:371] 	Energy ratio =    1.18071
2025-12-23:11:27:06,940 INFO     [psi4.optking.stepAlgorithms:929] 	Using RFO solution 1.
2025-12-23:11:27:06,940 INFO     [psi4.optking.displace:100] 	Determining Cartesian step for fragment 1.
2025-12-23:11:27:06,940 INFO     [psi4.optking.displace:415] 	Successfully converged to displaced geometry.
2025-12-23:11:27:06,940 INFO     [psi4.optking.displace:416] 	RMS(dx):  0.000e+00 	Max(dx):  0.000e+00 	RMS(dq):  0.000e+00
2025-12-23:11:27:06,940 INFO     [psi4.optking.displace:172] 

	        --- Internal Coordinate Step in ANG or DEG, aJ/ANG or AJ/DEG ---
	-------------------------------------------------------------------------------
	           Coordinate      Previous         Force          Change          New 
	           ----------      --------        ------          ------        ------
	               R(1,2)       2.61775        0.00391        0.00705       2.62480
	-------------------------------------------------------------------------------

2025-12-23:11:27:06,940 INFO     [psi4.optking.stepAlgorithms:113] 	|target step| :    0.0133171764
2025-12-23:11:27:06,940 INFO     [psi4.optking.stepAlgorithms:114] 	gradient     :   -0.0004751873
2025-12-23:11:27:06,940 INFO     [psi4.optking.stepAlgorithms:115] 	hessian      :    0.0356759592
2025-12-23:11:27:06,940 INFO     [psi4.optking.stepAlgorithms:113] 	|target step| :    0.0133171764
2025-12-23:11:27:06,940 INFO     [psi4.optking.stepAlgorithms:114] 	gradient     :   -0.0004751873
2025-12-23:11:27:06,940 INFO     [psi4.optking.stepAlgorithms:115] 	hessian      :    0.0356759592
2025-12-23:11:27:06,940 INFO     [psi4.optking.stepAlgorithms:206] 	Norm of achieved step-size    0.0133171764
2025-12-23:11:27:06,940 INFO     [psi4.optking.stepAlgorithms:208] 	Norm of achieved step-size (cart):    0.0094166658
2025-12-23:11:27:06,940 INFO     [psi4.optking.opt_helper:164] Molsys:

	                            ===> Fragment 1 <== 

	 Z (Atomic Numbers)          Masses                          Geom                  
	      11.000000            22.989769          0.00000000  0.00000000  2.88429919   
	      16.000000            31.972071          0.00000000  0.00000000 -2.07584870   

	 - Coordinate -           - BOHR/RAD -       - ANG/DEG -
	 R(1,2)           =         4.960148           2.624797

2025-12-23:11:27:06,941 INFO     [psi4.optking.convcheck:76] Performing convergence check.
2025-12-23:11:27:06,941 INFO     [psi4.optking.convcheck:282] 
	                                 ==> Convergence Check <==                                  
    
	Measures of convergence in internal coordinates in au.
    
	Criteria marked as inactive (o), active & met (*), and active & unmet ( ).

	----------------------------------------------------------------------------------------------
	   Step    Total Energy     Delta E     Max Force     RMS Force      Max Disp      RMS Disp   
	----------------------------------------------------------------------------------------------
	  Convergence Criteria     1.00e-06 *    3.00e-04 *             o    1.20e-03 *             o
	----------------------------------------------------------------------------------------------
	    14    -560.51541899   -4.74e-05      4.75e-04      4.75e-04 o    1.33e-02      1.33e-02 o  ~
	----------------------------------------------------------------------------------------------


2025-12-23:11:27:06,941 INFO     [psi4.optking.stepAlgorithms:296] 	Convergence check returned False
2025-12-23:11:27:06,951 INFO     [psi4.driver.task_planner:259] PLANNING Atomic:  keywords={'DAMPING_PERCENTAGE': 1.0, 'GEOM_MAXITER': 500, 'SCF__GUESS': 'READ', 'GUESS': 'SAP', 'MAXITER': 500, 'REFERENCE': 'UKS', 'function_kwargs': {}}
2025-12-23:11:27:06,952 INFO     [psi4.driver.driver:638] Compute gradient(): method=b3lyp, basis=cc-pvdz, molecule=default, nre=35.48281301926137
2025-12-23:11:27:07,754 INFO     [psi4.driver.driver:641] Return gradient(): -560.5154219363653
2025-12-23:11:27:07,754 INFO     [psi4.driver.driver:642] [[ 0.00000000  0.00000000 -0.00009042]
 [ 0.00000000 -0.00000000  0.00018274]]
2025-12-23:11:27:07,756 INFO     [psi4.optking.history:269] 	Performing BFGS update.
2025-12-23:11:27:07,756 INFO     [psi4.optking.history:280] 	Using 4 previous steps for update.
2025-12-23:11:27:07,756 INFO     [psi4.optking.history:317] 	Steps to be used in Hessian update:  14 13 12 11

2025-12-23:11:27:07,756 INFO     [psi4.optking.history:418] 	Updated Hessian (in au) 
 	   0.035260

2025-12-23:11:27:07,756 INFO     [psi4.optking.molsys:944] Projected (PHP) Hessian matrix
	   0.035260

2025-12-23:11:27:07,756 INFO     [psi4.optking.opt_helper:182] 
	         Geometry (au)                                       Gradient (au)
   0.0000000000   0.0000000000   2.8853873877		   0.0000000000   0.0000000000  -0.0000904241
   0.0000000000   0.0000000000  -2.0747604987		   0.0000000000  -0.0000000000   0.0001827386

2025-12-23:11:27:07,756 INFO     [psi4.optking.stepAlgorithms:368] 	Current Step Report 
 
	Current energy:      -560.5154219364
	Energy change for the previous step:
		Actual       :        -0.0000029506
		Projected    :        -0.0000031641

2025-12-23:11:27:07,756 INFO     [psi4.optking.stepAlgorithms:371] 	Energy ratio =    0.93252
2025-12-23:11:27:07,757 INFO     [psi4.optking.stepAlgorithms:929] 	Using RFO solution 1.
2025-12-23:11:27:07,757 INFO     [psi4.optking.displace:100] 	Determining Cartesian step for fragment 1.
2025-12-23:11:27:07,757 INFO     [psi4.optking.displace:415] 	Successfully converged to displaced geometry.
2025-12-23:11:27:07,757 INFO     [psi4.optking.displace:416] 	RMS(dx):  2.564e-16 	Max(dx):  4.441e-16 	RMS(dq):  8.882e-16
2025-12-23:11:27:07,757 INFO     [psi4.optking.displace:172] 

	        --- Internal Coordinate Step in ANG or DEG, aJ/ANG or AJ/DEG ---
	-------------------------------------------------------------------------------
	           Coordinate      Previous         Force          Change          New 
	           ----------      --------        ------          ------        ------
	               R(1,2)       2.62480        0.00113        0.00205       2.62685
	-------------------------------------------------------------------------------

2025-12-23:11:27:07,757 INFO     [psi4.optking.stepAlgorithms:113] 	|target step| :    0.0038735173
2025-12-23:11:27:07,757 INFO     [psi4.optking.stepAlgorithms:114] 	gradient     :   -0.0001365814
2025-12-23:11:27:07,757 INFO     [psi4.optking.stepAlgorithms:115] 	hessian      :    0.0352597634
2025-12-23:11:27:07,757 INFO     [psi4.optking.stepAlgorithms:113] 	|target step| :    0.0038735173
2025-12-23:11:27:07,757 INFO     [psi4.optking.stepAlgorithms:114] 	gradient     :   -0.0001365814
2025-12-23:11:27:07,757 INFO     [psi4.optking.stepAlgorithms:115] 	hessian      :    0.0352597634
2025-12-23:11:27:07,757 INFO     [psi4.optking.stepAlgorithms:206] 	Norm of achieved step-size    0.0038735173
2025-12-23:11:27:07,757 INFO     [psi4.optking.stepAlgorithms:208] 	Norm of achieved step-size (cart):    0.0027389904
2025-12-23:11:27:07,757 INFO     [psi4.optking.opt_helper:164] Molsys:

	                            ===> Fragment 1 <== 

	 Z (Atomic Numbers)          Masses                          Geom                  
	      11.000000            22.989769          0.00000000  0.00000000  2.88732415   
	      16.000000            31.972071          0.00000000  0.00000000 -2.07669726   

	 - Coordinate -           - BOHR/RAD -       - ANG/DEG -
	 R(1,2)           =         4.964021           2.626847

2025-12-23:11:27:07,757 INFO     [psi4.optking.convcheck:76] Performing convergence check.
2025-12-23:11:27:07,757 INFO     [psi4.optking.convcheck:282] 
	                                 ==> Convergence Check <==                                  
    
	Measures of convergence in internal coordinates in au.
    
	Criteria marked as inactive (o), active & met (*), and active & unmet ( ).

	----------------------------------------------------------------------------------------------
	   Step    Total Energy     Delta E     Max Force     RMS Force      Max Disp      RMS Disp   
	----------------------------------------------------------------------------------------------
	  Convergence Criteria     1.00e-06 *    3.00e-04 *             o    1.20e-03 *             o
	----------------------------------------------------------------------------------------------
	    15    -560.51542194   -2.95e-06      1.37e-04 *    1.37e-04 o    3.87e-03      3.87e-03 o  ~
	----------------------------------------------------------------------------------------------


2025-12-23:11:27:07,758 INFO     [psi4.optking.stepAlgorithms:296] 	Convergence check returned False
2025-12-23:11:27:07,768 INFO     [psi4.driver.task_planner:259] PLANNING Atomic:  keywords={'DAMPING_PERCENTAGE': 1.0, 'GEOM_MAXITER': 500, 'SCF__GUESS': 'READ', 'GUESS': 'SAP', 'MAXITER': 500, 'REFERENCE': 'UKS', 'function_kwargs': {}}
2025-12-23:11:27:07,769 INFO     [psi4.driver.driver:638] Compute gradient(): method=b3lyp, basis=cc-pvdz, molecule=default, nre=35.45512512660253
2025-12-23:11:27:08,534 INFO     [psi4.driver.driver:641] Return gradient(): -560.5154219450668
2025-12-23:11:27:08,534 INFO     [psi4.driver.driver:642] [[ 0.00000000  0.00000000  0.00000656]
 [ 0.00000000  0.00000000  0.00008608]]
2025-12-23:11:27:08,535 INFO     [psi4.optking.history:269] 	Performing BFGS update.
2025-12-23:11:27:08,535 INFO     [psi4.optking.history:280] 	Using 4 previous steps for update.
2025-12-23:11:27:08,536 INFO     [psi4.optking.history:317] 	Steps to be used in Hessian update:  15 14 13 12

2025-12-23:11:27:08,536 INFO     [psi4.optking.history:418] 	Updated Hessian (in au) 
 	   0.028950

2025-12-23:11:27:08,536 INFO     [psi4.optking.molsys:944] Projected (PHP) Hessian matrix
	   0.028950

2025-12-23:11:27:08,536 INFO     [psi4.optking.opt_helper:182] 
	         Geometry (au)                                       Gradient (au)
   0.0000000000   0.0000000000   2.8876406669		   0.0000000000   0.0000000000   0.0000065568
   0.0000000000   0.0000000000  -2.0763807368		   0.0000000000   0.0000000000   0.0000860821

2025-12-23:11:27:08,536 INFO     [psi4.optking.stepAlgorithms:368] 	Current Step Report 
 
	Current energy:      -560.5154219451
	Energy change for the previous step:
		Actual       :        -0.0000000087
		Projected    :        -0.0000002645

2025-12-23:11:27:08,536 INFO     [psi4.optking.stepAlgorithms:371] 	Energy ratio =    0.03289
2025-12-23:11:27:08,536 WARNING  [psi4.optking.stepAlgorithms:418] 	Energy ratio indicates iffy step.
2025-12-23:11:27:08,536 WARNING  [psi4.optking.stepAlgorithms:419] 	Intrafrag trust radius decreased to   0.25.
2025-12-23:11:27:08,536 INFO     [psi4.optking.stepAlgorithms:929] 	Using RFO solution 1.
2025-12-23:11:27:08,536 INFO     [psi4.optking.displace:100] 	Determining Cartesian step for fragment 1.
2025-12-23:11:27:08,537 INFO     [psi4.optking.displace:415] 	Successfully converged to displaced geometry.
2025-12-23:11:27:08,537 INFO     [psi4.optking.displace:416] 	RMS(dx):  2.564e-16 	Max(dx):  4.441e-16 	RMS(dq):  8.882e-16
2025-12-23:11:27:08,537 INFO     [psi4.optking.displace:172] 

	        --- Internal Coordinate Step in ANG or DEG, aJ/ANG or AJ/DEG ---
	-------------------------------------------------------------------------------
	           Coordinate      Previous         Force          Change          New 
	           ----------      --------        ------          ------        ------
	               R(1,2)       2.62685        0.00033        0.00073       2.62757
	-------------------------------------------------------------------------------

2025-12-23:11:27:08,537 INFO     [psi4.optking.stepAlgorithms:113] 	|target step| :    0.0013734821
2025-12-23:11:27:08,537 INFO     [psi4.optking.stepAlgorithms:114] 	gradient     :   -0.0000397626
2025-12-23:11:27:08,537 INFO     [psi4.optking.stepAlgorithms:115] 	hessian      :    0.0289501781
2025-12-23:11:27:08,537 INFO     [psi4.optking.stepAlgorithms:113] 	|target step| :    0.0013734821
2025-12-23:11:27:08,537 INFO     [psi4.optking.stepAlgorithms:114] 	gradient     :   -0.0000397626
2025-12-23:11:27:08,537 INFO     [psi4.optking.stepAlgorithms:115] 	hessian      :    0.0289501781
2025-12-23:11:27:08,537 INFO     [psi4.optking.stepAlgorithms:206] 	Norm of achieved step-size    0.0013734821
2025-12-23:11:27:08,537 INFO     [psi4.optking.stepAlgorithms:208] 	Norm of achieved step-size (cart):    0.0009711985
2025-12-23:11:27:08,537 INFO     [psi4.optking.opt_helper:164] Molsys:

	                            ===> Fragment 1 <== 

	 Z (Atomic Numbers)          Masses                          Geom                  
	      11.000000            22.989769          0.00000000  0.00000000  2.88832741   
	      16.000000            31.972071          0.00000000  0.00000000 -2.07706748   

	 - Coordinate -           - BOHR/RAD -       - ANG/DEG -
	 R(1,2)           =         4.965395           2.627574

2025-12-23:11:27:08,537 INFO     [psi4.optking.convcheck:76] Performing convergence check.
2025-12-23:11:27:08,537 INFO     [psi4.optking.convcheck:282] 
	                                 ==> Convergence Check <==                                  
    
	Measures of convergence in internal coordinates in au.
    
	Criteria marked as inactive (o), active & met (*), and active & unmet ( ).

	----------------------------------------------------------------------------------------------
	   Step    Total Energy     Delta E     Max Force     RMS Force      Max Disp      RMS Disp   
	----------------------------------------------------------------------------------------------
	  Convergence Criteria     1.00e-06 *    3.00e-04 *             o    1.20e-03 *             o
	----------------------------------------------------------------------------------------------
	    16    -560.51542195   -8.70e-09 *    3.98e-05 *    3.98e-05 o    1.37e-03      1.37e-03 o  ~
	----------------------------------------------------------------------------------------------


2025-12-23:11:27:08,537 INFO     [psi4.optking.convcheck:206] 
	                      ===> Final Convergence Report <===                     

	----------------------------------------------------------------------------
	|   Required Criteria    |  One or More Criteria  |   Alternate Criteria   |
	----------------------------------------------------------------------------
	| [x]     max_force      | [x]       max_DE       |                        |
	|                        | [ ]      max_disp      |                        |
	----------------------------------------------------------------------------


2025-12-23:11:27:08,537 INFO     [psi4.optking.stepAlgorithms:296] 	Convergence check returned True
2025-12-23:11:27:08,537 INFO     [psi4.optking.optimize:332] 	Converged in 16 steps!
2025-12-23:11:27:08,537 INFO     [psi4.optking.optimize:333] 	Final energy is   -560.5154219450668
2025-12-23:11:27:08,537 INFO     [psi4.optking.optimize:334] 	Final structure (Angstroms): 
	Fragment 1 (Ang)

	   Na   0.0000000000   0.0000000000   1.5284370413
	    S   0.0000000000   0.0000000000  -1.0991367743


2025-12-23:11:27:08,538 INFO     [psi4.optking.optimize:562] 	Optimization Finished

	==> Optimization Summary <==

        
	Measures of convergence in internal coordinates in au. (Any backward steps not shown.)
        
	---------------------------------------------------------------------------------------------------------------  ~
        
	 Step         Total Energy             Delta E       MAX Force       RMS Force        MAX Disp        RMS Disp   ~
        
	---------------------------------------------------------------------------------------------------------------  ~
        
	     1    -559.579818324449   -559.579818324449      1.66317159      1.66317159      0.00763502      0.00763502  ~
	     2    -559.592425860732     -0.012607536283      1.63918059      1.63918059      0.01504723      0.01504723  ~
	     3    -559.616745790106     -0.024319929374      1.59327066      1.59327066      0.05831741      0.05831741  ~
	     4    -559.704824386984     -0.088078596878      1.43112015      1.43112015      0.36459368      0.36459368  ~
	     5    -560.093157517739     -0.388333130755      0.77629381      0.77629381      0.34390365      0.34390365  ~
	     6    -560.296672801375     -0.203515283637      0.43613361      0.43613361      0.37760023      0.37760023  ~
	     7    -560.416600895381     -0.119928094006      0.22038789      0.22038789      0.34089907      0.34089907  ~
	     8    -560.471563245232     -0.054962349851      0.11246013      0.11246013      0.31905535      0.31905535  ~
	     9    -560.497540253147     -0.025977007915      0.05587335      0.05587335      0.28876394      0.28876394  ~
	    10    -560.509075392067     -0.011535138920      0.02674273      0.02674273      0.24869733      0.24869733  ~
	    11    -560.513693510410     -0.004618118342      0.01170050      0.01170050      0.18670432      0.18670432  ~
	    12    -560.515133902840     -0.001440392430      0.00424138      0.00424138      0.08152542      0.08152542  ~
	    13    -560.515371600578     -0.000237697738      0.00172924      0.00172924      0.04641673      0.04641673  ~
	    14    -560.515418985793     -0.000047385215      0.00047519      0.00047519      0.01331718      0.01331718  ~
	    15    -560.515421936365     -0.000002950573      0.00013658      0.00013658      0.00387352      0.00387352  ~
	    16    -560.515421945067     -0.000000008701      0.00003976      0.00003976      0.00137348      0.00137348  ~
	----------------------------------------------------------------------------------------------------------------


2025-12-23:11:27:08,538 INFO     [psi4.optking.optimize:806] Preparing OptimizationResult
